
proba init 0.05 proba clean 0.05
603 585 898 169 1038 662 254 698 1060 546 711 1187 1355 207 790 485 805 952 367 1262 826 600 900 1366 860 845 540 1255 409 1131 16 1230 736 530 396 941 1035 239 572 747 1251 1229 367 451 1184 1080 1336 567 814 564 657 221 805 1349 723 311 1035 223 1293 769 367 46 855 1091 308 732 748 1224 231 1364 1256 1123 744 403 1330 180 1361 689 662 751 812 208 1106 1118 1396 381 1067 1357 1009 431 167 1313 237 1131 712 1072 810 216 569 1355 1035 424 712 169 452 1301 754 106 701 644 447 904 1298 109 1219 288 1257 970 1239 374 1419 16 979 553 173 525 934 1024 70 103 633 16 1104 744 604 1229 1376 4 1417 178 811 1112 501 757 1156 25 1298 1031 684 102 125 1298 1372 1419 501 267 1044 95 1025 1114 1218 451 243 478 279 557 813 98 271 1107 1053 79 963 703 594 1229 388 833 77 502 367 273 1016 234 57 662 1404 427 734 1355 1324 1188 407 941 1257 4 1143 1208 864 1341 48 1129 25 180 1159 1188 994 550 714 712 1282 1423 1388 485 602 782 638 625 1290 1219 23 816 1199 626 1103 720 1413 1000 920 893 676 308 137 385 1224 1211 1249 64 244 1224 98 750 256 810 367 169 186 1128 339 16 1204 238 919 853 209 882 139 660 510 612 1192 805 832 367 79 129 604 534 869 1298 308 1352 16 1180 1088 720 744 1076 367 971 965 463 543 744 528 460 282 1172 600 1225 329 73 1201 330 544 393 1215 48 1371 1420 74 903 713 570 212 1260 60 730 107 550 670 72 901 1419 904 1408 790 899 1192 501 911 1188 595 864 1192 1297 446 1080 478 330 308 74 753 945 572 569 1357 179 744 1188 502 720 502 634 1279 1102 263 1188 431 1288 430 48 807 827 744 501 318 3 294 901 884 74 440 1290 59 810 990 367 1134 375 738 722 8 449 140 1261 18 19 1416 798 703 199 1327 578 510 1262 394 729 1236 1136 1063 1355 1247 891 319 363 300 501 128 149 367 106 188 783 1106 805 1192 1270 669 1355 928 1261 925 810 1196 919 885 410 292 191 234 591 1370 359 1394 897 1355 1212 606 810 1410 58 562 606 446 408 983 48 896 340 234 602 810 1192 1188 757 139 1188 917 64 43 971 400 387 1419 1344 17 186 1153 828 1188 726 1103 206 183 532 1248 1173 1236 1336 1005 594 942 931 624 744 307 1208 572 103 943 922 338 1026 55 602 810 1298 1342 1060 1354 74 442 805 888 1286 1325 723 400 553 529 257 6 121 124 859 164 367 77 1012 1255 805 991 1130 568 1048 738 261 858 1357 716 1215 1184 716 235 74 151 184 547 883 476 572 800 1419 720 560 414 385 523 7 1054 708 458 501 74 188 572 810 1236 1157 1192 441 1232 451 1006 1373 517 986 71 169 611 128 458 960 1075 884 280 541 885 793 13 1090 880 162 129 759 186 894 795 436 66 367 1229 316 1188 1407 500 367 740 486 744 110 633 931 1298 528 1355 1398 176 360 303 602 124 1384 904 393 16 417 1188 287 264 594 985 367 367 775 1160 367 1429 65 553 1253 810 1334 97 477 77 938 328 1296 74 810 744 475 1067 910 1294 440 805 248 819 1414 565 53 31 56 1322 604 367 1008 646 25 542 961 994 551 1188 168 1330 25 556 767 598 441 316 1275 645 392 758 213 875 367 508 1384 662 1276 400 792 1103 242 440 1192 750 1419 227 1300 750 1401 157 394 56 915 635 300 1301 329 327 1040 1070 457 1423 169 885 209 474 956 749 637 286 493 1192 1142 465 1192 1192 501 612 460 1335 39 439 77 514 1360 501 1346 416 367 384 164 270 97 228 16 99 681 963 409 920 564 1308 1355 1119 1271 355 1100 380 702 463 449 159 705 636 1352 971 348 587 1361 685 621 881 751 836 115 1030 1188 928 1230 1320 1226 901 29 1338 313 764 372 300 44 166 202 975 672 361 610 723 1244 367 48 842 1184 583 25 1083 1169 579 1060 1368 379 367 891 749 1109 1157 904 169 650 717 1135 1188 367 82 309 1106 998 883 74 575 882 367 764 403 212 367 262 600 227 1419 424 42 238 256 970 578 387 996 950 686 271 978 1213 502 131 772 1043 810 1083 1196 1154 1373 1204 1354 1271 1184 1135 1192 293 1355 367 956 496 892 76 683 1136 1267 418 1419 1022 129 48 367 1277 744 1153 1236 1343 367 712 562 1341 367 984 1337 1169 501 772 752 153 1259 367 1160 1124 904 1160 1159 367 258 994 1378 1386 529 339 823 636 1121 877 788 631 501 1034 767 586 779 1106 1051 671 1031 74 640 270 1030 400 826 74 367 77 1192 189 1419 1136 986 1003 367 308 1281 97 367 1244 1419 786 567 836 867 1418 967 1170 1000 245 351 1130 501 128 716 1188 110 710 491 253 818 1361 979 931 1119 234 363 1404 1141 1262 16 474 720 590 1298 419 1048 600 631 1202 117 28 1355 1226 604 1388 807 1147 1417 543 166 1024 129 343 367 1057 1268 1183 1130 1429 684 1306 169 1171 418 367 465 1419 950 1298 367 1192 675 68 16 1192 810 1150 610 693 1419 662 672 398 743 18 1419 501 1243 479 575 1265 206 1130 394 960 74 662 1338 509 1271 232 211 1025 1238 648 367 324 682 1192 833 212 864 367 1355 417 352 920 379 1298 810 1267 1184 510 1298 696 918 1355 169 172 631 1198 662 980 1003 327 1355 810 283 532 358 56 805 1383 1107 1190 443 604 7 230 2 981 428 1429 1403 1106 94 810 136 502 350 185 130 524 89 383 1106 805 1163 662 571 24 1089 565 810 84 194 620 761 1276 293 567 604 74 1313 271 1222 703 1379 383 882 690 1278 139 669 16 484 310 1413 1015 600 717 1257 553 14 1283 1267 504 475 1188 1190 77 604 1264 867 1133 975 834 638 373 4 1206 1361 1072 696 1308 572 474 662 1278 1124 999 518 1270 917 1085 1130 322 835 292 660 374 234 124 103 1328 662 334 5 1345 1069 1305 1188 810 553 596 47 150 394 436 810 532 1214 749 1361 397 947 922 469 76 810 465 237 744 59 79 988 716 744 1052 1357 862 421 212 1141 1249 305 501 619 673 307 1397 1280 501 645 1250 1134 1079 537 1156 1118 716 326 367 774 1235 1070 1361 1054 1135 25 953 1294 1419 1058 505 553 1002 512 49 1356 623 868 810 185 492 212 1361 520 523 612 834 957 673 348 469 83 38 726 734 1227 810 136 155 16 363 346 1058 868 568 501 405 465 758 821 25 115 696 90 156 690 129 219 728 805 16 869 331 1413 992 1298 829 1343 16 1180 314 1321 1372 1075 810 39 64 1220 314 977 367 280 169 100 689 541 544 133 1219 810 1275 133 376 226 901 894 616 1017 217 338 662 528 982 1013 847 564 768 1129 74 662 1050 735 633 908 216 499 702 876 370 825 810 1355 267 529 1426 169 1281 805 1354 38 1270 1193 559 646 663 744 831 904 432 367 810 662 904 295 16 339 19 118 511 1351 105 797 1090 869 1236 49 1094 1251 359 1021 25 856 153 502 747 936 600 46 430 764 1203 1260 994 488 527 969 48 1254 200 235 890 837 563 175 1130 1061 1359
464 247 810 1229 863 1196 923 602 783 593 321 923 197 918 1086 320 431 1364 877 1291 218 666 487 278 864 1276 271 447 1359 103 404 183 43 563 631 812 165 1316 1387 812 1305 562 738 303 1274 972 1069 633 157 59 119 1031 1396 791 60 270 515 961 1218 981 1387 108 43 260 119 802 584 942 49 1000 72 1299 1321 3 812 404 169 806 1252 235 1201 661 43 179 1410 768 823 1112 859 1045 923 1356 129 1134 1080 447 923 107 1171 652 521 710 1080 1403 202 1251 362 1013 431 439 390 1421 398 1301 1147 946 1406 419 1362 121 1387 866 1224 1258 615 399 724 299 617 688 90 419 337 1321 104 18 133 404 358 15 1230 16 307 478 840 990 525 517 190 227 278 398 984 948 431 1360 905 1256 771 1316 157 1239 447 1035 1274 517 1044 293 1400 1036 837 857 426 515 591 104 156 59 835 143 835 1397 256 786 1397 319 675 515 104 823 143 1085 731 576 108 278 404 585 1163 1349 465 457 337 1412 1289 74 1239 844 279 1401 447 1316 58 1148 1379 98 1318 1150 923 256 66 1405 1235 197 20 74 828 1095 1331 1077 515 748 1370 354 997 399 156 935 981 872 42 744 118 515 786 364 308 464 456 309 1356 359 992 211 515 43 447 185 366 147 691 206 343 660 469 999 104 1265 417 781 432 1216 1206 622 1083 603 398 314 254 119 224 150 665 1321 74 822 1412 1387 666 1396 1315 66 143 404 58 934 10 823 1425 1289 823 1251 1351 520 387 278 73 1122 415 1162 1024 739 666 1326 1332 1337 263 520 1267 130 1284 504 1284 1005 52 297 572 1068 867 197 446 1316 796 404 528 1039 6 1036 398 352 1369 510 179 615 197 680 54 1399 1299 866 125 547 1229 1239 1321 130 194 865 1199 212 615 355 317 143 357 515 693 858 404 268 149 716 806 1298 675 1251 649 43 1157 992 1405 825 537 630 557 326 1000 462 1258 431 317 823 1156 850 1320 528 669 1239 917 288 35 927 1069 1106 1425 1163 870 1116 726 1316 408 565 1239 100 1020 666 1156 1419 1316 398 786 1417 190 235 823 281 275 1315 206 515 55 829 919 1101 378 366 851 769 1114 385 1044 1217 515 1352 823 747 1399 469 1387 904 1305 991 289 43 1387 928 254 942 1080 1289 1199 101 126 388 781 1054 59 821 70 256 256 731 1386 765 488 1321 25 1073 1349 823 99 431 1349 203 295 834 515 1321 317 256 563 130 180 388 1387 1289 189 158 249 1258 1053 1084 1251 328 806 923 325 119 875 1059 1163 674 809 14 370 185 210 1086 513 404 302 948 1206 445 32 823 229 1217 256 23 672 51 1232 1430 397 823 1338 1347 752 1347 1414 524 151 256 455 704 278 515 1258 1073 1238 914 1239 507 1251 909 899 971 806 404 666 278 1240 256 212 902 1163 79 110 869 520 575 816 321 999 1406 278 907 410 1315 439 538 89 1251 1314 1311 436 715 43 1126 471 404 901 960 398 534 197 965 843 970 17 1223 659 932 366 565 797 101 145 850 515 515 272 1135 1015 1254 538 119 341 568 217 828 515 1120 830 1171 256 278 894 874 823 515 10 802 75 634 156 751 812 877 330 192 275 1392 746 275 758 104 256 761 733 309 404 103 1239 515 1273 1382 1232 1366 545 756 513 59 823 310 1078 256 284 74 1027 505 1289 1117 132 726 1163 826 1129 165 107 444 1412 372 202 785 1027 1412 225 1221 1315 988 679 556 695 934 475 278 514 1299 788 549 1269 1074 888 1129 850 868 317 503 842 361 166 1407 1353 130 1048 752 739 408 299 1243 81 351 256 1412 1316 1353 763 648 666 567 447 27 1027 1251 28 256 847 1196 876 178 1117 573 860 795 1207 923 413 422 923 1349 404 219 1258 835 250 235 1251 673 31 541 1239 666 399 456 891 391 119 797 49 91 119 669 1429 1128 279 515 1217 823 1053 923 666 384 1318 216 835 1245 1148 1349 666 547 11 964 751 785 1226 432 411 1350 1248 256 1410 812 948 1212 859 1025 1162 1304 54 1426 785 972 515 197 256 20 693 950 562 198 1231 1387 850 1412 93 387 187 1057 200 277 605 748 321 336 794 404 843 669 1332 13 615 1117 515 1272 438 567 187 515 336 227 1354 479 1308 515 197 146 515 1429 515 869 636 587 435 515 1076 198 999 516 480 66 1321 1167 830 850 1073 199 3 232 381 850 197 961 130 295 823 66 960 433 1362 188 204 964 1328 1364 429 823 1301 1396 515 478 1347 404 1349 599 1321 923 130 582 1085 306 236 119 866 672 1187 1117 1126 666 1303 783 1251 823 1353 902 471 964 1037 988 564 420 1318 1315 1251 374 447 399 956 187 1284 451 13 290 980 520 613 468 786 33 130 850 773 728 655 197 108 1169 665 1315 769 829 866 404 152 812 515 413 830 110 1273 1110 398 255 1261 244 1384 447 1229 823 197 582 104 812 852 1289 995 662 949 257 634 658 877 215 141 934 1356 695 143 923 1229 398 629 119 256 972 19 398 1353 698 74 500 25 450 515 526 666 1336 781 626 202 915 1380 47 391 130 221 1117 367 1124 1258 812 1112 678 582 33 256 630 1299 58 863 853 59 111 1413 417 561 275 431 74 1264 256 197 975 98 203 580 726 515 784 788 1376 1321 277 1354 340 515 1353 839 1356 917 367 923 25 197 515 786 698 769 484 1299 450 249 485 515 104 165 415 1315 112 629 1073 384 119 350 515 1414 1005 1111 824 59 404 183 892 119 350 1311 541 1256 495 42 1119 515 513 459 806 396 1289 591 1134 104 1316 711 1347 635 1139 835 984 996 759 498 492 117 866 582 1412 864 1057 666 570 278 37 29 500 1300 320 140 488 1247 1057 104 1236 843 343 184 798 1275 612 1289 573 536 12 1276 464 447 666 765 168 667 557 278 835 547 507 295 754 527 609 1069 1189 786 1269 615 351 1387 56 1089 467 278 1367 139 515 335 1237 836 1359 1224 404 515 1230 1047 415 202 28 1360 1093 74 812 129 914 515 1258 148 278 923 752 1321 806 278 923 1267 174 59 1348 210 130 1290 515 351 310 278 130 1386 399 249 1243 1018 443 512 709 1239 1225 494 526 550 415 1293 521 119 122 955 912 1192 225 893 666 1163 1058 80 293 733 515 822 547 607 228 55 816 403 926 1269 1366 1244 1251 1112 698 80 90 944 515 1412 673 402 567 987 1125 343 489 866 267 134 307 78 587 516 815 387 598 225 1299 1332 387 387 606 211 934 1420 77 398 1126 226 781 520 1132 1312 590 952 515 571 400 1076 1251 1425 684 108 1427 1387 397 479 1073 145 155 515 1251 345 1163 1326 1310 1239 1405 476 515 699 189 189 197 1382 1085 772 873 919 266 593 499 347 1424 515 727 256 1353 1212 172 143 515 28 275 1013 1382 515 1404 598 1117 11 877 365 311 143 1061 1321 1080 901 1115 119 515 533 511 362 1204 258 1025 1299 1405 867 259 519 759 1067 1258 741 694 256 558 143 1293 66 1048 589 662 213 666 365 1316 906 7 208 1239 582 443 759 1186 343 1371 415 1053 1073 31 546 256 1331 1198

proba init 0.05 proba clean 0.05
1148 1264 976 609 263 542 1274 983 293 1332 837 480 97 543 949 927 598 529 650 1040 1344 29 395 3 1266 1353 615 299 337 529 1050 1271 745 1397 465 896 1093 1371 885 376 769 126 878 748 874 277 1084 936 1176 656 794 1106 598 616 475 533 89 499 446 351 303 1068 471 761 293 1002 138 114 1047 1337 527 247 37 49 583 677 769 291 961 941 160 268 442 761 1129 920 359 266 1275 335 381 1390 78 914 1059 336 290 484 607 1047 1373 377 674 609 245 1 369 704 63 374 925 188 1144 309 569 1387 110 726 68 686 138 794 499 993 415 1393 1225 538 187 573 191 477 29 37 271 396 371 1404 245 1200 122 71 779 855 266 650 47 465 1011 673 477 1066 274 138 779 186 610 55 198 1371 1187 198 313 360 1124 138 997 917 124 565 15 686 334 278 21 1236 61 382 407 27 214 782 794 184 55 1230 1075 954 746 359 752 540 1047 1270 700 1302 655 9 880 198 723 316 910 1141 1360 1044 779 1293 647 556 1386 1371 1177 765 930 157 1363 650 914 263 1367 198 1376 97 440 1044 824 912 560 1028 684 794 954 348 114 1364 203 1371 299 36 907 879 1397 1088 408 794 787 32 562 632 571 277 716 846 154 695 1346 462 55 396 274 754 715 66 633 1175 667 111 854 1144 956 319 1377 234 332 160 12 509 266 50 4 1213 221 1430 1044 1356 1141 1246 29 348 64 104 66 138 138 29 155 359 909 344 359 833 520 498 1291 371 1106 1243 845 274 106 537 29 138 739 1200 711 989 170 779 751 924 1026 1280 1192 160 744 858 644 97 294 1371 1305 979 229 817 266 1343 37 299 1274 338 808 618 1109 1017 410 777 391 264 1045 636 965 779 37 779 794 223 1223 1160 1136 1047 1416 787 305 684 622 213 194 1341 1204 513 1371 744 999 833 1017 1110 247 371 55 178 160 488 944 193 962 456 899 689 618 359 1020 516 207 1370 233 779 299 662 1364 998 493 536 299 598 1363 264 1123 1371 224 1110 479 55 909 198 206 133 1371 1144 959 794 267 303 570 650 359 198 1199 684 401 906 1377 931 92 744 340 1141 751 744 197 765 684 1321 710 1352 1383 793 272 1095 1218 1383 1208 55 138 299 1418 1415 1140 99 1326 532 1105 674 657 349 303 513 1212 794 306 1151 839 214 33 37 267 55 198 1346 1213 1333 198 55 993 459 684 1144 451 122 644 1390 976 598 1153 604 577 991 756 506 1176 258 833 769 1371 794 449 197 139 419 1331 303 1370 1338 303 318 160 36 1415 1144 303 299 108 266 998 359 654 44 116 1088 335 1012 794 138 521 359 1047 565 122 782 245 133 217 779 1047 676 200 55 997 303 563 517 779 475 833 495 395 48 273 825 29 507 700 122 14 1421 170 869 66 1258 420 1029 199 517 277 827 33 1053 297 794 829 385 274 833 905 1206 946 47 55 1123 37 699 1340 1053 1144 138 1015 290 944 968 611 499 66 588 1361 278 121 13 760 55 122 55 1138 773 453 574 1272 774 1142 515 847 489 55 138 551 1103 771 1060 1249 55 359 684 744 156 386 464 96 783 598 1218 82 779 170 20 642 1047 256 1177 299 74 727 301 1309 564 779 55 379 1037 319 1286 1198 1230 233 303 359 686 160 779 842 1044 852 172 1114 1214 303 1019 214 1224 715 198 834 142 283 138 650 918 1282 1141 483 205 1372 1058 119 233 664 92 393 1389 392 513 122 609 621 160 809 284 29 28 263 1263 274 799 721 1295 391 547 1183 575 752 744 160 972 470 1129 779 1141 1371 385 1033 1204 1410 594 578 110 387 833 1318 68 329 489 540 418 1160 743 1203 285 1328 91 1057 214 454 198 1287 923 1373 1103 686 769 833 513 66 1030 651 29 1339 299 330 650 94 66 1045 1050 794 1210 757 640 233 55 1424 359 686 454 29 1010 695 797 299 338 414 198 29 422 1107 10 299 238 303 594 299 505 910 25 320 1346 609 324 794 719 214 841 1230 400 946 395 453 1047 1397 855 299 1321 473 588 66 1144 29 225 138 596 1367 1024 1129 892 1115 653 264 931 1019 1206 794 1024 1187 1176 973 243 55 698 1136 960 961 960 283 168 579 636 114 125 923 261 684 355 758 409 68 991 198 984 138 356 1206 131 214 1421 37 690 449 55 762 172 204 599 55 29 923 473 45 396 1047 676 1057 99 476 160 650 1191 122 66 625 362 595 442 779 1173 1181 280 198 1153 596 1078 649 1032 941 889 1061 299 794 409 214 1047 579 29 995 1154 1 359 946 915 840 470 138 55 833 174 47 737 833 594 214 207 138 941 28 794 686 1189 1043 971 467 922 481 608 461 214 303 1411 184 1259 1378 138 1389 214 1013 952 489 1178 735 29 950 952 744 122 1061 1140 1255 127 794 274 620 299 18 359 1045 775 1423 1182 30 1260 303 711 481 503 299 457 650 1371 259 1371 1343 1338 615 1251 609 1125 1384 1028 901 138 198 1231 626 186 1044 340 138 293 1293 387 29 1378 214 21 769 1371 1169 1287 138 779 720 1230 967 214 997 1117 760 379 1032 1147 55 812 690 513 536 643 303 125 66 429 308 1132 2 1367 55 266 97 1122 1390 1427 207 436 779 1056 1231 385 1269 1073 698 685 609 946 1215 1338 770 554 1094 967 1267 684 1134 203 790 485 598 134 1284 985 55 532 196 381 382 862 1109 919 228 1336 640 684 92 893 185 779 451 853 993 240 299 598 1181 1106 1406 1287 1311 744 55 214 1051 1371 859 516 689 627 940 1371 183 1062 35 784 1304 710 55 882 918 1236 277 794 779 1141 710 213 29 347 1206 72 46 122 185 1373 1417 1341 122 738 943 404 564 54 846 1334 188 274 679 67 769 111 1093 516 488 29 21 1206 559 795 1388 55 957 475 1417 686 115 604 782 34 360 957 55 1222 21 1023 1312 1165 1220 284 506 1197 200 619 1078 1103 891 181 684 490 260 317 769 999 1422 911 1044 299 1046 535 55 783 660 1059 336 303 37 1371 429 4 202 662 303 198 794 543 303 55 1155 217 592 779 1183 901 472 335 197 1168 266 1190 274 299 214 76 1423 48 779 862 299 278 73 1380 623 1185 648 29 1359 1296 476 31 831 684 830 1373 709 769 1373 837 587 705 744 393 117 1 425 1216 1292 331 256 684 1141 3 794 411 1250 1235 998 1047 779 1021 560 533 416 947 1373 1373 399 1230 972 303 778 715 598 921 1387 335 105 175 102 794 499 630 152 359 644 611 574 184 926 1030 583 833 1145 463 113 794 1144 473 10 198 230 636 55 833 1030 214 514 941 779 1257 1380 55 1216 21 434 839 355 1273 803 1101 627 720 303 921 570 937 55 1315 794 1379 1077 1097 549 1090 1070 754 1348 485 609 427 598 793 145 66 474 882 266 266 37 628 1232 794 1373 55 21 481 822 138 1197 399 712 802 1349 160 755 1367 483 446 1060 488 299 1047 778 757 318 987 1382 580 1228 29 260 1373 573 244 779 779 1032 1359 297 1021 275 1047 646 863 198 1211 1373 232 873 657
716 1409 415 1402 1064 542 897 929 1247 462 278 143 965 867 711 913 31 582 218 1368 950 934 1002 173 201 116 1256 982 1042 1220 150 298 1007 1247 489 1360 1045 756 34 1007 385 418 1218 986 1354 1223 409 60 597 422 181 1397 1115 208 180 902 1389 457 366 663 150 336 181 511 1265 1136 150 189 1020 665 610 890 929 160 456 1113 385 519 317 1396 828 959 189 684 317 800 1414 652 549 682 801 1023 389 917 159 982 31 19 704 965 602 1179 1218 167 948 1390 1077 409 874 536 1384 821 929 981 125 819 294 1045 147 48 150 1356 547 501 640 307 646 1044 511 38 71 863 1147 1149 1249 526 1234 673 1043 394 503 391 183 1357 1177 982 675 565 815 59 1090 929 802 423 1356 411 494 939 781 936 231 325 982 1247 242 143 117 1003 631 1343 1101 1395 965 1329 1149 431 658 751 1337 526 117 783 1356 892 257 542 313 515 466 654 693 117 1203 875 166 869 1376 1199 680 291 126 1077 1189 964 1406 117 66 666 1291 263 982 380 1302 313 161 148 999 389 1261 1034 1216 31 1356 17 389 910 1357 1144 79 743 1149 181 1250 1 947 1170 484 247 793 929 732 521 224 85 79 696 1307 1101 1223 1265 1023 949 1087 298 1327 890 982 79 1044 477 1384 735 1376 117 143 1354 944 535 700 150 1045 259 669 982 341 828 929 1240 11 93 417 150 382 929 281 994 249 143 934 1089 455 1333 1218 150 1362 31 1266 654 1110 280 654 757 988 1046 215 1354 847 777 931 802 318 815 934 150 501 180 1138 162 773 434 1075 1051 488 433 484 1430 117 795 464 381 687 954 400 1056 385 217 782 219 929 117 1007 695 44 928 965 1103 970 117 890 1045 78 639 25 76 929 1265 860 718 1276 1389 833 1021 581 500 1427 1075 1106 828 55 785 1176 1423 851 367 498 667 389 408 941 276 1007 1091 828 986 359 1051 434 986 501 890 644 965 403 1381 730 709 189 622 943 1288 560 673 143 986 982 80 1266 1218 1058 837 210 259 585 1085 456 934 455 90 59 150 323 824 1253 143 1376 761 965 79 1366 843 986 218 143 1045 1098 143 309 11 116 143 581 1122 222 914 117 942 172 117 150 862 1119 350 469 136 1352 1281 493 1045 986 1368 117 1402 1333 986 19 592 776 463 566 235 481 43 685 117 1030 929 1300 1167 1276 444 51 1007 878 215 437 123 627 929 1144 424 319 331 1148 67 1291 888 1248 1361 143 501 678 746 143 1265 851 418 1303 1335 314 1156 207 271 232 1417 893 1348 828 318 11 204 1160 1117 916 79 1384 654 740 389 222 102 486 969 279 802 1399 965 433 512 897 1361 59 69 378 1356 1242 929 1162 117 1030 1243 914 99 924 1290 210 1247 986 219 153 1189 934 313 174 1218 1360 564 555 346 968 946 556 708 1321 389 1030 1045 740 773 651 11 200 1218 802 585 117 251 762 197 107 1030 929 957 570 1121 929 206 1292 389 154 142 879 885 1176 815 445 1369 597 321 117 726 1023 136 138 518 624 143 261 117 90 389 728 468 1081 459 134 49 1007 989 374 1381 654 1074 1340 1357 1202 1353 359 541 212 582 126 981 40 474 982 965 180 580 811 1044 452 657 13 358 1356 554 117 74 31 1217 125 903 1204 776 654 1349 828 181 423 800 583 117 96 731 542 1165 11 454 76 1176 491 534 1045 150 982 1167 625 773 1016 126 922 1030 982 497 1042 965 872 1333 986 903 143 1198 218 73 372 431 31 225 701 260 914 1149 260 493 624 518 218 1085 248 117 828 712 1176 31 214 589 1149 1218 708 90 656 762 982 491 690 1422 1381 890 788 117 948 965 317 781 1422 1129 1123 50 1091 389 796 595 101 260 7 548 1407 385 332 1357 236 414 55 934 1294 829 992 1202 318 793 1333 418 1376 621 1276 593 136 868 1218 654 663 1226 934 180 827 180 347 718 968 892 934 744 629 389 798 784 1328 1062 824 1394 416 1115 800 1007 1049 962 370 179 117 1198 758 1225 848 864 91 654 1176 343 1023 5 925 867 910 150 934 9 74 914 1115 393 155 435 279 1093 1241 1147 195 487 646 1218 854 3 718 730 860 612 385 767 1139 662 242 920 339 968 914 766 965 497 254 249 306 64 180 1038 866 300 1164 23 1216 362 117 143 929 364 501 532 70 686 389 1174 77 934 96 180 320 1034 965 296 319 1393 1202 828 475 277 31 134 733 1063 734 890 143 43 1265 1116 961 475 689 1226 1181 5 70 697 705 112 981 238 143 965 1134 934 1280 1020 552 654 227 375 371 1357 176 605 913 1396 135 150 840 399 982 203 166 1412 1026 890 186 924 137 351 224 921 287 1417 326 517 1341 117 822 344 336 382 551 1376 1291 1339 323 1091 389 1217 139 1321 929 744 14 1051 929 641 890 802 1336 982 945 654 965 31 738 1265 376 990 702 418 982 26 640 1043 466 1374 986 72 1023 1384 622 1351 673 929 1001 1391 644 1308 948 929 1279 1404 789 31 578 195 963 366 31 181 150 523 1376 1149 1149 527 840 204 873 222 519 143 631 1417 1323 1291 654 542 218 279 890 256 480 1086 776 576 702 175 1053 790 463 122 481 514 411 825 428 1367 1155 929 1385 890 1156 1040 929 600 1137 965 218 1187 1169 777 542 1305 1388 758 965 964 165 545 427 986 890 258 986 480 898 323 992 360 83 674 1237 440 96 1309 143 1007 386 525 922 809 804 487 169 85 810 530 1019 542 895 374 1139 120 1269 536 1291 851 76 1218 532 1030 944 901 1049 263 180 1007 24 150 1198 1243 255 982 883 1356 1361 1253 143 989 934 225 1234 501 54 114 890 624 276 1005 690 802 944 756 208 1376 1136 143 1030 802 1056 1247 385 1049 1336 31 982 934 523 365 879 820 161 1050 1084 1311 202 924 324 784 345 280 1330 1247 674 557 523 1012 751 1202 646 64 986 218 621 53 1362 41 717 487 1199 1176 301 982 385 1305 117 53 123 266 181 1157 248 501 654 368 1226 1105 929 851 1158 15 662 1395 776 1397 1092 386 1293 218 700 895 227 737 890 982 1153 1317 505 1291 117 910 1101 218 640 1007 143 840 1356 223 474 957 390 820 195 426 284 56 859 1094 114 677 1376 1023 1291 89 1423 385 738 70 127 1253 143 180 31 1328 117 928 117 1338 389 89 1058 173 1323 1276 129 1227 18 863 934 353 1378 684 389 764 1170 230 855 582 40 890 986 829 1193 796 886 306 136 942 929 1409 1209 453 45 543 144 134 1235 549 599 1138 1331 464 143 1244 336 181 150 27 810 204 677 1376 1007 173 87 164 486 538 1356 516 754 600 1001 523 669 977 455 90 844 1352 669 654 542 1026 1221 525 847 723 1374 1154 1256 263 767 364 965 1270 1059 1239 1198 492 1169 1210 366 143 1158 143 283 989 929 1057 827 976 1291 239 523 163 674 591 741 1045 890 842 737 828 180 137 475 613 1302 701 1149 698 866 982 62 103 1007 986 513 934 117 674 1302 590 300 1087 701 729 585 880 1376 974 627 1000 1176 308 540 1417 497 730
710 803 1391 1174 508 741 825 508 475 825 1291 1086 301 42 506 753 489 998 454 553 1003 228 493 807 388 532 228 810 1150 1069 741 415 648 1043 1159 437 282 1009 728 648 512 125 1127 514 745 526 1336 925 325 420 853 1235 929 627 1163 1340 1127 284 881 931 382 951 277 293 833 1422 564 343 1009 588 435 31 721 203 442 285 1017 756 741 925 317 1286 145 924 676 564 887 176 317 710 648 709 1174 1086 1096 95 1127 820 1016 1009 777 1174 1372 516 619 467 67 156 818 690 227 10 721 1428 1034 468 935 464 1111 491 741 1325 255 148 314 207 252 3 1007 59 627 114 1193 721 884 486 204 250 273 542 317 583 1325 457 781 489 325 776 850 103 956 1375 317 100 1325 1042 317 1052 887 1009 1409 741 814 691 1275 829 170 332 338 375 21 491 957 1012 423 474 1408 938 846 825 588 1355 826 1060 560 741 419 1362 526 887 825 522 1009 971 698 415 1322 381 1229 952 277 1074 1395 441 176 629 1325 320 188 651 1384 1009 780 1154 861 937 1024 280 1372 295 954 168 497 1427 1325 865 550 1 1382 910 700 1397 239 446 1385 784 255 1364 1366 45 243 277 1333 168 1382 774 19 1393 925 731 304 676 1424 954 116 200 100 1382 560 94 317 457 873 1185 1042 382 1032 895 483 721 954 1139 350 1084 1038 748 1421 579 78 577 605 661 228 721 737 1290 797 661 228 248 991 232 1192 865 790 657 508 887 317 1270 887 449 1301 1244 74 415 1009 963 6 317 1046 634 228 865 690 1233 957 743 317 91 496 1095 58 1197 255 831 723 1404 710 1046 45 1009 492 574 796 900 1047 1412 721 700 648 697 244 1094 989 509 511 700 1048 464 1043 620 690 970 721 833 289 193 317 842 191 1009 79 778 98 91 731 843 226 215 1041 477 875 436 1176 805 24 1308 91 527 648 1111 1346 223 948 267 879 700 690 232 465 1009 216 1127 1267 742 962 1325 1316 1303 857 446 683 146 713 1366 578 506 318 1009 118 876 556 521 684 228 567 1356 1009 605 477 825 566 59 700 620 1009 1382 754 1067 1149 678 58 464 656 723 1186 1084 253 723 993 356 1067 785 182 674 931 1255 741 505 95 424 760 200 741 56 1204 923 1146 123 265 807 443 1175 326 1356 741 477 690 786 610 190 1287 200 1214 721 785 1177 1011 970 210 648 509 721 1320 1086 689 721 1382 1173 392 584 1385 1301 865 1020 1151 800 613 690 537 335 391 833 1009 454 1191 1178 296 85 402 1198 804 144 1072 415 29 311 982 865 115 1404 1162 1382 707 887 435 594 294 1255 710 998 1396 1187 697 887 1009 501 1285 232 1115 1215 876 833 1009 759 522 1067 690 248 769 769 250 765 1429 727 1175 222 322 868 228 846 1396 887 521 311 103 540 1104 1300 1381 1181 841 331 825 464 1138 948 786 200 802 397 125 124 700 1362 1318 96 329 218 721 175 1350 1010 682 1045 1374 500 1267 874 329 255 47 43 1122 630 1391 822 1397 37 105 230 96 722 1111 758 137 700 378 1306 690 1408 1067 463 690 349 648 522 522 1127 887 1423 723 1304 375 801 588 228 1424 957 1379 364 1190 825 735 1009 34 671 1127 909 826 1284 39 622 1325 269 700 1082 1325 317 178 621 1053 741 887 491 580 833 172 1068 577 700 1126 983 741 255 185 546 317 1017 734 184 307 174 899 567 360 139 991 1056 1414 1024 515 1170 465 836 670 85 412 477 371 559 2 188 1122 840 228 51 1161 581 873 1297 8 38 317 860 649 661 522 723 416 791 35 812 1325 1378 1009 1165 880 321 163 1331 683 1187 912 1316 970 1139 1171 1271 1064 1009 1198 1337 645 784 232 468 1262 88 168 206 978 878 402 1065 491 375 679 852 996 704 1181 228 457 1161 633 1053 506 380 1381 557 865 1112 214 438 1348 247 214 887 491 518 228 1051 1375 118 163 1022 1311 1332 228 1050 307 441 444 1158 866 715 1048 104 825 1385 1086 648 245 876 1133 773 700 1427 1394 557 650 317 1085 1009 1027 429 387 180 1401 74 234 865 228 317 816 496 217 1036 717 232 13 846 681 376 46 865 462 1149 1378 491 132 246 1067 317 148 363 588 806 1223 1268 760 1336 1022 518 394 654 361 966 1067 118 90 879 1382 1371 472 1212 1304 1074 200 1032 721 254 690 560 1046 444 1330 1385 1326 228 328 490 358 938 110 417 753 1112 525 213 87 628 319 490 152 270 125 912 91 122 501 1133 1421 1149 1070 234 645 222 306 843 1041 756 131 1101 1086 809 783 228 1049 232 440 887 901 1158 317 551 882 1054 377 505 81 661 9 106 1414 540 865 1381 668 797 491 793 89 1214 121 696 1064 244 1213 223 946 703 414 198 1113 559 700 1194 888 317 998 771 1291 1059 1067 796 723 1392 697 375 118 739 661 317 1399 513 46 887 1119 1227 712 833 588 775 703 805 243 1127 896 980 915 804 1175 627 352 364 825 378 1168 1187 482 1010 584 610 21 1360 881 317 608 963 1362 1047 791 265 228 317 741 741 16 307 1381 881 87 592 1287 1275 797 76 690 516 472 700 700 543 1316 90 516 1280 868 197 367 976 1247 181 200 1417 809 74 33 382 1042 1261 885 604 405 586 68 1349 101 1259 721 1098 504 852 833 665 496 1087 741 890 1250 348 719 904 569 20 1007 275 336 861 70 193 91 857 317 409 603 1333 821 113 1300 1016 106 648 349 1135 710 1351 1382 174 1430 942 1037 297 1047 741 1099 969 50 723 560 200 953 127 727 284 624 1164 904 1009 787 501 1329 648 317 13 891 964 1122 393 535 841 680 640 1 669 228 1231 466 690 1139 998 1427 1317 1301 925 700 317 179 923 588 612 242 946 932 317 585 1147 561 878 561 1250 103 228 741 188 445 794 690 747 1246 1270 420 491 375 54 1366 634 1023 1370 560 1362 741 1263 1323 1325 522 1133 1175 918 586 62 863 873 1272 1130 1067 349 637 240 505 1044 440 228 891 972 1225 1383 1251 505 1316 1019 498 248 721 1246 970 1062 37 984 1351 1365 382 196 741 640 819 277 793 1325 677 1256 364 710 487 188 700 1185 556 519 544 556 648 314 1129 317 1423 182 475 349 207 46 690 228 419 746 314 505 698 1067 188 367 86 481 1197 1226 168 1284 723 1190 488 1057 38 232 700 14 1206 1067 1338 273 1340 382 120 22 865 1009 415 260 1274 227 1165 1155 321 1180 1410 1209 510 382 1175 975 83 1234 460 710 1127 885 43 1087 255 756 350 71 1080 1362 618 415 1114 412 846 1295 1191 1020 1140 57 865 292 865 684 292 307 648 783 245 585 874 109 604 865 526 801 228 741 1133 525 413 1262 476 27 25 887 741 317 700 1072 218 329 236 1189 715 946 825 1068 763 1325 75 1362 934 809 71 335 876 1308 232 913 825 1391 721 852 955 269 232 1067 723 1223 1181 494 1159 252 1127 444 747 188 799 953 783 690 569 461 700 1023 825 1229 317 1421 648 1175 56 228 616 699 1370 51 1325 1325 448 588 999 1176 684 1009 412 401 24 1241 992 1181 984 1292

proba init 0.05 proba clean 0.1
653 565 1356 325 939 318 1223 1321 1118 129 658 1187 485 1066 956 530 1033 631 962 1128 27 273 706 212 910 975 72 1015 738 235 1220 13 1070 25 845 22 985 485 1217 257 23 1188 454 478 108 1171 1074 160 1038 1338 13 1196 1261 1050 167 288 1259 1198 521 1163 28 371 948 621 456 989 508 1016 485 1223 1138 257 949 1355 1305 1303 719 362 318 285 1080 813 359 653 203 423 855 684 161 49 290 401 298 993 1383 1015 380 1287 472 485 1220 785 542 894 1216 552 596 260 1324 1223 651 1082 949 933 173 1214 1430 547 935 1406 457 13 466 1134 1276 751 679 23 1230 1392 1189 140 1124 949 1243 1287 1336 127 1415 317 1165 42 501 942 1138 81 374 1074 364 1152 1119 264 1188 1115 976 40 836 1117 486 955 12 392 1015 690 485 315 172 426 132 434 733 1406 485 380 703 866 485 1022 469 513 28 943 947 544 35 318 1341 572 621 855 682 172 485 506 985 629 265 930 152 1340 401 1223 926 205 72 172 13 1398 1220 89 1015 1245 241 458 1075 1323 1185 636 79 288 1089 628 67 798 13 745 65 150 1380 1220 676 13 680 1346 1088 1400 1181 620 66 219 143 546 671 380 894 28 128 1425 1307 260 118 748 247 1036 774 1182 1015 135 380 173 1393 773 302 1307 667 1326 621 834 1339 949 1365 687 591 945 803 529 409 717 196 1292 257 1232 1278 949 105 759 1307 1231 1397 403 170 257 205 750 536 417 273 855 415 72 855 676 902 1399 750 254 485 407 894 1188 53 633 1347 268 236 1283 616 1399 1188 901 363 199 970 82 551 377 690 379 1324 168 190 485 1358 621 339 314 791 1290 949 172 83 364 530 13 848 657 615 172 261 129 272 1268 1134 28 949 767 261 1118 1188 1170 736 485 717 246 1006 380 952 529 1412 685 1206 651 571 1051 615 676 1318 326 796 1036 380 456 1177 478 497 567 128 478 1134 257 102 485 8 812 789 954 229 570 966 603 887 271 1315 478 1307 1113 777 205 443 485 1162 469 808 391 1314 815 579 1267 485 750 380 260 477 1076 485 84 485 347 1165 7 478 293 866 1145 549 1417 779 205 55 172 1247 1399 380 928 172 305 1307 172 789 201 1070 492 806 380 1220 271 460 198 478 72 172 424 477 478 1207 300 1076 598 1134 28 270 614 131 172 639 949 658 380 1340 232 60 551 1340 812 1361 264 380 949 1083 1180 1014 1104 606 814 1018 72 1400 1072 886 1134 1150 1042 676 652 855 1223 960 1307 203 387 1070 1076 364 1061 477 411 1164 223 1112 750 24 922 635 1024 1375 855 438 972 144 1174 1075 926 1416 1195 953 855 72 842 731 1416 429 1405 67 1076 485 1332 356 380 1134 1076 928 477 1070 1158 676 826 478 789 579 1010 138 108 1223 855 330 275 1070 1374 396 1305 1399 168 502 1307 401 180 1146 718 616 1307 87 1422 1188 676 875 246 1307 205 380 187 949 507 1189 828 872 1018 134 236 1089 791 511 467 469 726 550 422 1334 485 172 658 114 380 610 569 254 64 52 172 997 1126 1134 649 380 293 1134 364 1289 133 116 1085 855 380 949 1382 506 1073 635 1150 239 1204 198 975 1077 223 86 485 317 621 1307 592 1286 823 1416 1065 13 380 172 1429 1374 814 202 71 1415 1076 855 1406 647 28 173 650 1240 621 72 291 318 1365 205 496 188 279 396 998 1328 266 1250 686 953 523 1304 1071 53 762 285 1010 195 219 1424 672 478 437 246 175 1406 1220 726 117 754 446 163 527 928 794 847 912 229 1250 479 1281 140 732 10 402 236 1196 13 1307 219 552 875 689 1312 743 1015 1037 627 676 582 1095 1384 699 1325 485 815 669 1039 910 188 212 328 32 188 723 1416 493 251 1406 1406 1230 676 896 335 555 923 1204 793 893 1305 621 185 871 213 477 13 624 759 1267 836 1344 205 855 1406 1310 222 772 1208 41 1307 776 940 1340 777 840 28 625 621 128 1076 1125 1307 901 876 68 194 603 594 20 1078 1220 172 1387 580 134 1307 1380 1122 485 879 1109 299 496 255 664 205 1357 469 1095 673 358 614 1210 1220 257 1366 1318 1133 1371 1063 750 240 205 1139 1423 333 936 380 640 221 985 1323 380 1374 1277 721 232 928 1278 38 507 557 874 380 830 802 815 772 1050 947 189 932 1206 561 1029 949 1087 1134 380 811 1412 1365 794 1307 440 696 1366 1246 881 855 508 632 418 1247 1178 1064 295 1072 1297 1058 483 49 261 1157 846 620 1404 1340 836 416 1267 1078 1281 1156 723 1283 974 699 1163 796 855 1159 630 1049 257 552 855 1307 1082 9 911 1342 995 1016 256 1282 1003 707 664 1015 78 369 604 513 28 1406 1058 1119 1399 503 982 292 844 709 87 1076 172 1188 1328 856 178 746 621 737 131 106 514 708 1099 121 695 115 1148 1321 172 142 1349 174 1188 1394 1015 784 855 485 788 621 535 325 72 1076 477 812 383 478 1274 1307 976 478 553 612 556 1125 1177 869 1430 1205 172 877 1030 27 823 886 695 562 920 605 1405 380 428 769 1204 508 1411 190 1215 522 28 1367 610 517 1301 440 32 1134 825 337 1094 855 13 1103 28 690 28 202 772 1325 738 205 165 173 881 1095 10 414 1062 799 531 30 1217 1002 343 380 1272 1278 469 949 693 30 485 774 33 260 1182 318 45 1283 1312 485 380 442 741 1040 1017 261 589 478 203 380 621 1115 795 330 485 477 745 477 613 1156 915 1348 1329 817 329 296 1186 72 1070 1333 621 446 318 485 224 588 725 380 290 1220 1385 98 1132 232 246 621 485 1220 245 854 380 1261 28 1276 444 220 431 1399 253 661 1307 469 250 409 765 1249 1134 891 1070 536 463 1044 395 1380 6 1309 89 890 413 1072 369 736 1188 72 802 177 815 173 508 1015 497 508 1220 290 792 626 1430 1251 481 329 1406 578 486 582 589 994 688 380 246 1076 399 508 13 478 1163 478 854 1020 520 297 281 252 919 380 484 139 892 1329 779 811 105 280 941 1101 182 1273 1134 855 1195 652 1076 949 409 559 1223 1329 1275 1076 688 1333 99 1076 380 1025 1297 177 1315 106 521 1114 898 225 1220 172 1126 763 1307 886 1090 253 1401 707 50 453 771 256 1134 1403 948 1134 256 1070 290 1346 275 250 380 1220 652 1067 292 32 578 820 792 912 1174 1110 552 172 257 172 757 406 380 1307 212 325 488 271 1065 349 485 1377 485 1299 1329 828 1166 427 140 740 473 1304 261 478 1389 95 413 1190 1311 1300 72 716 812 783 1201 1399 95 1014 246 1132 380 335 861 998 676 699 332 800 243 389 1345 992 1237 1090 28 380 552 1258 1070 853 631 1038 1314 653 380 241 318 342 690 1344 555 253 100 954 855 1076 1213 618 1189 544 584 560 1322 831 175 36 380 485 13 594 1288 916 1271 318 594 1103 1086 257 205 205 1071 949 96 1028 1348 28 380 853 847 171 1267 1222 488 261 561 103 1236 428 635 915 1134 786 702 715 866 828 164 1398 513 456 478 477 470 172 1220 477 1160 13 376 794 360 427 491 376 485 1062 835 712 1225 1220 812 1220 1181
509 721 760 961 845 219 445 565 1342 578 1296 879 1354 690 1127 1335 503 425 814 637 34 949 606 59 254 743 506 1133 391 484 1410 638 1071 604 652 1405 1181 87 418 1405 1016 1278 637 1337 710 687 285 1115 929 784 262 751 314 892 505 1168 722 94 768 237 1040 718 799 956 192 429 790 167 1187 392 144 503 1230 1229 1405 1267 372 11 1040 555 873 586 311 321 968 80 485 1347 449 1422 17 1051 1425 859 580 203 286 347 1071 87 1410 345 1326 539 664 1060 596 2 503 1430 118 83 1289 450 1232 259 1147 154 242 169 1040 262 405 637 865 1372 803 800 1401 881 310 357 945 53 388 815 229 436 1428 217 1352 1187 262 923 689 1207 1274 1285 913 773 638 110 1323 1318 262 1077 225 822 173 471 984 1040 284 528 511 528 1357 262 311 848 263 169 1354 833 311 611 1354 178 135 882 311 402 1332 1364 730 1040 579 503 1276 806 1247 830 515 214 1179 638 1262 308 700 742 637 622 878 579 106 1074 262 503 1410 535 35 259 757 262 1037 563 88 1425 603 410 1108 834 771 55 262 930 21 596 611 1410 611 503 1200 374 1189 698 1213 855 1243 1289 20 399 1327 637 858 41 921 1427 81 734 836 295 315 31 1247 503 491 1274 822 1216 858 179 131 1321 739 1118 652 963 95 770 131 1272 596 225 57 722 160 198 750 42 1226 528 1083 1358 883 982 579 528 949 1425 1040 131 1060 775 1322 534 762 1299 911 106 314 146 750 1031 894 638 87 270 415 4 262 1133 949 770 1210 403 332 1006 396 262 175 93 1240 748 1074 1301 856 642 166 824 865 87 787 865 1122 353 791 1303 770 860 702 1079 538 598 1186 1124 1373 733 503 154 294 1034 976 5 770 262 224 880 71 284 1277 87 1328 1266 801 543 618 214 700 417 624 991 1074 864 194 139 1425 1248 975 292 834 1327 936 1224 472 909 476 1235 347 432 1199 1354 1172 1149 248 311 473 262 311 81 637 24 528 373 311 1275 174 77 1005 87 1131 421 1243 9 251 949 367 878 1095 874 1357 1077 841 528 405 303 87 439 154 330 1087 592 528 252 1064 770 564 49 379 528 121 77 822 617 908 561 166 741 1040 232 408 502 1111 1405 1410 554 471 1061 712 106 430 450 841 1335 1312 1101 1040 606 507 262 590 311 534 550 332 770 373 503 269 526 542 1405 1094 864 336 1329 933 365 1363 783 251 183 353 1132 279 106 144 638 528 1008 124 427 528 863 163 334 156 1233 1181 53 1177 67 177 436 841 405 1224 855 473 193 941 248 791 336 826 358 779 1425 888 1105 1185 1285 1421 1318 520 1354 512 932 218 946 177 232 421 262 87 376 638 1391 780 127 839 841 630 460 482 1342 483 865 262 754 949 638 680 405 1411 700 758 932 1093 885 1109 799 1086 900 314 1061 638 1312 223 311 787 498 876 420 143 1163 644 913 822 919 416 1118 1169 192 532 289 660 339 1405 149 813 405 311 565 58 769 128 511 1128 408 1011 638 206 261 958 1014 668 838 1322 59 1086 233 822 1318 1341 903 1405 638 1175 822 81 32 770 1207 788 236 279 839 1207 40 51 262 352 402 692 87 505 331 311 140 606 603 133 1312 262 822 12 311 534 878 641 112 473 1040 781 169 689 662 454 329 1103 319 106 577 1040 1009 528 1192 81 592 1039 1066 772 1318 687 445 503 579 294 105 637 1384 578 473 690 388 1155 1009 778 991 550 485 579 1410 1048 703 949 1058 88 570 1388 87 160 647 1199 559 235 714 1140 770 1225 146 889 486 262 579 872 878 286 14 465 314 1034 819 637 199 158 414 1089 77 386 1354 1141 262 942 1430 625 865 515 1425 23 1224 357 812 1223 195 169 1158 334 489 311 45 976 949 649 1328 605 164 503 983 1081 166 503 311 965 312 473 600 500 1258 169 972 949 505 1198 212 1224 1337 1412 170 949 1008 1349 1425 200 212 1252 1193 377 889 895 692 1347 1405 822 421 565 1410 127 158 440 258 311 418 983 1354 1040 669 1332 146 1149 1249 1241 1067 949 87 1318 208 41 289 1410 93 680 1196 1271 200 1351 893 869 214 262 834 1052 170 878 1111 29 850 1313 993 262 486 15 681 1097 1215 156 502 1381 593 749 217 643 1295 488 797 1318 609 270 836 108 528 770 1227 360 822 1405 975 217 946 602 949 1376 505 860 1012 388 654 799 311 845 924 897 451 262 727 162 262 1033 503 347 262 218 505 46 1148 1065 1174 750 566 932 1308 400 311 1402 40 347 856 505 949 489 747 678 1234 1126 1349 354 1042 1318 981 680 447 552 262 112 314 980 1077 314 376 1249 959 169 95 800 400 1312 631 874 638 262 918 931 1303 297 3 817 347 1156 405 1264 440 596 1340 1078 1405 218 988 770 230 908 212 363 260 224 1363 1127 1336 526 607 1354 405 987 1405 851 77 817 841 388 503 36 1201 924 86 1368 332 1427 1054 1024 1249 868 598 583 311 149 1318 585 910 920 1416 892 370 1318 812 952 378 949 412 1040 1040 1385 103 1014 1377 1318 262 721 712 184 489 730 611 912 869 87 638 617 1375 503 991 871 571 258 433 1301 919 659 920 573 931 1109 688 386 991 484 901 1229 467 262 413 148 490 770 9 1350 1354 638 384 915 48 1040 1084 1419 609 1354 630 1284 105 1022 154 503 577 235 612 1357 594 573 278 95 511 841 821 841 311 528 1171 1409 503 154 756 361 1272 681 186 311 327 503 1040 511 422 571 1380 822 867 1410 566 606 262 3 1184 527 87 1410 166 505 960 710 503 822 1140 1110 731 1008 434 732 716 1199 59 426 441 638 139 818 1087 930 47 980 1263 692 1141 1009 469 1232 95 469 282 652 1108 1372 1342 925 1321 912 262 639 949 1040 1410 1153 1034 370 219 155 558 894 169 1174 723 983 78 1085 1342 822 1359 1040 153 308 262 638 286 609 1358 894 948 1276 850 601 1059 210 1366 1160 394 979 710 311 830 416 503 611 1145 1313 544 1121 638 1424 1079 770 797 638 330 198 321 1292 840 760 1013 1040 953 394 451 638 1066 503 1295 1157 1095 1236 1410 1115 226 982 438 544 996 528 1187 349 266 878 1229 768 862 707 997 1007 537 186 100 963 311 503 760 1410 262 833 942 878 81 1115 405 770 505 534 155 108 636 906 1302 417 623 579 1128 1144 1150 10 535 252 87 262 1354 1315 589 1425 1035 270 939 344 334 280 503 787 817 1104 719 515 515 1315 106 232 343 768 762 522 524 1123 185 650 630 278 239 1219 604 528 81 1064 1168 590 966 667 1393 1312 503 955 547 1312 1423 294 140 262 141 1120 1405 1425 1040 501 85 752 634 678 317 749 806 1040 194 733 1415 611 1249 296 1193 371 168 1060 1157 1354 262 374 999 1405 1080 608 716 396 528 986 528 214 872 770 1309 768 383 398 822 1040 558 1000 1318 1388 1425 503 834 100 1173 843 483 1088 770 442 1226 756 344 435 303 259 1342 170 977 841 949 9 1410 601 748 262 262 862 582 231 877 119 87 542 169 126 521 1410 638 1410 710
1313 446 906 930 586 264 733 628 701 624 44 1169 870 664 96 457 755 1423 191 1208 371 1035 752 393 1151 1087 843 144 317 414 1218 703 755 1100 469 1076 517 870 1219 1341 1261 529 922 380 879 1312 259 1276 16 1340 1070 870 484 1070 478 1344 19 48 509 404 193 912 755 564 1200 892 193 568 870 421 1315 1341 1316 471 1018 873 649 997 753 1064 1091 118 755 64 665 1320 279 531 609 1313 554 1019 1387 67 591 166 1200 808 898 870 775 283 799 281 191 397 787 676 322 703 940 51 1316 1146 1094 113 155 683 371 828 193 701 475 701 1329 566 860 1095 513 268 20 1245 1028 380 691 971 1021 531 1197 372 62 252 247 604 288 711 560 1279 445 840 185 232 841 193 416 1088 376 761 401 438 1003 795 434 926 1078 1113 539 1244 954 1191 1210 1026 870 95 327 518 870 842 258 778 371 403 701 775 680 1100 919 755 795 870 777 922 870 1070 1182 1241 577 62 1050 770 191 445 562 1220 371 922 361 804 775 736 540 40 636 143 213 243 1372 1387 733 614 616 1394 1005 870 1387 489 503 585 564 775 353 1196 606 912 568 1026 600 178 844 421 1065 196 558 1200 1292 492 1195 564 625 204 361 436 1232 929 1300 755 569 597 249 1380 25 478 441 674 1169 587 186 708 536 1316 191 1001 1299 716 702 128 1316 699 255 755 1341 440 1098 926 253 773 1220 1113 1035 1423 1100 1341 436 193 193 1035 1205 279 515 371 279 617 1329 412 479 163 870 974 969 163 1411 497 1035 193 245 1381 1264 1122 899 31 2 993 1113 1094 277 931 917 929 1313 1104 191 870 887 186 1329 962 531 1160 133 922 580 691 317 612 980 165 100 922 961 1167 650 700 809 701 1316 966 291 591 1088 4 1403 870 165 184 606 1200 1390 310 714 668 753 640 997 1324 1251 397 1387 755 455 710 1200 305 335 642 798 368 639 922 926 1341 392 790 837 755 711 9 718 762 185 519 531 526 1113 70 607 1182 4 186 378 870 842 629 308 1200 1234 1035 723 1332 870 837 778 1159 622 529 60 922 870 1107 1341 1200 103 333 1113 191 854 917 680 1146 100 1169 158 1417 1200 870 922 49 777 922 1201 590 734 215 54 755 193 413 49 191 248 371 922 346 622 248 772 95 661 1069 339 320 1339 1288 276 922 32 1316 722 811 168 410 1376 755 634 153 992 1426 1200 1316 165 961 1420 870 1426 564 386 371 788 1267 1113 947 964 812 1392 611 390 733 1000 360 1235 153 905 745 277 491 622 577 630 1064 1071 580 59 992 701 116 914 279 1067 1387 1111 1020 1313 191 1152 466 265 870 870 1290 745 1341 491 1429 1341 948 870 427 274 1200 1164 1116 951 622 701 503 593 1094 482 1123 43 511 1035 887 766 961 285 1011 881 574 671 286 427 1008 1284 652 354 551 1120 1363 238 701 657 922 841 452 922 548 732 907 755 538 1316 1100 785 992 961 193 870 1387 725 80 233 153 840 704 245 436 891 1078 922 1035 961 1168 102 299 777 1169 64 922 155 1387 287 444 1200 741 1182 940 755 274 274 562 870 1059 917 1213 1320 485 728 102 562 952 855 767 434 216 233 870 478 186 407 490 1356 687 1403 527 1197 351 922 1019 80 1276 918 704 833 1081 279 456 515 723 172 781 743 922 371 122 1100 1066 371 655 633 1144 389 4 191 193 168 417 114 1220 812 1405 114 927 1062 76 1192 870 611 72 248 734 1169 88 1220 1384 776 606 1035 606 676 923 841 46 132 4 974 1373 652 559 612 917 114 467 827 681 701 1220 567 1146 773 1018 658 238 1260 669 1281 565 921 309 620 1298 1129 790 457 964 600 784 1341 1429 902 1387 366 793 102 1427 599 1368 95 579 247 1036 20 1257 402 1035 17 1223 740 392 232 1172 451 614 1047 884 1339 1104 871 1225 1055 279 931 983 1035 478 413 769 1369 595 265 1059 1035 769 701 1387 371 818 1268 762 777 101 1145 510 174 471 86 1268 787 775 922 1225 1195 863 1093 1199 777 870 1100 1313 1257 817 921 733 597 972 1035 191 193 1065 916 225 775 1341 1017 33 451 1385 96 186 725 1047 1179 793 1329 540 1200 178 557 1328 890 510 684 946 427 568 4 266 870 552 721 773 368 465 484 695 824 1081 193 259 634 121 695 514 225 360 343 176 1171 448 1387 478 1412 1035 870 478 388 941 982 1384 1307 371 1172 1170 935 166 21 285 364 811 629 342 1169 1394 1290 630 1104 1283 445 1379 368 838 352 478 1369 755 181 834 1169 870 652 1035 383 1341 397 279 922 47 463 1117 193 194 281 238 637 755 397 238 420 1164 193 280 1244 330 169 1298 929 1028 77 717 1028 158 932 786 806 922 1037 870 1171 324 899 1236 1146 997 255 224 1387 1035 1200 777 917 821 813 922 1301 921 262 841 590 316 932 279 790 1124 564 178 1345 371 864 622 1403 97 1225 920 1169 642 248 1413 1235 973 1145 733 107 1337 808 922 604 193 371 1316 1099 31 1066 80 442 4 1200 1346 1035 251 1169 163 1373 148 1129 349 193 62 424 145 500 1169 314 891 328 1392 279 1253 586 223 400 1077 621 675 687 766 1392 1314 631 841 1016 313 905 739 870 1023 169 1049 1050 1041 1200 961 379 1301 1316 362 1068 870 1200 660 989 800 1100 518 738 513 870 1200 685 1246 1146 186 115 89 193 1354 1200 589 1117 628 1282 1078 622 989 622 863 1113 1200 962 808 921 505 1234 370 711 1245 755 564 703 224 1078 208 1337 453 1200 922 84 1183 429 762 999 1169 907 870 775 1290 478 1200 1031 1088 1296 668 410 883 887 725 1079 396 1169 674 1035 187 739 761 113 1331 612 48 1090 922 325 187 210 1347 491 567 1123 1169 962 841 371 988 1105 826 1384 961 703 1035 1100 775 1422 1118 86 55 251 1391 1152 1274 68 416 1385 930 731 1124 1144 799 1100 121 162 677 274 831 248 950 884 408 1289 16 363 454 1200 869 1063 1256 240 1178 1048 1264 423 48 1135 174 1118 476 1292 1374 1319 888 1316 1110 531 698 1230 1402 329 48 701 381 344 1200 808 735 1056 763 633 1391 205 1313 584 775 922 285 938 1063 1418 979 1113 1129 810 808 755 257 153 1386 930 484 1391 369 612 21 891 612 957 1200 775 545 660 827 775 541 1301 559 917 478 1404 397 129 1341 922 409 186 1200 1220 1291 212 180 672 687 801 870 701 790 158 989 1387 1182 48 48 1075 731 1320 1350 248 1272 888 1428 483 1313 1297 371 115 709 153 1307 1249 110 1420 288 552 1200 710 762 230 385 713 1215 259 1268 145 146 446 1420 279 370 1200 397 541 49 984 407 1362 1101 624 940 1112 1100 539 839 183 383 685 514 163 279 1100 908 244 535 983 309 701 519 491 553 1145 574 870 1089 906 485 1105 1284 1252 1355 522 1113 1341 1376 937 270 827 910 1304 1041 48 1200 917 817 692 193 1326 726 1085 153 1146 1413 1108 1306 368 673 897 783 702 870 1145 772 1421 1045 1407 248 622 1035 922 775 961 1094 1403 701 148 1051 365 1206 1031 870 227 964 689 742 775 701 775 489
1366 394 1072 12 970 132 758 1022 213 1116 1233 471 335 430 314 1354 1344 1048 852 949 1133 359 1043 20 970 377 359 240 558 110 936 1066 88 132 912 1416 738 335 30 648 135 1165 303 950 1018 819 742 1156 270 39 966 335 1128 1351 188 257 1170 227 1286 1380 88 1345 303 1417 71 1429 857 236 335 1272 1163 724 64 1078 1020 66 1320 472 1382 877 772 613 98 794 257 815 933 12 1318 854 34 600 754 1353 100 1285 49 46 1409 335 750 1404 761 1397 528 598 719 943 966 357 521 701 64 262 1164 49 274 1313 1350 1050 253 936 454 684 521 518 1197 699 762 1336 253 936 311 1080 779 1036 1073 187 885 1250 966 1219 256 1035 12 1005 1330 742 899 555 776 523 641 666 1344 481 963 644 722 335 38 353 831 1076 1098 471 787 61 505 970 3 951 49 321 1173 1079 956 375 1355 874 303 351 966 191 264 309 953 671 397 335 874 1166 335 438 1343 776 808 190 593 1392 692 978 692 804 1252 1166 1191 150 452 399 71 566 308 1102 98 1274 520 1360 1123 761 1177 1170 1099 335 1110 261 848 34 1022 275 1124 1079 394 1120 1259 242 454 149 454 693 1187 845 1291 49 1022 684 683 551 34 936 1030 692 1264 1270 529 1344 507 1022 887 1416 1360 895 255 715 471 1230 1037 1338 294 64 622 851 936 6 701 374 64 1429 12 545 321 211 1243 64 471 34 883 471 359 192 309 1306 874 1097 947 359 305 1 602 1228 762 708 703 822 877 776 335 1041 451 243 1227 635 359 414 1040 922 866 667 840 561 1302 389 1247 787 165 547 720 943 1151 964 441 335 1269 645 1308 338 12 58 587 504 256 620 88 782 517 297 1243 1166 1344 261 813 692 843 922 64 1020 312 1124 1107 1423 521 335 1343 651 425 49 296 1257 567 1207 68 208 472 53 646 1023 761 1345 507 1109 88 902 1099 150 704 1131 435 1206 114 1344 77 335 1045 1170 692 630 169 279 520 133 348 566 1193 427 152 699 579 273 692 335 874 457 560 49 1250 359 996 692 335 386 863 966 290 685 521 1166 335 1022 715 49 351 8 471 547 617 471 502 551 996 471 803 605 49 35 1166 318 371 1166 81 695 390 448 852 784 448 1299 562 1184 1152 1347 1166 388 879 621 605 553 762 516 422 851 14 48 437 1166 1352 64 979 521 232 224 1076 1091 1329 909 966 351 49 64 1193 335 1401 335 1329 198 1184 479 63 821 471 184 331 1240 220 1047 335 530 3 454 1310 970 1356 973 1063 83 290 651 496 618 302 882 334 384 956 12 70 100 542 439 1364 706 854 465 1247 624 96 335 1304 494 966 1126 454 1053 1181 256 335 949 776 49 141 1412 511 591 504 340 384 1044 808 789 1252 761 359 776 944 1048 1326 895 662 237 165 956 338 1015 1225 1197 692 60 776 81 929 966 1048 1166 742 1397 1166 625 1308 359 88 521 64 224 1390 1266 64 714 335 747 1317 1130 357 454 869 1332 670 258 936 1104 1166 359 1344 784 1304 303 516 471 240 1166 725 509 949 44 49 622 845 666 1048 776 776 1170 335 49 309 603 100 421 1272 359 1202 187 1211 789 465 130 449 335 821 378 1170 621 633 1221 981 569 300 1058 1166 898 973 692 220 338 196 309 1119 739 731 966 620 514 1174 700 1259 1153 309 808 303 140 147 761 1412 335 30 682 1053 1029 267 561 101 785 1344 521 742 709 454 525 544 1329 1339 778 471 6 1255 110 214 1122 359 761 669 1291 1019 133 692 893 1251 1185 192 114 1314 96 484 1111 1122 1410 1184 1029 335 551 448 3 1304 353 662 936 393 1087 47 728 305 1318 1269 335 188 708 614 514 959 1139 761 494 409 301 761 689 1323 138 1103 1217 560 164 390 1005 1308 359 861 302 948 1231 1093 970 1311 1029 966 10 1267 423 1257 831 914 871 1383 1262 359 821 42 1423 303 692 448 402 359 528 1344 91 1226 1308 390 164 1054 89 49 1099 800 57 877 982 704 104 1166 477 117 7 1308 792 794 335 778 874 1089 998 390 877 433 444 359 677 1096 75 1192 808 1043 817 706 23 278 61 47 1182 729 962 256 1022 521 266 49 470 1339 1108 1272 849 623 1403 1378 1011 560 1192 335 796 1034 1348 42 233 334 668 402 530 1405 151 692 692 36 342 64 486 684 88 1212 36 701 682 939 359 335 821 483 999 216 1311 574 1134 516 427 1023 168 42 303 315 559 1119 1086 1344 585 550 1245 8 1410 775 708 75 774 277 1329 1313 1308 249 123 471 335 860 359 928 14 1423 1017 1308 141 1244 926 499 88 1080 293 1120 784 284 271 594 1413 736 962 1313 1344 967 932 1387 119 1318 699 616 1136 787 542 1261 1166 768 335 1417 517 849 1344 551 783 706 1190 736 873 561 436 936 854 688 970 64 390 244 1243 778 985 467 668 1326 521 928 866 1272 1133 385 290 731 1170 1145 401 692 229 200 206 8 1181 874 623 1403 891 308 303 652 897 1133 64 303 1419 504 877 936 1072 49 1240 359 1241 471 1086 479 375 375 1076 1077 1011 1104 1285 1382 471 1259 303 331 11 774 393 858 298 1346 1027 1272 1425 199 935 894 834 1296 168 120 877 1094 12 335 988 521 691 261 64 49 1349 1225 1119 64 765 916 425 793 303 518 1130 309 475 268 1309 893 49 1114 1230 551 1378 449 393 1087 392 882 32 689 388 1260 867 83 1043 290 849 471 49 372 777 223 914 557 380 733 1354 1308 736 1001 309 1244 800 1244 1215 49 1166 885 472 372 1344 751 471 1222 335 468 337 821 1170 890 882 541 1266 858 598 356 936 1113 52 471 733 1197 1405 776 1197 861 1263 419 691 1210 1166 1136 446 1376 591 1272 115 35 471 733 390 1405 1360 734 261 946 993 656 359 309 496 357 1065 912 1380 1389 27 1115 983 1064 1097 1183 1413 296 377 303 34 309 1129 215 787 776 1210 572 49 121 1131 7 793 1244 679 49 816 568 1156 410 846 741 643 94 9 915 1246 963 481 1344 776 1367 599 1032 472 776 820 528 877 875 1304 1344 577 309 568 355 1393 776 507 640 671 1169 854 624 477 12 368 512 777 12 19 1343 501 449 714 692 789 1045 888 490 637 858 359 57 1212 447 129 551 49 685 184 877 1389 692 1277 613 159 471 821 437 880 271 1076 527 1163 701 49 1324 1312 936 3 53 1237 422 278 1344 503 839 710 1404 467 977 773 75 1188 327 199 862 75 75 336 1043 854 784 1104 64 966 454 936 403 572 647 351 954 49 561 164 1147 24 930 1204 63 119 1097 888 365 66 600 627 49 1346 1111 761 198 967 1177 123 529 2 359 309 1360 1062 897 921 63 352 917 943 309 1286 786 274 355 740 42 566 1271 1341 874 49 1240 931 714 15 1198 937 588 464 1016 1166 941 203 874 12 64 1129 1350 900 1111 49 851 701 601 936 401 1398 1170 496 868 338 483 918 1310 1105 159 851 656 335 874 1278 750 80 63 96 290 359 1166 270 343 199 746 256 774 1272 684 381 1381 335 53 618 1323 77 233 757 1035 677
579 698 18 486 1233 1315 376 1132 752 318 1304 618 912 567 169 807 619 554 1213 421 313 1203 772 1115 914 1150 1148 996 619 383 883 1101 666 283 1370 887 1199 450 1421 658 1231 660 1165 130 440 68 1035 865 330 682 1250 1243 72 1316 1189 1318 1303 63 1331 48 1109 1180 762 521 518 1308 1113 283 1243 779 912 963 6 666 1074 223 987 1216 1193 720 116 87 619 846 512 700 585 1332 1176 739 856 11 1257 1384 1016 996 39 507 1018 675 922 1376 91 486 863 1423 670 414 843 1284 434 1045 640 1035 950 764 1243 912 602 674 163 1206 55 384 72 370 1198 531 816 624 1212 872 682 455 1409 1300 999 685 815 233 1319 39 137 559 1057 1169 1372 666 1377 1009 473 640 624 172 1206 1298 1395 266 33 1231 756 642 996 586 1118 48 762 408 1357 388 1069 674 122 39 989 924 832 278 361 883 184 1024 1206 66 39 1074 432 619 1297 931 883 762 918 1316 880 473 927 99 922 1181 1202 1359 922 757 1238 762 548 694 1284 1129 996 1370 320 1385 215 343 1248 184 161 666 200 619 37 912 769 942 812 55 1132 939 691 1203 335 1 505 416 55 836 126 419 287 1036 663 39 762 486 920 1113 938 898 520 68 1122 1350 23 833 996 1132 531 48 362 1089 613 901 788 338 783 148 696 640 292 63 112 663 784 116 377 707 1354 315 1293 520 715 1295 98 489 1371 807 1203 396 586 757 762 296 191 1203 1410 44 870 1238 760 494 786 1389 357 473 1243 54 971 677 247 302 1203 998 581 1189 926 104 972 962 459 1213 734 461 55 632 647 1303 1052 585 543 280 177 368 619 1351 745 629 106 762 883 922 560 739 912 898 507 762 1154 715 283 254 333 1293 1212 37 1015 763 801 30 392 566 634 768 729 39 1096 1081 83 1011 798 1326 1216 1261 257 715 1257 531 433 309 39 687 116 833 549 969 383 762 38 757 870 287 1363 1074 448 555 148 863 850 866 464 456 15 71 561 360 1060 343 1067 444 883 748 1069 39 61 1203 223 951 524 595 379 1043 1424 330 240 654 912 1132 565 39 523 896 95 346 285 278 643 1213 1414 1337 1418 953 39 1113 762 318 184 762 1368 538 666 407 757 1074 1358 650 137 631 659 1238 762 872 719 845 425 24 1065 1294 8 691 386 705 1203 762 816 1329 922 39 47 607 1231 531 439 666 1175 1203 39 640 940 912 1310 165 713 56 871 1238 742 39 714 384 209 779 209 907 969 485 748 1426 1008 158 1114 670 343 1032 512 1194 374 529 1090 1083 204 268 605 1132 922 770 1283 1257 888 925 1428 104 272 373 1183 264 1021 1137 421 757 1138 1294 123 1206 1243 723 473 39 372 1364 1200 5 846 74 1080 323 209 967 418 1063 1203 473 1190 883 35 85 272 516 821 1358 480 360 922 289 68 454 473 411 1338 770 1244 809 112 257 483 1152 881 26 531 362 162 761 965 165 640 905 912 1331 691 408 121 2 770 616 972 966 872 1118 762 1203 1213 691 544 762 1279 1167 1200 762 1180 1120 384 303 39 1257 115 152 691 473 473 501 283 39 785 840 1093 666 258 578 1203 945 576 551 1291 863 360 912 901 705 525 1074 626 1169 543 1285 1206 1326 762 1271 1203 922 592 811 472 125 461 674 116 1386 1402 722 804 762 1238 1328 1341 55 184 928 411 477 259 337 562 39 821 4 39 630 804 383 223 469 1384 1330 1231 1133 529 455 762 1376 371 486 725 116 1426 187 1203 1169 1186 1162 1135 1193 189 1332 65 1164 236 1184 691 735 1068 1238 1352 154 1194 829 1112 184 922 721 755 214 996 872 184 946 803 849 666 717 666 1207 902 861 359 436 757 801 104 796 1384 450 1052 153 368 2 674 1333 21 783 762 1359 1385 1203 1122 757 325 112 691 236 1200 1326 691 588 1128 235 88 39 25 606 674 759 1203 939 1389 74 762 953 1231 1256 1203 663 710 1257 619 1024 921 253 184 807 390 1256 537 475 486 1324 402 672 762 663 292 1386 429 547 39 912 1074 770 442 525 176 1408 19 1224 1203 41 78 59 74 728 778 757 14 938 598 1305 803 42 696 1382 426 977 739 1247 39 771 1238 904 1025 39 1151 314 1021 725 1195 621 912 184 531 869 39 726 1189 603 1269 1018 557 965 509 730 1073 1331 48 349 774 267 691 1244 1366 697 237 1203 912 1309 757 1228 358 751 666 685 901 116 29 317 605 184 1118 1178 426 591 990 1379 1163 661 1427 513 730 1349 1219 1308 494 1206 248 770 735 685 622 658 1044 1203 326 757 693 395 273 356 314 1204 325 666 246 770 902 531 1155 1331 996 705 149 565 1090 254 674 1215 54 654 1404 310 13 806 534 1266 202 762 355 912 828 504 494 1189 766 884 713 847 40 666 1159 630 872 213 1074 762 320 802 298 624 557 996 803 191 488 959 1321 1129 332 1238 285 475 210 408 1277 1279 184 193 762 1072 560 130 656 1350 486 640 413 762 1074 868 206 1287 643 560 291 1046 872 539 39 41 1203 677 166 1095 184 404 514 498 1017 245 1217 1388 644 1151 1032 691 383 619 1308 1427 39 342 1084 191 2 695 349 995 770 1374 146 248 531 750 924 387 912 1295 181 266 1403 640 39 148 415 1257 1223 457 949 912 486 580 1262 1026 47 1055 900 613 912 39 1322 1304 1092 859 442 180 45 212 39 1284 635 688 171 1118 966 1187 1375 921 937 39 701 1203 238 192 345 406 724 896 559 810 35 413 1118 1231 639 198 39 904 705 297 1148 1074 54 1423 190 1293 1091 1428 186 10 753 447 39 403 475 1169 68 1206 1069 1387 745 139 592 1068 473 384 613 864 45 883 940 1030 1057 4 1060 636 135 457 930 256 1239 1238 1238 111 1320 211 833 534 996 1203 1074 1348 375 1243 85 1087 872 74 1215 674 759 1272 1145 589 1158 1231 43 1115 534 626 243 1190 473 527 762 39 384 11 797 69 847 1052 39 1036 1197 817 761 1203 147 66 971 1048 677 563 39 140 883 473 452 624 484 746 473 51 49 303 508 681 269 505 820 531 593 1213 473 1330 1199 510 258 741 217 362 762 599 71 184 1289 1235 690 966 695 1291 922 1098 1303 1243 1215 299 384 898 666 508 519 1399 489 39 796 1273 464 791 376 53 361 1288 625 860 1203 1190 762 757 762 1040 712 39 834 1105 563 620 351 1373 616 1243 435 542 817 1029 1257 757 702 452 1131 444 242 35 393 371 461 739 1011 967 773 1238 1161 1206 2 872 633 221 678 196 319 39 1255 447 454 583 807 355 909 486 963 649 1419 740 363 78 39 1023 512 216 1309 1428 595 612 640 531 61 760 391 912 1258 808 1322 108 699 283 9 1402 402 798 39 784 1206 288 1205 1303 883 39 1149 985 1152 294 486 1019 478 168 614 1364 757 850 883 286 322 922 762 1206 757 39 954 1014 553 1133 1209 1257 35 17 1175 116 1189 839 213 488 124 306 310 1213 883 1107 647 719 531 352 1164 1203 762 1328 677 952 1206 1002 1308 450 1155 945 969 1243 1022 123 740 1311 922 709 1002 186

proba init 0.05 proba clean 0.15
380 654 707 326 864 504 913 746 1302 599 268 1407 360 210 779 741 317 948 459 556 448 1068 107 213 779 592 618 1163 139 106 916 103 450 297 466 1360 710 1 1334 541 548 541 431 7 1065 446 775 145 85 115 173 1277 103 804 757 448 431 1423 627 782 616 1104 1301 467 715 873 1267 73 1255 133 1259 456 158 1418 217 641 528 986 504 165 1243 608 769 109 113 1095 878 601 317 380 428 47 49 139 1248 1406 431 636 910 624 1006 80 754 179 1315 883 934 570 1370 105 864 69 958 416 53 985 446 1311 1033 11 962 173 523 105 134 517 47 1075 254 597 739 12 650 158 19 1284 79 602 341 872 1117 995 651 1406 593 247 744 1012 216 608 103 159 541 142 651 454 116 84 1047 1266 105 453 377 695 1016 1122 7 1023 224 385 1197 717 1193 130 989 562 1216 121 1189 364 1189 147 173 839 487 504 568 995 467 706 25 7 299 594 374 103 76 756 1410 648 952 460 581 1214 58 7 651 936 1006 480 916 1401 1150 229 1067 1094 864 845 844 588 249 431 771 1155 798 7 238 269 303 1006 1157 173 1059 1252 73 1147 1296 359 1296 417 1080 458 471 1346 1087 173 1143 690 530 693 640 85 816 921 1056 456 1318 1050 4 944 1049 25 418 7 507 1314 1171 206 514 958 249 1141 608 465 137 1243 158 20 248 1197 847 21 545 158 7 971 1209 1020 365 1182 801 350 984 344 998 1389 165 680 877 1318 1065 876 471 759 265 103 674 1115 823 541 744 971 1055 142 105 78 1299 766 1175 651 534 6 313 841 1296 1250 94 1382 380 477 631 735 103 467 1346 742 7 52 158 7 364 183 1124 824 1252 1292 738 7 456 771 1348 1351 105 1098 105 651 173 569 1175 749 644 216 557 1065 1153 1346 495 482 445 144 144 1135 112 700 1074 753 465 1181 586 936 1038 603 1243 7 692 553 1087 7 105 821 578 725 804 431 1266 1218 21 651 137 404 549 1076 603 7 1149 1081 1097 1133 360 1010 1415 807 352 4 1260 1218 804 438 904 496 1153 173 1420 197 523 1252 1155 528 657 555 7 214 1399 514 862 1028 69 595 804 314 442 689 4 1138 7 59 845 7 1353 105 981 81 836 431 142 488 310 1167 7 84 7 416 251 7 416 259 616 1154 413 105 515 1038 419 7 551 158 875 294 1271 565 144 399 264 96 761 269 60 958 1260 1155 1214 1155 1373 84 1336 999 144 1317 778 105 1192 1040 46 1428 1121 154 608 1233 534 408 774 616 380 1235 64 523 1243 1185 561 190 254 556 457 538 1412 450 664 166 711 738 380 1412 173 142 455 279 222 1102 1060 473 1133 783 591 651 541 896 103 1020 105 224 246 153 651 602 527 655 7 1300 1416 879 134 103 210 523 61 1023 1334 329 1136 74 759 133 40 623 155 308 103 1057 1156 173 1263 7 541 126 7 890 666 754 1391 159 158 476 244 1103 958 825 1095 677 1065 765 1322 523 772 780 69 807 1168 1002 7 492 2 103 1327 7 987 87 1018 7 511 41 105 983 4 142 105 485 1288 103 103 431 277 137 779 743 262 17 133 437 80 1157 660 651 874 1086 287 1155 45 467 431 1392 66 750 554 1355 651 514 7 507 1118 1060 515 187 21 616 1209 152 1243 625 279 7 206 7 216 192 504 1296 845 1248 1366 72 608 1001 1316 142 1114 780 956 1298 342 1185 1199 976 791 21 185 837 707 116 7 456 827 676 1156 618 1016 482 843 273 33 683 44 1009 162 1051 838 1382 1235 171 980 1383 1243 963 144 118 651 1296 1091 845 1295 1073 1247 1028 538 456 1190 822 141 566 525 7 1009 725 575 458 259 374 456 900 741 1182 1306 828 476 519 1316 1189 142 1398 516 1106 396 519 1328 366 1296 488 220 467 516 36 1363 304 173 484 1150 329 21 4 270 474 410 127 343 1063 1164 1025 7 1428 385 343 154 318 1335 465 467 1027 1407 321 845 1150 107 771 1401 69 676 591 173 1006 7 908 829 915 621 785 270 1155 1006 288 484 1212 449 776 773 502 866 1188 142 804 92 1155 1006 916 1047 895 608 176 585 836 173 495 364 541 17 168 1395 814 564 213 1056 1231 437 848 1234 1006 73 204 799 845 229 28 339 203 842 1320 1324 1029 142 194 1370 800 7 270 158 245 105 4 47 496 49 802 893 1124 1155 661 1388 468 336 983 964 1218 407 1243 69 559 1257 845 511 841 1328 456 651 162 1102 1028 859 5 821 295 726 6 91 412 62 66 173 84 21 1131 246 586 516 1417 883 39 388 152 867 129 142 1185 381 163 784 609 1165 1186 1235 992 1342 1297 1295 173 68 1280 920 759 132 147 1399 103 287 635 254 7 22 1155 938 416 1244 523 866 258 144 1156 14 829 137 757 158 537 205 1164 958 199 173 541 1414 949 1314 1141 725 523 467 1399 133 587 616 1301 448 431 1250 91 845 704 7 444 884 1295 331 386 676 1143 1103 187 909 142 248 958 900 757 128 997 142 172 1022 27 40 1373 208 504 845 813 903 589 142 651 904 1094 497 639 105 522 557 913 252 504 1248 1152 456 326 1371 1081 1255 95 163 119 141 44 1340 854 754 1392 454 701 913 158 1110 410 651 1262 229 1293 958 144 1029 253 103 394 1105 249 504 710 608 394 4 383 1318 144 1068 7 456 1208 7 980 742 467 541 95 733 280 8 360 266 1006 96 4 609 364 1418 651 417 618 202 158 717 467 402 504 603 931 1069 1325 487 1276 405 1017 1387 1366 1074 20 1171 1249 1006 1102 938 431 1189 1283 313 1376 1291 1208 434 173 286 942 99 1379 1377 1067 103 105 1344 1335 482 918 92 898 959 255 1171 1123 133 1251 618 219 1374 541 1026 315 1081 888 435 1169 1269 133 504 1006 1299 718 105 1189 700 1245 416 689 443 429 186 1378 822 813 4 985 504 1259 1236 441 103 254 7 865 172 250 530 1423 1030 374 4 144 906 1133 401 1025 7 1326 753 848 560 1200 809 105 202 103 608 254 158 831 103 1039 497 963 616 1365 173 1382 616 637 1040 144 103 651 456 869 1294 380 284 1006 7 631 1364 845 607 84 161 526 651 204 119 649 949 564 596 1083 105 142 1078 1427 197 1355 202 4 1006 1078 1059 1328 1006 308 1021 523 1206 697 188 883 7 34 7 1086 39 4 1121 741 173 996 144 280 334 271 651 725 866 44 465 1248 1216 1072 1335 865 197 456 7 990 807 1258 18 380 178 995 958 173 1296 642 759 1407 799 347 901 1151 691 749 1221 1424 882 1135 185 173 387 300 678 482 1104 320 601 883 42 330 883 1071 651 304 1260 141 337 504 1367 1155 561 1380 14 787 1214 221 504 601 1188 541 384 689 173 172 746 560 1392 1 937 993 270 1059 278 24 305 602 859 1189 456 385 702 874 158 135 69 173 250 4 504 69 953 142 314 1017 456 1337 34 1243 287 794 1149 105 1082 8 221 41 997 146 601 779 364 7 1136 1335 7 1006 1338 1343 651 651 690 133 642 536 797 1242 102 142 1323 778 1006 1346 1006 553
910 1315 1326 1126 1107 664 1408 378 426 1424 1194 776 39 686 811 1113 976 610 441 1323 469 491 1164 1351 191 1191 245 1179 272 799 915 1355 726 54 203 1391 441 453 313 366 696 1321 386 1183 43 158 33 1328 633 1387 142 1326 459 1319 237 724 1251 1178 597 1188 915 1286 396 684 278 718 915 1186 1379 969 1351 1429 252 1019 112 1147 187 1161 523 1093 627 488 617 759 276 493 1217 769 1162 259 1328 41 1156 451 1162 483 1143 645 61 1043 358 598 1157 192 809 1174 392 375 1156 1112 739 882 609 208 714 391 996 391 251 321 915 1355 106 686 142 476 303 557 686 1078 608 915 163 39 512 563 354 652 392 1276 448 447 1355 248 1070 1019 1179 1406 84 202 1255 1198 521 1169 1355 949 1041 159 1014 514 837 786 1143 103 919 526 1348 569 1125 791 1402 1075 1043 81 684 128 382 311 715 1026 1160 361 274 892 1308 824 989 1214 636 1229 1347 864 1347 1194 585 1255 1125 617 1396 841 633 393 566 906 789 1049 1355 488 939 820 631 1098 686 1284 476 237 130 1341 630 530 1359 459 216 112 1355 193 1151 6 302 716 466 278 456 18 650 983 333 1370 998 358 536 433 834 598 858 1355 1404 35 1328 355 41 241 1314 1101 564 306 1179 346 390 620 305 400 723 1136 1399 410 152 118 145 915 829 414 1123 1019 1125 1030 720 87 1190 976 1026 915 377 1319 1361 1244 906 526 491 596 177 254 605 58 411 459 1074 102 828 1245 1242 271 893 1187 1112 1255 1313 949 71 1403 384 456 491 915 3 237 332 1074 563 1355 974 1228 654 1278 1069 33 1337 1251 63 214 278 725 1198 200 575 1275 769 705 1160 69 1026 617 751 1110 908 146 586 369 265 479 31 1013 837 522 821 1355 423 977 1328 344 1326 43 703 1172 28 484 384 716 332 36 617 235 1170 1253 687 141 859 527 1126 1259 1350 1339 527 669 308 390 399 290 1076 1055 989 77 928 1227 906 967 510 1355 562 1328 1281 1132 526 39 1179 976 943 501 340 1043 882 872 833 997 449 491 65 223 1174 915 193 1247 226 915 1051 742 1043 615 14 1190 659 1026 526 1396 159 1253 666 906 641 877 605 487 447 825 532 4 164 829 915 1132 470 776 301 1026 915 394 912 197 865 23 722 1307 226 567 890 450 594 1293 482 110 917 684 459 1068 1323 724 1155 4 179 564 252 1189 25 1005 445 938 365 1328 32 361 954 767 113 976 915 122 252 1150 526 837 133 745 181 720 315 517 1397 1264 1108 1377 604 976 393 466 226 1132 1215 1364 516 752 1139 378 73 811 301 358 623 962 1134 1215 881 1225 1031 212 760 1043 749 1018 519 1142 727 52 695 1355 1339 634 1255 461 113 712 825 226 839 24 531 349 1048 539 353 1157 491 1255 950 67 273 811 560 331 406 976 7 47 718 906 283 98 1255 234 1134 709 1202 502 503 807 336 744 906 537 281 468 751 188 60 690 915 443 321 243 808 1133 853 727 983 178 1299 819 915 1061 328 892 1125 620 365 552 281 516 658 1101 1297 1226 994 297 1210 1009 557 813 695 1255 1192 1396 710 99 1353 1314 668 1292 607 1371 976 241 203 562 965 435 1226 1043 676 87 906 398 202 1019 728 990 1355 1148 1220 198 459 752 1116 767 823 431 33 953 1010 350 522 1041 165 41 787 775 107 443 644 1129 965 1157 1179 1262 1026 915 1019 775 714 906 1381 399 68 389 170 297 1099 721 542 765 1231 512 1412 860 798 900 261 659 1026 1157 1354 825 825 1008 275 1153 1043 590 1309 712 292 180 868 1370 216 539 1355 906 455 1160 117 786 713 471 1179 1248 876 802 1205 989 763 318 980 77 897 1355 59 572 466 1351 486 465 1011 1144 1157 1309 1238 422 954 722 551 15 1125 824 469 1208 1317 1125 788 781 1355 951 7 562 1355 1246 1210 1115 1392 160 1348 856 841 1050 491 1111 610 380 1125 1208 711 1009 491 567 743 603 844 440 1231 484 1286 417 329 238 1198 1026 1148 820 834 660 82 801 84 1427 271 864 386 1054 1255 925 1125 328 967 252 1384 915 491 1136 243 116 316 508 606 958 216 1077 802 313 896 1147 592 1364 1026 530 843 410 447 847 179 327 1234 1430 1069 1160 676 530 8 212 1043 896 642 33 1000 773 237 751 1304 661 454 1323 336 1208 231 915 177 211 686 172 1405 718 641 802 250 491 1017 1334 1335 1245 543 1315 216 925 244 477 828 485 315 1125 1212 1090 759 1421 970 1355 591 305 988 525 325 212 1355 97 1116 475 1357 943 172 899 1285 575 1069 491 604 456 496 839 653 1125 1059 1049 1272 339 216 377 120 278 121 1339 846 1187 659 447 304 294 590 632 768 1379 1291 957 1315 466 367 576 626 1215 982 857 215 858 1364 237 1108 646 252 278 301 718 103 1222 58 1096 45 1403 902 471 555 203 1362 1179 1099 1309 77 300 1330 266 1026 251 465 226 1208 1300 998 653 602 861 1294 878 1125 1105 1046 679 1422 35 1078 1125 623 1225 727 28 219 787 282 1133 1226 1149 1348 1133 459 969 915 1248 798 1346 1218 682 756 1355 14 387 1407 655 631 216 399 987 136 1355 281 132 1217 648 347 8 506 293 702 550 1382 273 126 355 651 351 1018 547 904 798 503 1136 1355 1328 1315 1129 191 216 1312 1043 469 910 424 41 282 960 702 1017 765 590 18 301 471 39 976 296 539 276 600 1223 276 251 815 202 226 668 226 410 526 1355 932 1026 743 1355 583 728 8 1367 923 976 451 402 337 315 502 1206 447 1281 939 958 843 1355 295 471 900 1006 538 911 92 447 391 885 1171 699 546 1019 456 108 837 906 531 524 491 1012 1255 837 558 1125 1021 271 1183 373 921 1390 882 252 371 356 217 1208 686 503 1025 1145 754 914 249 591 1179 491 237 716 703 1182 1285 1327 470 181 472 648 829 552 222 335 756 1173 313 768 915 867 807 1355 1255 1094 549 690 861 1270 212 479 399 146 1328 252 864 1422 1419 118 144 255 1335 1160 1061 850 87 837 567 1255 547 542 1018 967 1255 417 646 244 12 293 288 693 844 235 1172 252 1255 1355 149 1019 846 70 912 939 1065 920 738 207 660 1204 526 1128 219 321 518 948 1089 994 1321 122 840 1026 565 885 1050 1137 1424 1131 939 871 1308 991 716 1196 1293 255 1008 420 459 1421 489 1331 1323 335 1208 154 906 1351 884 1155 216 1328 993 1330 315 77 756 1148 177 1069 966 1359 15 97 510 183 815 811 976 32 234 1059 793 1269 272 423 273 915 987 404 531 797 1024 315 1315 603 244 573 781 858 918 334 915 874 58 1158 174 1422 371 1018 475 1157 755 845 1355 272 586 216 189 871 653 1328 279 983 182 164 314 912 509 953 1013 1044 798 344 1189 1119 468 1251 569 972 1043 1355 1095 1251 216 885 976 850 536 526 69 977 587 623 818 818 1107 1355 939 573 1253 474 721 915 1075 1075 1026 1100 430 1379 237 95 467 837 544 1071 216 1145 244 1019 945 622 1026 216 226 491 1403 716 159 1252 1355 1355 338 432 686 76 945 1010 1120 779 407 561 221 466 716 1153
1148 1361 362 713 1265 754 1234 798 876 33 796 330 1254 1173 59 392 654 968 564 697 471 583 1268 517 1265 208 114 1175 775 28 250 1112 735 1301 992 79 486 1253 5 500 816 729 240 1346 528 1135 1042 1389 1411 1342 938 434 131 164 1367 876 697 604 1023 649 1358 654 1404 306 679 247 222 250 1253 79 1184 884 1227 1382 86 1177 816 381 1358 1265 1005 1234 396 137 792 131 509 1032 1007 55 1256 429 947 516 1418 767 500 500 902 890 448 1265 1423 713 593 483 170 997 854 501 191 414 691 722 1249 1396 1046 342 336 1167 1358 250 1148 1041 391 149 1037 1349 233 504 712 250 521 105 701 1232 1022 119 768 199 227 1285 447 1403 251 807 1195 1416 1269 1234 998 1224 729 45 654 94 626 1106 1403 1253 186 1358 1078 876 883 103 608 1376 1404 1265 1207 633 277 886 288 697 348 557 731 184 500 332 1057 617 284 1358 513 1248 701 1253 1029 1352 844 347 245 998 163 753 26 194 99 1157 807 971 1386 827 932 876 326 1070 1175 1253 704 1199 98 1424 727 874 1234 60 785 500 139 341 485 792 1403 1036 1291 1406 697 80 947 16 966 1339 1363 1385 535 466 1080 504 475 500 1254 713 881 1161 1352 250 372 1135 1199 311 157 578 1175 1239 500 1388 1039 906 424 665 111 1121 701 139 680 801 568 842 250 652 1387 755 351 506 1341 832 477 290 1387 229 344 1198 1328 795 654 319 86 592 665 811 313 504 319 509 813 669 1253 697 268 401 120 998 458 873 1278 729 283 1217 583 45 1292 157 544 283 1264 753 1416 222 32 242 327 1421 1367 1061 974 327 973 1253 89 701 807 334 500 1017 864 935 599 1396 487 391 989 722 1010 1257 365 371 650 1098 656 938 1200 1277 652 684 1264 509 391 1253 971 881 697 697 141 1404 1037 802 1195 459 978 129 788 1321 1395 1069 1009 608 697 896 906 72 130 990 585 686 1375 757 893 509 45 102 220 785 949 117 941 377 1348 1374 479 691 1311 1262 206 208 1201 1253 1097 195 1396 697 1331 583 1132 867 156 3 1123 37 44 113 884 71 1253 291 31 697 308 913 1338 1096 1404 279 364 869 48 327 280 1061 654 1104 820 76 1004 817 1358 608 220 516 1002 500 1358 1415 940 789 409 82 198 754 765 114 831 659 1358 93 722 938 513 759 686 1265 1281 813 232 460 221 817 268 6 260 626 611 1009 613 566 462 1008 1099 89 829 53 1149 783 201 250 45 300 1043 152 1219 625 1253 1234 1234 1404 1183 1265 364 534 421 1025 825 121 801 273 1372 1367 370 1191 190 635 987 1253 1307 702 782 588 1350 235 1343 45 552 1253 1035 1360 955 831 453 604 195 18 729 1055 998 671 149 820 927 44 82 421 454 876 299 130 587 1195 583 998 616 1148 994 196 332 798 665 1191 834 1240 785 5 1135 478 998 832 1328 466 1223 615 729 675 1046 984 733 51 500 1126 353 367 593 782 1333 45 523 942 1322 948 497 1197 665 556 929 1230 250 81 1048 1236 697 132 219 654 948 554 335 908 720 765 746 133 500 575 13 845 1125 998 1174 1332 1253 697 853 1403 1265 1043 79 306 950 117 412 538 459 779 1122 1253 861 701 1301 214 1240 807 79 361 1207 1018 1086 1405 569 807 1117 90 138 1358 509 479 833 938 1081 1380 872 1209 846 476 1358 531 191 849 526 1195 1234 206 68 45 1170 787 748 757 39 504 1183 775 1031 1291 75 261 1339 566 762 649 1018 713 215 1426 1240 1419 654 969 1215 1104 206 697 44 206 117 1344 654 597 697 1125 1021 1005 982 401 1157 886 1253 615 665 929 624 152 1175 250 915 697 1264 1075 1184 1010 1330 1380 681 343 594 590 370 296 1182 173 479 1151 465 1026 927 725 617 816 690 1403 665 1059 1403 374 567 1190 549 771 1206 665 587 28 1048 1043 562 632 891 1305 119 1253 638 823 583 508 446 1427 774 374 900 37 583 807 938 605 920 772 99 622 253 462 1110 584 614 500 713 195 943 188 1404 1091 987 1094 1112 1409 912 1253 932 402 1404 993 917 542 665 775 583 877 45 453 373 1073 302 642 616 1172 1234 431 739 922 1322 807 104 1111 391 38 697 306 473 794 90 1037 751 559 128 784 1104 654 972 875 1126 1162 515 1145 211 218 944 210 45 597 588 374 800 798 937 1404 1041 654 804 653 909 47 1168 583 1258 295 240 25 1253 613 1034 445 1072 741 557 335 654 665 475 936 755 865 1262 1284 117 1281 1195 1140 14 697 1197 1425 278 753 552 1404 2 429 788 1253 524 583 573 1338 1093 509 700 952 900 1403 45 879 616 1284 208 138 1199 158 208 265 45 515 157 938 610 203 557 465 1370 1189 896 697 1244 1377 1021 376 640 1112 544 1095 697 701 1374 729 374 1191 268 583 308 887 250 1176 892 1265 604 335 410 729 272 1414 398 509 1253 656 701 367 79 339 667 44 374 39 452 1176 1104 534 743 891 26 325 1393 585 713 544 1152 1265 654 45 973 1191 969 1311 907 640 250 290 1151 312 583 268 1358 1358 816 697 468 113 45 526 1213 1269 695 1089 586 407 1179 900 1253 705 654 938 663 338 1211 1303 811 518 665 1293 500 527 520 738 328 218 1139 464 1241 1130 716 539 697 233 16 615 390 204 1024 1253 713 576 863 964 1358 947 1234 1015 979 1420 884 22 1089 208 459 698 924 1056 817 701 813 1179 708 133 836 1280 44 1246 1078 500 698 373 825 772 591 724 766 548 1030 1237 1369 1358 1009 249 1102 1021 292 1218 1204 1417 539 1386 72 836 701 1253 10 787 208 500 286 938 510 388 208 470 89 250 39 236 430 940 1343 208 998 111 471 1265 1336 448 1030 954 697 995 701 339 79 1061 210 374 208 729 1319 876 816 1046 1392 11 1175 583 1358 510 497 17 1068 605 293 1133 1124 285 1162 834 139 139 878 876 697 1128 1358 137 1060 1065 998 256 713 697 1025 747 1415 1269 157 1311 31 495 1041 306 816 61 674 1007 444 500 454 139 282 1405 1174 998 986 1133 607 1153 1288 778 705 1096 1042 1223 1413 1283 1358 1286 958 393 998 661 1156 208 100 1376 1145 853 862 325 1389 335 603 1376 1135 816 339 185 807 292 9 300 1203 1050 1341 583 763 1251 910 290 696 697 567 26 584 816 267 1240 1021 1382 1152 946 89 1376 1265 285 1278 605 374 380 920 689 250 856 1245 329 1326 1253 1149 1054 244 1360 1417 256 448 448 865 204 1362 61 85 770 1016 1087 457 596 1232 716 605 150 1032 250 87 208 226 986 839 524 165 991 633 697 565 229 98 713 982 658 1119 1195 58 938 697 761 901 207 294 1176 1008 164 256 217 88 1358 1399 472 641 62 2 574 837 1404 1358 488 697 1326 790 100 804 44 826 1281 10 287 1253 657 103 1099 713 192 791 215 1169 208 1 1218 1280 500 1148 73 1111 444 448 654 1358 861 467 250 910 466 256 1366 272 1053 441 919 336 839 658 1230 33 1253 1397 807 1282 1013 403 458 44 583 546 448 494 829 564 1257 703 79 1041 445 1023 1253 1245 761 1195 659 448 697 428 674
982 892 89 407 1394 876 61 1389 240 928 1337 29 802 264 1268 108 213 1180 734 1269 280 991 1362 898 1394 736 531 239 773 632 1321 1156 145 90 822 395 485 757 963 655 1231 172 1070 383 506 1325 1365 804 1148 734 553 1083 137 8 900 801 886 824 1035 405 963 432 963 963 1156 761 367 1189 925 94 802 901 735 1070 145 991 1231 912 358 415 762 817 64 340 1396 823 562 407 462 1175 559 1126 1337 868 176 102 234 1007 479 1290 1321 823 213 835 70 729 531 389 1121 729 320 296 357 1248 380 506 1320 546 964 1147 1044 52 677 537 415 5 1116 36 1014 1117 519 748 30 1024 784 830 725 747 792 21 1429 860 1156 289 407 591 1185 1149 1070 899 630 1373 506 1085 52 703 534 646 573 120 615 1087 398 240 364 1106 383 234 963 1394 1066 880 157 234 1280 47 429 1046 1046 347 963 217 52 93 1230 171 274 813 444 479 347 383 1232 327 1234 630 341 425 1348 896 85 61 922 1042 407 383 1207 624 1321 24 205 1124 1263 68 204 239 1218 674 246 1070 761 503 967 802 743 383 347 1074 1067 1321 234 483 526 339 1299 1350 668 491 978 302 1029 408 591 234 442 1384 775 531 926 1155 379 1165 929 229 234 539 508 1416 646 367 1032 840 971 171 432 6 784 5 1107 357 367 720 623 591 1279 1102 743 115 407 872 1396 543 290 986 383 386 1042 870 145 1002 1141 109 963 958 155 451 163 1362 500 407 572 832 471 1320 1361 630 999 1017 545 506 645 506 145 487 699 319 1405 1320 691 1156 27 1215 29 1182 615 869 611 759 246 737 490 794 1095 1067 568 1320 407 1055 274 383 588 1348 1279 221 802 1198 132 383 82 546 331 1010 717 201 137 1156 383 755 524 531 1098 732 836 1292 513 234 1 442 29 972 290 285 192 95 1081 832 515 243 414 949 234 657 1192 383 1171 88 1364 383 612 109 621 802 205 289 1091 1225 440 1156 480 178 659 980 1299 918 132 886 21 1195 18 1128 1015 1066 61 646 1152 897 744 1348 30 1148 1 1333 917 1395 971 74 802 837 546 234 341 996 702 1369 662 1049 195 964 973 1160 963 1229 234 573 383 597 347 383 1149 1353 999 587 140 1028 1321 1340 965 1177 129 407 383 891 928 383 284 715 603 1185 259 1390 792 1131 206 383 942 1388 1348 296 896 368 664 1399 896 475 5 1383 1175 357 559 802 1104 802 1218 886 788 407 664 405 18 249 681 397 832 591 192 61 1282 963 252 1394 886 486 1158 630 409 1325 497 1248 1037 624 1014 5 1028 407 1348 1223 285 1337 176 850 726 1247 1179 286 402 291 1043 558 881 109 1374 234 340 52 527 1106 630 646 603 1040 267 794 1156 1211 832 240 1424 1100 527 839 1374 630 61 784 929 549 269 132 355 273 1320 449 1348 1041 328 241 630 1039 922 128 783 963 459 832 1259 163 572 1353 145 913 1361 1386 283 5 357 920 802 1337 193 663 309 892 162 1360 1223 826 893 724 383 1138 784 234 1268 963 347 714 855 383 239 338 334 596 234 1192 964 351 1028 630 985 646 185 234 788 947 1105 589 701 531 648 1406 1296 906 504 358 1144 802 465 784 442 1179 527 591 187 754 52 646 383 786 1395 1348 846 1154 1016 1014 782 24 605 1391 1205 383 1180 383 407 780 1374 1180 963 287 781 915 1363 1004 481 360 1144 33 91 1042 150 1126 467 31 1311 221 718 156 1320 429 383 1157 686 1283 1042 1321 294 1224 145 292 717 549 459 800 1336 698 943 1127 694 1076 909 21 1065 566 668 592 1156 1042 192 1195 1348 239 1028 101 349 89 1070 832 451 319 1256 233 1010 667 1429 1156 291 812 109 1220 852 1291 1355 896 242 802 584 919 394 562 832 928 963 990 572 697 1305 1036 531 302 1070 1394 1320 546 971 1369 996 1035 521 234 410 175 1085 234 531 1100 124 579 963 958 799 896 145 591 399 41 113 572 558 711 347 1337 676 837 1074 145 403 340 889 1321 383 591 3 1048 572 410 696 802 1304 347 1296 143 839 1361 562 1190 138 1059 894 744 940 888 1321 109 370 144 742 335 565 747 1046 1070 895 266 1296 743 234 674 455 620 137 234 949 414 1039 1167 422 926 802 529 234 1418 1294 720 390 531 533 911 1206 160 731 754 815 370 932 516 571 646 225 329 803 1144 79 1243 802 867 1156 1313 479 285 782 442 145 1132 126 855 615 963 837 704 277 612 1425 1156 199 269 896 494 385 1053 1156 1388 386 144 580 572 416 1218 1293 184 691 753 340 109 927 685 572 88 1238 211 1014 1089 668 1383 123 262 97 745 442 1222 995 572 878 162 1041 544 1365 1320 1354 1040 733 630 1156 905 1014 383 801 802 574 557 185 971 964 92 664 589 1337 145 234 347 1066 1260 1348 1394 357 435 375 506 93 940 828 676 802 777 3 963 1113 407 1281 165 523 1070 626 861 963 192 103 347 106 97 347 199 455 1033 924 963 1245 639 1291 357 1070 1070 996 850 1152 1159 234 518 145 674 544 1291 971 614 910 968 1404 1156 1344 568 918 1066 1190 216 1308 1149 61 630 234 12 237 698 699 422 1086 604 644 353 800 459 342 1361 531 407 802 453 59 1079 1372 805 234 109 109 448 357 1119 1264 802 630 963 1383 594 1169 837 1295 406 850 234 280 470 964 546 321 933 383 1396 863 1013 1041 62 383 16 338 649 894 963 177 234 73 656 546 265 649 1147 1316 298 572 492 729 357 1309 266 675 762 646 22 1321 192 497 407 1084 1302 784 135 1321 784 466 234 506 963 646 803 646 246 551 52 1156 1387 153 1119 66 1265 630 1113 877 854 1333 213 136 31 778 205 799 664 486 971 452 953 1280 459 407 240 1231 56 1090 784 440 475 475 1321 579 708 657 506 1151 416 150 904 1406 433 1284 181 21 240 646 355 1178 1348 31 146 630 588 383 1382 800 605 11 500 63 35 234 668 570 1129 1231 830 1297 245 1071 1107 1428 2 41 442 784 630 1142 1014 787 192 630 61 1041 1361 886 1028 63 266 1117 234 705 664 630 1156 210 1271 539 407 405 1321 407 1014 61 855 963 807 747 1231 52 245 1348 1033 441 948 1195 1429 378 646 880 961 919 132 971 234 1321 1348 1361 1231 1348 273 963 1107 926 1391 869 130 383 109 383 1198 1337 234 1042 545 1115 730 668 1103 584 282 1268 1367 1129 762 746 383 525 102 836 1067 691 1010 961 733 562 459 698 630 41 126 357 398 420 951 1320 1151 1104 706 640 234 1379 573 886 832 1029 1377 1014 243 4 919 1362 990 452 971 234 93 14 812 302 1128 52 1365 342 234 531 1089 234 35 1180 572 228 251 896 145 1052 1359 348 94 234 680 606 451 1246 151 347 234 1004 234 62 173 1070 610 76 147 1355 963 109 1158 347 234 287 808 712 1016 98 234 1378 1189 483 501 286 805 785 1226 1035 188 173 897 1223 119 370 776 668 812 347 1348 173 802 234 383 367 42 383 1321 1156 635 1115 1337 297 691 389 1195 971 243 1009 1055 959 507 1321 630 1321 506
168 656 204 463 22 1402 639 1191 394 580 1326 1196 866 126 1330 521 1367 1362 731 1263 590 237 128 573 22 1147 767 352 322 862 1135 1077 833 550 982 60 636 592 1286 60 86 1081 1191 530 1039 229 145 960 61 645 905 1350 1028 540 16 1158 590 625 1003 552 742 1329 916 1080 760 148 728 1345 1078 390 1085 1309 584 558 60 1202 1421 178 1135 409 828 32 860 58 1275 1117 10 463 396 401 606 353 341 1031 1253 431 760 473 1176 1019 728 319 1024 900 848 578 1006 1127 1153 265 1424 913 577 602 1114 1376 435 1376 154 572 742 944 31 984 1250 1356 680 446 1327 400 775 853 26 139 134 625 419 1369 1122 1111 1060 270 1077 112 463 1069 487 613 1170 534 911 690 1023 742 1077 849 122 618 380 205 1257 1135 666 194 1380 512 345 583 860 22 125 572 1019 760 860 1325 13 1015 1267 910 860 675 1220 3 270 1135 119 760 1217 10 231 1191 330 540 1341 911 229 668 1101 110 31 433 680 184 1134 1191 1077 497 728 1253 1333 728 944 171 836 1276 930 1306 952 1397 1400 31 537 1119 1339 1308 450 852 1190 728 121 1276 321 253 1157 798 31 880 31 699 860 683 1318 760 1030 1077 570 1376 37 1033 1358 229 546 1222 760 547 53 1279 270 600 704 352 406 257 76 1401 10 530 1085 570 270 602 1131 744 786 529 281 756 1319 353 1174 742 732 69 1056 427 762 512 237 1186 48 168 1413 352 742 716 1326 10 822 311 10 987 633 1327 971 911 342 1288 1153 430 844 3 793 742 737 31 1159 211 829 1077 709 1191 31 537 629 1320 1164 590 920 667 751 192 796 436 115 1185 463 235 1377 1191 444 1261 247 1262 1413 261 263 1191 849 1376 706 1288 36 907 1091 1077 1056 922 526 292 78 173 1102 63 1344 760 233 851 150 1250 1301 618 114 1080 108 1133 997 510 188 1059 760 905 420 899 1272 1407 7 666 984 1367 683 866 893 60 419 560 421 944 860 1270 1429 1098 512 953 860 912 555 285 720 1019 523 1184 1200 32 700 1299 893 146 676 759 307 1257 1069 649 1158 160 866 1201 1376 760 654 910 512 1376 466 1164 497 803 195 247 796 742 760 109 1191 632 619 1191 1135 1267 208 593 345 270 742 1383 1319 368 988 943 1191 332 1069 237 253 1044 1135 335 165 270 351 1200 1350 22 745 533 179 760 110 929 1066 1367 110 1103 892 73 760 933 123 866 379 866 1224 939 352 23 559 270 512 984 939 728 1305 1147 270 1353 643 1408 511 22 123 55 1086 1076 1069 50 644 1420 707 1276 276 40 514 463 1414 10 986 631 1322 233 927 35 372 742 148 10 919 993 566 269 736 1312 756 1077 424 1378 911 760 984 1010 775 1069 907 1257 836 1221 445 497 317 1172 179 911 1284 270 850 46 282 73 213 58 351 1303 1143 372 200 1376 911 248 1041 944 1117 292 1023 1015 1191 868 735 799 270 391 995 169 1173 256 904 72 481 270 270 116 330 31 860 527 913 509 742 649 1191 592 270 270 1406 540 961 1323 35 1191 558 1353 1409 844 760 742 984 122 60 911 525 469 10 760 1164 692 22 882 423 1279 629 1354 480 151 465 57 203 866 300 907 937 60 1405 1089 1176 1251 1077 1352 1191 860 116 1172 378 980 773 1135 10 572 1374 907 170 718 201 1417 412 1290 1135 63 23 858 751 641 1159 1153 270 742 478 10 83 34 1429 1093 1400 1200 215 49 447 1093 576 1125 360 526 266 399 25 1101 532 500 1426 829 750 1167 1023 430 763 246 597 1418 1329 1157 270 1164 41 1386 128 390 1077 1227 1371 285 543 581 427 543 989 742 291 66 227 391 397 1409 222 1019 586 1077 1096 859 444 986 905 284 1185 1253 1202 482 728 271 572 801 324 627 187 870 987 858 741 1191 1304 1118 1077 941 462 1069 1077 860 1339 745 273 760 937 10 572 1054 210 352 1072 905 270 858 296 110 166 369 270 1295 650 881 187 557 1164 1212 204 443 1001 913 900 1238 222 728 1191 990 53 1216 860 509 1012 866 60 515 1176 905 187 1117 1191 742 157 1111 742 1134 292 866 728 938 1390 489 1355 115 977 524 270 1366 426 1180 698 1250 760 590 1342 1358 83 760 539 458 1298 69 278 760 866 455 760 706 760 97 17 672 601 543 742 953 1386 858 1274 1235 442 905 984 270 60 1253 1040 276 1032 1068 866 489 931 1015 10 207 749 860 1242 549 913 217 270 1374 243 375 116 874 175 1077 1068 1032 110 1224 202 1068 1077 496 335 636 1212 860 213 377 1373 866 553 890 1204 959 659 10 756 595 1340 479 742 697 1293 567 978 1400 442 10 409 1363 742 495 1409 270 572 1293 832 239 1369 685 668 1052 580 986 522 1191 395 866 1329 1316 858 1400 1419 1 12 389 1326 60 35 519 1164 700 229 22 1399 187 250 1023 1426 418 126 10 249 265 1244 944 94 83 773 1069 858 270 839 734 731 1187 945 1194 1331 326 574 991 978 536 404 22 60 742 1351 889 683 240 749 116 742 1020 760 304 247 1116 14 1135 938 1421 1242 837 742 1077 771 1035 892 1127 138 60 707 1420 10 1077 539 723 590 936 435 384 598 617 900 585 1373 1023 1367 1282 148 463 866 558 656 251 140 852 1077 944 387 276 17 510 1358 1019 270 1272 51 542 1135 1028 918 215 557 760 847 292 165 1376 588 1033 1263 1216 760 700 906 480 1400 410 1069 991 1069 860 512 760 1273 208 1376 1077 1337 570 696 1104 860 550 1182 1135 852 337 158 785 760 1373 837 1206 483 1077 708 244 172 1410 728 862 1361 270 794 944 92 784 200 394 229 270 175 608 814 331 1399 664 911 503 977 1270 520 728 1238 1191 131 1176 185 787 1389 1290 643 858 993 1023 993 453 575 856 277 423 161 37 14 728 813 731 1379 698 1028 337 268 572 142 1001 1262 1396 1083 115 1110 1088 1135 905 14 1077 911 1349 1191 958 36 184 248 470 376 1104 760 19 613 643 899 686 860 22 802 60 88 823 1249 984 715 911 335 1132 958 379 78 159 1035 981 170 409 918 339 1135 26 144 1338 911 1077 644 940 1068 522 463 728 463 421 309 729 463 198 512 1146 950 1112 984 1061 1317 731 1292 1429 165 954 904 1393 527 860 1128 760 728 728 378 1199 728 669 120 62 1164 352 779 44 22 505 1211 891 858 760 205 573 742 943 76 1063 738 1035 270 306 1254 918 1248 959 728 728 483 888 1429 782 554 485 181 383 1251 77 319 162 1055 60 31 742 284 1192 115 1195 373 760 1353 321 552 1318 298 1399 1329 148 352 131 551 1057 311 928 270 1386 114 397 810 1089 1077 1088 523 760 1128 1135 781 1376 1360 868 1342 1189 1 10 1135 563 641 877 760 1413 120 1302 175 590 1265 760 1019 1077 1287 1206 270 1393 1415 1037 566 512 417 768 30 270 938 412 913 1077 728 760 1135 913 728 742 353 1370 1070 1108 112 1223 370 746 194 984 1252 953 1035 21 72 1186 9 64 270 595 1069 1080 1218 728 944 962 1077 1077 345 447 794 285 1184 785 1022 452 1134 254 728 270 728 284

proba init 0.05 proba clean 0.2
915 1088 610 623 360 1154 88 508 1385 853 11 268 198 365 88 480 109 222 583 945 580 1325 1142 160 67 554 1319 1130 434 497 1298 838 1339 67 715 841 268 754 879 770 1385 1160 226 561 747 1020 353 1327 563 356 549 818 429 752 1217 401 309 1262 802 6 1298 824 497 327 603 959 432 199 503 265 905 525 332 1339 88 658 253 840 1304 201 471 323 473 1352 3 791 84 551 1061 498 1044 849 630 268 1213 1410 603 188 1202 756 1038 1196 129 17 608 10 1150 135 549 1426 1428 1160 332 68 859 1003 1018 1030 1178 855 1298 549 1202 777 328 1023 323 987 577 171 602 526 800 332 498 583 486 630 263 95 839 286 244 1142 309 898 848 1339 857 866 21 327 1038 853 244 1207 1038 1425 1020 205 24 129 436 1385 1022 297 889 1032 217 701 148 855 780 1213 162 522 1323 1218 1351 1377 35 686 549 339 895 595 468 535 832 84 1430 889 756 176 763 21 1212 1180 533 307 190 1348 533 1146 64 889 244 168 1038 734 944 979 52 982 1235 96 265 1096 907 1339 683 1394 553 668 1261 892 979 450 612 1038 265 549 356 1366 726 657 1202 649 1202 43 130 638 246 603 82 549 367 1264 311 548 1061 552 261 1053 360 88 55 1429 309 328 223 713 1130 889 1426 1368 497 1292 905 229 828 1343 1194 654 1160 140 770 1420 735 248 853 544 358 229 523 182 800 127 881 355 244 1209 247 1298 1210 443 890 84 307 1008 84 1229 512 90 1238 21 1414 652 1223 1039 1084 427 1257 1298 777 1217 610 629 223 244 554 150 1202 346 1202 324 412 1259 1223 1338 520 1112 402 139 192 1007 1391 1257 332 889 1262 533 703 932 363 348 811 889 88 411 541 1102 148 549 332 244 549 605 1335 346 328 756 1390 367 1043 603 1297 449 930 1315 880 475 1391 574 1187 1039 823 1339 937 489 603 88 832 529 712 477 685 889 777 88 1399 1239 81 802 794 1222 560 244 327 75 673 1026 486 2 1122 1088 223 88 1003 756 1279 566 534 603 1390 961 830 228 170 975 220 1064 1184 125 265 1269 84 1001 1154 603 417 1237 755 1128 700 937 270 800 576 723 1342 161 603 223 889 719 519 889 1298 1324 1339 603 1382 612 1049 1114 314 103 598 57 889 55 109 987 968 889 125 841 283 575 385 841 797 889 422 332 533 234 508 1197 807 784 1155 1283 1122 268 603 332 1390 839 43 559 1202 813 1298 327 290 763 1386 777 630 179 370 88 265 88 435 88 110 903 114 125 1184 863 369 145 118 1314 382 1298 577 1122 814 686 533 84 1133 1343 1292 17 1013 499 683 170 533 84 1153 472 839 837 1202 95 1190 244 151 426 21 603 987 125 223 326 244 237 1096 1385 363 251 702 83 957 21 793 839 1320 709 559 442 724 181 480 909 533 760 88 964 21 980 1140 1383 869 1247 1039 675 889 552 1382 327 799 1125 332 765 1000 1122 1104 287 469 10 331 308 719 1202 386 1202 836 44 1055 229 889 23 309 939 25 889 613 268 411 889 1060 1153 1133 219 603 234 733 945 1211 21 91 407 84 1205 332 582 750 1339 730 603 16 421 996 244 830 31 364 943 224 601 1225 346 1373 898 784 253 244 433 889 1348 166 533 74 571 239 125 84 855 1083 549 1375 941 922 327 817 1074 688 1086 190 519 246 215 999 223 88 608 1134 1401 591 800 632 222 1163 1367 712 784 1385 434 480 1363 22 971 229 81 800 1391 496 1426 839 571 1278 65 223 265 774 223 223 234 263 544 607 137 248 751 891 1090 244 800 579 1417 533 444 753 1145 1076 656 820 726 1177 1044 1339 10 1339 1239 1043 1014 311 735 304 251 1167 1121 1012 372 678 28 865 800 855 1203 264 883 1242 959 64 35 1202 98 1202 917 88 23 1208 420 549 309 66 1209 56 457 247 84 855 951 1149 1303 766 1217 889 780 1385 165 510 898 419 497 327 1127 125 610 662 850 556 279 376 565 53 666 1157 1038 889 898 920 1202 93 123 614 756 948 129 1160 303 1249 1174 1337 1298 24 1014 332 734 1294 1381 1038 647 387 404 785 913 906 1298 1109 140 988 208 328 945 603 1329 38 189 1056 905 429 1417 577 1090 223 481 45 136 647 661 854 506 280 943 1308 316 780 1076 169 1283 168 962 332 542 777 948 224 443 854 1412 781 1419 1040 943 232 177 84 1426 1339 957 119 215 927 355 839 874 1018 377 1042 412 244 969 682 146 426 253 941 907 1247 1140 1301 917 1204 361 443 551 268 84 651 775 354 133 222 84 1078 290 223 1057 958 1339 92 899 352 1283 247 648 898 898 1298 1182 1162 549 855 493 385 823 1055 188 946 690 1265 1009 125 889 1339 138 385 1206 265 1130 1363 1118 1043 109 292 1339 603 649 332 463 533 1183 82 928 1283 513 35 202 906 84 1239 540 327 88 891 294 125 582 1283 1008 399 117 1367 646 119 476 1316 5 562 1265 1392 1339 698 889 1292 436 122 770 934 223 1103 366 1365 223 603 1115 560 544 677 611 346 456 129 589 792 244 234 1420 1033 521 1372 521 1037 1236 265 21 1234 452 288 1139 839 676 318 530 1275 1202 309 223 1022 1162 1314 1379 1341 1189 495 1016 786 1412 244 1154 711 64 229 1119 265 302 603 822 1157 861 879 919 190 24 1148 603 184 190 1143 183 88 260 889 513 603 1168 882 1009 113 881 1212 680 771 40 1213 603 1269 234 586 244 529 136 1087 581 1348 1256 1357 1124 189 1385 971 803 603 393 1361 1391 469 515 1202 1076 969 756 1038 875 1044 309 920 549 95 122 898 375 569 549 309 800 973 15 1033 822 21 777 444 388 162 153 49 707 265 511 1203 501 1371 1130 1283 327 150 309 961 1385 231 1046 1202 167 81 21 298 1038 719 1154 288 85 1080 1217 49 855 298 1306 1058 623 212 1385 1388 84 125 533 507 1369 21 257 889 904 442 118 907 364 80 952 309 1105 1225 737 56 416 629 265 506 88 916 443 410 777 867 21 427 125 332 1391 21 361 528 119 125 196 549 253 125 603 890 1184 21 244 549 898 552 822 328 1038 889 808 1225 327 440 1225 732 170 244 270 533 409 693 1421 623 827 1401 953 1339 1248 519 1269 1160 603 1038 448 1381 781 1038 492 690 1069 1245 194 482 562 889 1428 889 1247 1108 603 448 833 811 549 859 239 1298 690 244 1239 48 268 739 407 914 301 734 1315 632 499 19 734 734 283 1136 625 1181 868 502 88 1202 699 789 916 1037 370 533 603 1350 610 391 1388 710 659 936 482 1298 897 1298 472 723 1322 603 1122 301 35 1202 1159 244 1298 523 662 10 577 448 248 902 334 847 264 44 265 125 1039 265 472 966 914 149 206 309 1383 973 1416 1100 718 326 1036 1283 327 858 760 480 1122 828 897 633 736 332 642 604 1041 1122 603 1056 424 915 461 292 919 695 35 202 1054 513 10 537 966 820 1087 265 534 226 1418 869 1080 1339 308 113 347 889 1038 88 615 244 244 309 807 971 188 1130 756 972 533 57 459 1038 418 1038 398
1355 520 420 388 797 217 1040 470 958 1327 1137 1300 420 644 543 681 937 53 1332 192 734 599 365 496 1333 13 953 411 728 1208 1073 901 606 307 564 1199 85 151 104 188 1073 1332 630 51 184 233 606 409 526 1174 1353 1363 1077 1143 781 702 863 965 436 48 664 201 760 1343 1353 1180 1398 1409 845 49 1237 1167 98 1406 188 531 1073 980 217 452 291 360 745 851 844 906 918 1166 1318 948 267 180 47 14 195 1054 874 1127 625 78 1372 92 1040 52 859 685 953 669 822 988 899 407 98 1346 353 184 1390 1209 563 655 1353 1375 378 444 272 810 827 281 316 2 1343 1115 885 98 1128 271 1011 962 292 775 1256 701 1375 1239 150 763 1371 606 800 1267 533 229 184 967 1375 215 911 603 1193 1119 991 511 411 1220 891 567 89 154 544 699 1358 526 351 842 349 190 643 437 164 93 1353 1073 822 779 556 217 1051 1300 1142 918 1208 89 600 1391 1322 533 209 685 552 341 296 388 335 1047 265 89 1375 756 590 195 135 691 999 647 60 58 707 472 471 217 1135 180 1346 420 1137 779 435 267 486 1156 249 188 834 1145 726 872 381 597 886 1209 953 1073 86 387 1326 503 224 928 299 114 180 129 1228 285 556 669 411 454 617 272 1103 1416 714 1009 1403 747 51 116 828 98 680 585 1013 918 566 318 1328 1273 877 1353 807 1176 26 98 798 267 34 949 1088 789 492 1243 124 1337 1139 367 978 918 524 1265 918 249 760 65 509 533 827 1163 411 1332 596 184 4 169 550 818 1367 304 652 172 972 1184 1323 1388 467 54 1055 1235 539 420 1186 959 1353 423 438 95 374 1396 98 664 392 864 1071 1173 820 546 529 1000 1167 279 307 1256 149 1073 98 172 1167 548 1271 467 272 1171 955 495 714 852 479 839 1286 195 871 561 672 339 55 249 191 937 677 224 636 306 790 89 723 1383 1028 1000 129 403 314 905 677 937 1093 539 738 1375 664 655 1212 71 567 959 664 332 301 1225 842 432 28 1064 280 617 565 237 520 1282 126 278 258 318 487 801 188 168 918 919 600 523 900 1332 567 1099 544 1055 502 1134 78 892 1144 988 617 54 89 308 895 89 707 306 888 1077 597 1090 916 829 111 879 80 867 89 1346 445 572 1137 691 1091 1019 108 670 1005 301 398 1000 188 98 1046 965 105 315 1158 1332 163 937 160 762 1343 1215 139 822 513 746 991 143 282 1229 624 102 567 830 1352 546 249 683 188 1263 1097 1353 935 492 100 1249 1345 207 1187 140 1212 1344 1083 1099 1286 116 321 683 616 918 473 1076 85 387 1034 62 564 1054 573 918 652 814 822 1304 959 683 653 1375 385 158 533 505 627 708 773 1135 1074 177 249 400 1198 1167 845 838 171 533 1197 671 862 507 100 415 1081 1023 301 919 806 654 779 1075 533 250 1090 822 1297 903 1071 249 1000 1176 840 236 1027 104 98 884 196 670 750 671 1333 76 1231 802 294 309 792 929 417 416 370 386 89 937 1277 568 1311 288 1392 904 671 1353 1278 8 619 1339 617 657 483 1122 343 533 533 1221 918 613 98 39 1068 614 49 953 84 1134 1068 143 982 731 808 929 1270 908 937 39 1025 379 1252 376 1375 78 1000 403 188 646 1011 352 619 217 918 29 911 188 1061 155 1289 1000 1269 1037 217 61 736 667 1069 297 256 156 623 1019 231 1026 1385 820 795 1028 187 1051 313 1070 1073 362 1176 592 1211 733 758 1047 1332 614 1303 1116 1381 1275 631 1390 1129 671 1422 1147 1310 172 1332 1207 1347 1055 1219 1425 981 967 1375 1354 173 1259 695 114 1303 245 880 94 419 249 1203 662 1100 657 797 905 527 1375 262 52 1050 360 1326 481 261 907 1379 1272 1372 509 721 1073 249 811 511 1124 455 709 540 664 1218 436 1353 295 447 677 1353 403 115 922 1096 617 1409 918 658 261 1174 598 374 1192 1184 1125 1163 592 1031 489 93 688 257 505 1337 434 664 183 723 1003 1349 358 880 1221 1051 1420 1000 1170 1163 223 1425 392 1133 1013 217 918 664 579 475 462 1236 229 825 1367 253 782 662 746 81 856 953 1039 515 1018 1369 1295 1222 1017 248 262 272 1172 11 1015 225 162 49 195 1322 1259 1268 495 199 938 420 1139 937 1359 865 592 100 953 1394 984 1138 1066 767 774 312 402 98 544 1152 617 954 195 1184 485 1346 1035 902 878 172 437 918 766 188 705 1391 717 308 1055 188 261 842 486 639 1167 1127 547 1169 111 971 1042 1347 261 172 995 1254 200 787 1353 1302 1199 1127 918 316 964 799 664 685 918 581 1032 870 1420 424 916 872 793 1138 822 249 785 985 855 1177 751 1308 799 429 716 153 753 95 531 164 600 172 171 254 89 863 746 1229 1127 712 822 661 846 1210 1090 552 1006 98 1139 1055 121 748 463 1215 1369 188 184 126 1186 288 918 905 316 634 819 49 734 288 237 908 937 804 1367 1134 65 1114 22 180 367 239 1310 1113 1215 188 1353 818 1423 734 495 698 437 1045 579 555 50 1155 239 336 124 383 217 1073 357 715 409 871 172 136 1130 1388 158 1253 483 1028 296 918 1029 1332 275 41 442 946 779 1043 932 1212 1207 41 563 1035 969 1342 1328 420 783 971 55 809 1215 1242 176 564 172 1215 961 1308 965 1332 875 1302 180 217 637 386 813 1299 1198 715 1124 985 1129 1167 188 89 84 336 622 188 411 730 969 544 584 1018 1353 567 617 647 96 1301 237 500 1400 195 1287 1353 410 981 217 909 1073 984 964 826 188 749 494 672 793 862 246 164 1328 613 713 1005 617 184 937 49 378 447 232 550 1159 403 837 337 790 696 102 533 678 475 625 933 1154 1284 941 70 844 1007 547 49 1029 862 600 18 700 632 840 1073 157 892 822 1393 589 217 178 294 1219 252 184 662 1244 1284 353 1015 328 318 388 514 1073 617 918 217 446 217 890 533 252 829 1332 168 770 896 977 1028 1157 617 710 730 411 1073 692 1120 1276 365 1259 637 1201 494 809 822 533 97 1132 98 395 533 1082 276 56 59 776 822 172 1406 1332 1399 966 533 1375 671 1388 1001 941 272 258 1000 295 1171 1332 822 1171 567 1073 941 1205 1353 80 434 1286 388 451 1073 1004 100 237 737 305 545 617 822 770 879 1073 960 1405 779 1038 1055 852 1119 685 89 392 1000 810 1231 617 1426 49 374 350 442 664 1187 1107 1375 905 411 1005 276 740 1237 259 24 752 817 1167 243 24 1418 1213 1005 1388 275 173 1083 121 862 1182 730 606 613 207 674 529 69 648 810 249 949 1399 1089 601 991 430 3 989 997 1073 518 685 1404 17 298 1123 138 153 543 367 953 217 217 516 1296 956 283 916 780 918 217 607 1360 574 188 1098 822 942 62 59 827 1242 342 606 1042 1037 174 37 179 673 796 567 188 366 985 188 98 544 188 1066 1353 617 217 526 495 1065 592 937 1167 1127 407 12 1287 245 1055 837 1170 293 322 12 624 778 1332 826 188 742 1429 860 89 1172 186 304 1375 626 261 49 1194 374 877 1097 411 1176 1055 1360 1252 822 555 184
1394 1300 98 1417 205 138 844 1260 798 363 336 935 20 1405 844 47 943 1363 327 1238 1039 464 292 422 1409 1015 92 1145 1310 746 573 987 701 1265 1044 498 952 581 357 1357 9 529 1160 1268 20 564 1177 211 959 519 974 231 1072 1164 394 1048 702 1352 541 137 691 1004 864 134 732 325 802 723 581 975 1284 974 1260 181 844 440 535 1110 895 83 351 1414 527 600 1127 759 38 329 681 1294 865 1393 483 619 720 1020 950 1359 1191 581 1197 1327 1135 94 1429 761 1356 499 1333 1322 1343 1412 1260 65 834 843 709 1040 340 1255 1168 1265 440 685 10 300 1393 686 659 931 1045 253 140 1260 1384 444 87 206 703 1236 816 917 1265 223 370 1278 1272 1376 1017 605 1050 1260 421 147 1098 628 30 428 381 659 1128 839 1310 567 386 493 789 1311 1361 1379 59 7 674 1264 205 549 450 853 505 583 156 519 844 762 1175 1280 637 1018 1383 38 384 376 1058 739 954 607 435 1287 806 1295 11 716 961 946 1286 1099 207 636 1164 931 724 420 1253 397 213 127 1341 483 1089 172 1097 1099 502 1191 460 245 223 1317 255 292 1002 346 473 191 876 672 440 1383 440 1260 774 929 763 1264 156 974 1305 1250 1366 183 97 617 660 668 1158 844 1350 764 1264 906 627 1183 1152 970 743 604 800 1339 1196 1260 153 1349 1273 763 1412 97 1260 649 1108 56 1162 639 395 1260 439 649 1118 458 464 65 1280 1009 323 1230 677 77 1347 38 30 244 38 201 462 210 1207 54 581 1183 304 421 218 153 464 714 204 1023 225 1399 1038 1265 919 998 127 301 635 515 107 1322 432 411 191 581 133 284 238 1233 1062 809 1260 846 1342 519 959 57 394 796 217 228 844 224 180 273 428 1190 1260 1265 1099 1138 18 1310 10 581 362 1211 180 1342 889 200 1419 850 714 806 1313 195 825 366 483 686 389 1348 1264 844 418 972 800 392 534 326 1139 844 255 38 596 701 1300 1365 495 1265 982 1065 1029 648 381 1216 1388 448 11 844 753 581 435 59 1282 492 882 464 596 148 581 1260 636 1074 30 974 975 483 38 11 875 983 266 197 151 285 927 1377 164 156 393 1254 96 712 1264 1221 283 1250 627 482 1220 402 311 157 553 1264 74 483 512 901 60 232 626 961 13 713 1319 1086 974 1100 740 1264 1349 212 583 156 414 1260 1031 1264 1421 287 924 686 336 701 916 452 1264 1260 757 883 132 296 1145 230 1343 1266 181 959 507 48 858 1170 977 844 1318 844 938 844 1241 1210 1011 659 763 1189 959 705 917 106 1095 470 659 434 163 121 1287 38 949 483 747 152 906 523 1009 88 381 38 1073 1139 1347 935 1360 446 894 844 581 1260 1162 1264 607 931 275 30 1265 1168 779 219 1011 576 385 1237 464 1155 1152 276 1342 293 1145 1377 45 20 1079 643 1130 1414 1245 1041 381 555 1276 974 1053 156 421 277 743 473 872 266 1264 263 1260 42 1075 472 1260 1408 875 263 286 1417 613 440 1231 1132 535 561 1054 404 327 550 674 1264 5 156 354 193 904 1099 827 649 588 81 1264 638 1353 1122 1169 1168 546 975 38 715 343 223 755 84 975 426 385 972 1072 157 1374 363 939 581 82 57 1365 686 698 430 1244 575 1265 1264 602 1000 957 925 513 179 398 1398 38 91 1361 1323 1099 1020 371 200 1333 1244 1280 635 156 1255 810 1078 898 217 844 706 483 516 1287 89 1292 534 1026 1227 151 1128 880 38 1034 958 1205 615 960 922 1416 1132 538 469 464 1055 233 779 892 1216 296 319 1338 1265 197 522 1198 289 835 505 745 1173 1265 1351 1383 156 903 412 241 1311 931 832 665 1342 704 1154 1392 582 1009 981 1295 64 432 424 974 741 1178 709 1029 220 440 1286 1197 7 813 1087 902 223 156 885 223 464 589 923 480 42 1265 1021 1174 1040 974 1000 543 260 981 240 507 38 926 1084 450 1183 864 716 1244 825 394 525 464 634 94 483 88 1328 1159 843 122 1025 1094 515 888 115 373 1128 282 1333 156 856 764 638 54 688 100 581 1280 423 1412 1147 228 1376 980 1281 464 1065 919 312 545 1342 944 609 1408 648 99 1213 722 1279 722 156 1321 1224 10 455 1264 529 685 1033 975 1264 996 293 1093 1126 813 1099 1371 483 686 1417 1264 1363 839 181 396 880 1243 921 1256 532 193 483 1260 735 1118 1264 1393 1239 1412 146 1264 464 1199 837 288 102 1050 1187 547 1365 819 1246 1392 190 180 156 1220 1331 1035 1099 439 1067 1263 975 345 419 1218 707 1200 628 671 505 560 1000 370 170 982 1182 479 882 908 1310 1177 38 1016 61 481 223 1389 634 182 595 1220 686 952 546 423 1036 415 1147 1236 645 853 1300 1224 1239 965 663 477 1017 1265 539 659 1098 730 1166 789 778 1162 387 867 828 650 779 740 1009 330 15 1260 774 612 967 1260 487 402 421 628 630 385 38 1139 574 184 844 975 270 268 30 701 542 654 1316 156 206 1001 196 315 153 566 1254 1133 1260 314 483 671 299 898 1260 1389 1351 531 1156 688 966 1264 1294 989 726 1288 1257 574 252 1387 12 455 1265 619 1244 1102 59 866 735 534 954 13 1172 881 1372 974 46 1334 1211 696 484 156 233 356 169 686 830 1125 36 811 1311 10 283 1171 1260 1264 499 727 156 1260 546 1027 437 1312 1109 1167 430 1280 126 1381 366 235 1264 957 968 842 1036 844 402 394 890 1264 138 862 509 1050 400 1150 1381 30 852 850 1346 222 975 1081 748 607 656 896 1061 1333 31 1258 1158 567 834 104 1263 1264 615 927 455 757 1280 422 1390 813 581 654 1125 1122 1264 421 588 479 216 26 36 43 1099 616 7 1128 331 179 27 958 215 546 309 342 1197 762 315 249 421 1192 618 975 300 1388 482 963 421 190 1327 1344 1408 768 1143 73 464 1280 1408 27 841 942 7 386 545 1045 1025 694 1098 210 333 1414 743 1264 376 1280 124 506 205 1411 684 1131 741 37 127 478 310 534 7 1264 96 284 179 556 326 604 79 713 844 111 1022 1140 1348 311 1111 435 659 1260 201 1244 1412 144 84 974 1105 1099 1216 874 1264 951 731 626 1265 974 1411 809 118 695 1040 991 423 702 73 326 76 19 267 349 407 820 873 1066 796 621 607 538 464 1307 990 1359 538 1412 1264 460 1197 932 1184 1197 835 1287 1175 965 1183 60 755 1041 136 108 505 483 1264 428 159 265 614 473 858 1126 993 1265 897 1249 286 483 537 1197 1197 1238 603 758 974 60 209 1338 588 683 201 1006 239 1260 1265 440 957 1270 234 607 137 71 1264 1400 225 201 1149 458 550 813 974 171 1359 230 248 494 661 1264 108 238 1419 440 1108 1265 201 1139 1264 1387 1280 877 1142 982 709 649 311 887 676 1280 1161 161 408 570 1006 987 1109 749 1144 464 783 1126 185 823 699 1265 1101 584 1051 1400 112 974 1405 1292 196 1260 769 963 1294 1197 1264 937 1412 741 744 975 1293 974 1123 1366 1258 1383 1285 547 1319 159 1136 25 945 861 1178 279 779 686 334 30 464 117 1197 844 898 1265 1265 610 975 185 205 625 581 1046 719 919 204 1197 701 140 758
468 231 1043 301 359 372 352 12 917 931 256 242 239 137 731 1292 1258 602 800 456 969 426 1227 183 366 1106 430 532 1304 480 325 712 630 77 1118 1258 1028 345 570 352 917 881 490 871 407 1182 630 932 1184 1242 1066 1412 1241 662 1429 1372 1282 1338 825 387 12 947 755 106 825 494 912 1377 786 524 1027 1207 12 1258 1258 195 1155 1186 314 84 439 1156 1412 155 983 1295 591 180 644 468 1373 1266 825 170 846 219 795 909 897 641 88 1015 28 1119 1035 169 1097 19 503 436 951 987 12 93 809 854 499 1305 209 1160 428 712 937 12 93 302 1003 1056 938 1177 932 149 1104 12 1219 799 925 1014 1273 1162 264 942 712 1052 601 982 1052 630 838 1156 571 12 145 988 712 666 586 810 891 360 107 72 89 917 371 284 871 712 301 851 806 1160 983 150 133 170 11 837 857 810 309 909 352 225 1317 384 407 356 1200 591 405 871 444 1393 358 1366 603 922 261 1212 168 1250 1087 1120 1066 871 352 1150 88 846 195 1118 463 571 115 786 518 309 526 244 185 928 947 593 1405 871 701 480 106 88 529 417 1300 1006 1377 28 937 1263 937 12 88 696 1010 825 233 54 192 106 825 346 826 158 1316 282 376 352 1143 617 1183 1015 71 263 1166 469 556 649 1004 1082 127 12 710 600 1156 1129 953 148 12 6 567 948 526 352 349 12 871 1162 1342 1008 489 648 384 51 1008 502 1273 417 501 591 1132 1346 591 589 955 579 406 1259 1413 1019 31 672 31 506 138 1092 1140 1429 186 237 237 712 276 1297 914 1269 1141 63 148 56 468 917 87 612 410 863 258 1331 339 285 12 871 390 159 1354 1184 248 525 1142 871 352 1062 77 17 837 1164 12 712 871 47 264 577 283 1053 846 285 663 1183 33 966 1100 1222 554 446 1415 1226 71 101 1188 562 770 1130 1183 1429 233 871 1398 497 4 871 1119 110 174 591 1233 555 1008 353 659 712 1138 1323 901 588 284 29 1412 900 500 1247 95 131 792 600 501 810 24 1133 790 881 295 12 99 860 510 991 591 694 1078 1092 394 1183 901 1298 284 710 14 805 812 567 561 284 670 757 644 1377 871 1345 309 871 445 907 774 1036 345 375 88 385 971 710 917 1342 871 1256 965 871 1245 1391 1326 919 1037 825 825 225 417 871 1001 12 302 1183 437 1041 1069 1258 1251 560 1041 950 1365 12 1248 1282 675 320 239 106 1144 566 1069 1258 284 219 1042 1138 1322 762 10 352 1156 1427 561 1006 480 970 1257 194 859 1130 64 484 567 12 938 1012 375 886 1420 591 44 1024 1284 201 468 1125 158 830 1182 591 644 552 1306 1105 1395 1033 85 352 725 12 1048 291 905 421 1377 401 712 828 109 917 1230 93 174 12 1129 471 509 605 343 989 169 501 912 726 874 306 1195 1006 63 902 538 543 363 567 1350 1357 630 725 1000 222 600 974 810 1396 12 753 971 1107 12 642 1159 825 1258 1307 696 937 1154 193 1258 731 408 270 871 253 261 825 149 87 477 1152 239 871 551 1049 1397 594 1283 827 20 977 375 493 480 790 591 853 381 1252 505 966 1138 229 151 977 477 1056 123 529 197 410 26 203 352 1290 347 1183 473 815 712 810 871 63 417 294 1160 383 1312 938 591 1160 1430 895 1332 871 592 871 1159 55 384 436 1008 677 953 601 1156 1377 710 59 144 819 947 589 1320 1246 1111 1253 75 57 917 1121 203 133 871 446 865 47 292 88 462 601 34 1225 1242 1377 1377 265 1230 141 127 712 1354 1008 1159 284 1183 450 1002 5 712 1010 1263 309 72 21 375 1269 372 103 1366 682 469 955 947 956 711 1217 71 712 961 827 1147 1114 1185 327 341 247 168 396 1147 43 1160 1058 517 1338 693 651 538 345 1045 1114 1326 979 712 240 628 868 965 1138 1054 194 1346 1292 520 591 1160 287 22 26 106 1429 479 450 917 45 417 1214 350 704 225 273 256 1265 309 692 534 1347 1066 1258 167 1178 789 88 871 1206 231 937 1412 230 1244 1110 384 876 575 1354 46 1392 399 284 417 850 1304 1281 318 243 88 73 500 1079 1156 1230 469 356 961 788 715 1194 347 15 1183 1288 336 770 148 760 180 819 860 61 1377 1183 966 309 1329 723 1183 451 733 1316 1033 70 690 1377 1207 1391 1373 284 12 1056 182 810 825 846 587 1037 810 417 585 26 712 1284 427 924 180 942 1145 641 1258 61 352 309 95 686 1259 657 1183 712 836 502 348 196 865 506 712 731 1020 1318 567 1412 1009 891 963 591 986 417 716 1007 883 591 774 1212 796 1088 480 501 1365 1239 844 825 528 24 223 1290 1371 928 749 105 1160 947 161 519 1327 1380 181 476 712 73 938 871 159 1055 947 20 1182 417 1133 1247 1069 825 825 1258 1183 1137 12 560 80 1197 12 1333 352 1066 853 277 469 591 1071 731 106 1258 1132 1273 1357 601 352 18 804 1034 800 911 1293 150 653 995 107 121 717 12 1265 688 790 299 1161 12 995 13 202 1000 99 1377 1183 351 417 234 136 1005 309 1209 347 459 32 712 149 969 913 155 1 1258 1303 1232 731 431 947 320 361 446 726 1377 198 365 466 1136 1306 840 555 1420 553 43 712 1061 255 544 206 12 712 158 353 1332 12 609 1182 184 1183 699 950 1247 384 85 1156 602 218 1360 742 487 701 171 352 148 871 1136 1183 9 890 31 1299 769 201 436 54 1412 284 1183 1239 1258 1247 589 648 509 1377 719 1412 106 379 1350 769 917 146 805 1017 61 617 1233 331 712 316 1189 756 275 88 876 26 1394 117 742 810 45 1138 1352 535 352 731 41 1092 497 366 352 1425 602 546 1203 626 58 853 830 35 1260 25 1069 687 107 1273 701 977 731 312 917 1138 405 375 601 803 170 384 88 1311 800 1180 1174 568 1429 853 1160 930 69 703 762 555 917 810 477 384 1429 387 996 302 44 871 1248 463 1293 260 1427 1373 1260 1290 1170 205 31 570 938 1289 190 1124 1258 917 172 1 123 478 1238 1368 938 12 58 1214 289 825 701 358 375 604 92 1344 1183 776 1069 636 712 578 1044 328 468 875 88 871 938 48 309 651 49 284 739 1254 1070 744 268 401 800 897 477 1159 1043 367 1231 611 936 629 1183 88 1411 1374 1274 88 510 421 257 805 26 417 1206 871 367 871 1083 825 181 1187 105 1175 961 111 1342 4 891 712 286 1231 155 827 1007 815 1081 175 302 108 571 719 499 1125 1260 932 468 1208 761 12 712 937 1152 633 276 1122 317 1315 1325 1350 950 1396 1324 53 219 947 1130 12 326 502 347 56 1258 1183 739 759 598 1289 232 712 1231 284 1183 19 384 738 581 963 310 1006 156 396 77 384 418 1063 161 825 62 1263 1396 1221 1067 1008 1249 311 712 14 376 712 694 627 465 1360 284 1005 1008 1372 1258 12 1016 1258 231 1053 99 805 1258 83 1188 1175 381 884 304 354 435 1263 1303 1338 12 295 345 228 492 1309 63 411 652 1258 871 1214 171 871 88 712 996 712 712 731 120 34 919 700 109 31 966 179 1416 881 1166 88 174
889 111 114 886 339 539 196 114 1312 1084 3 926 1328 478 468 132 695 1249 341 669 561 276 1261 1096 266 534 146 1323 1288 1171 831 550 599 454 1091 17 1368 720 946 196 196 972 196 305 658 696 935 253 513 182 695 37 918 345 670 1200 1392 944 677 380 695 357 40 164 952 653 886 636 37 760 768 695 373 1051 1396 768 991 984 427 1036 538 867 1288 1027 1311 55 236 1029 1334 367 1248 490 411 603 408 382 802 1171 125 186 831 1188 1238 382 520 1043 345 626 273 662 1325 1412 974 607 204 833 349 336 497 793 886 339 58 662 1226 451 1356 88 856 874 1093 1035 526 373 273 78 900 1091 781 1395 1190 1109 783 1215 1426 1285 6 406 695 1314 72 974 446 886 745 899 535 656 506 507 662 225 639 262 297 1365 40 904 597 208 8 793 649 141 757 1393 396 976 425 273 73 975 279 341 728 536 111 1288 788 273 125 40 111 812 1093 72 696 740 1232 1075 513 776 573 714 188 305 144 294 831 1311 572 1303 247 363 786 85 91 1037 339 853 1147 1288 804 954 826 446 247 842 657 831 656 335 1254 1089 925 219 1017 446 274 825 882 943 24 141 40 695 99 1008 51 1169 490 696 111 48 457 1347 356 1047 141 1039 801 117 662 207 1358 1396 503 550 512 373 388 1212 1148 1332 34 532 327 91 1236 1201 928 886 396 373 446 1137 595 1365 276 552 1359 451 40 886 886 689 946 1003 275 188 1335 681 654 778 678 72 37 1155 294 1087 403 777 473 886 662 1214 573 176 1142 487 588 1357 1216 1318 1187 1303 193 617 1324 1381 1011 585 675 1391 1306 1058 21 572 373 40 413 123 1140 1059 1099 72 670 40 695 1368 454 726 662 662 373 6 877 680 757 319 1358 919 1207 181 1358 423 1362 491 426 536 1080 641 153 193 853 281 584 533 840 690 141 1283 409 1011 406 734 1082 40 662 451 676 273 76 1263 1429 456 366 859 693 479 71 173 1365 305 1022 1340 1117 693 64 850 279 1171 1055 656 1270 1404 981 913 73 961 341 452 288 841 273 334 37 597 943 876 305 154 1365 1158 1140 193 874 1190 1037 1365 416 498 141 1152 40 749 243 40 530 1252 913 739 1365 73 831 781 1118 425 305 188 40 674 619 305 291 206 695 1035 662 141 540 237 997 40 273 373 880 249 1075 668 678 792 1075 10 262 1093 141 974 711 561 226 1340 481 207 955 188 651 429 1365 662 152 1206 715 412 273 1319 1389 475 716 1092 534 856 889 291 951 1185 1314 851 1102 1080 856 1254 727 118 841 597 222 1236 413 79 32 112 482 886 664 201 558 667 796 451 1064 373 528 576 37 968 72 141 662 249 227 1070 791 329 681 685 305 695 1282 1132 801 72 828 273 1247 395 952 255 1004 1117 100 1404 258 1108 54 305 72 1375 73 695 1346 167 98 108 229 748 971 1331 141 899 662 276 1332 228 974 752 123 1107 512 759 366 1100 977 142 48 526 383 397 40 662 273 141 411 40 932 1064 742 40 581 828 662 19 141 886 662 437 695 72 72 678 454 871 193 957 171 554 777 96 1332 391 411 803 759 22 252 37 1420 452 1144 129 936 1332 324 664 962 141 305 433 1145 694 778 837 609 695 228 793 801 1144 596 446 1171 40 188 1333 1051 161 929 485 198 492 668 1005 745 886 493 175 863 8 652 1149 725 694 56 1124 867 699 1430 92 305 88 359 336 207 831 1274 195 1288 54 1095 1419 721 1229 54 306 478 643 473 1332 786 1365 146 728 1350 902 755 1054 189 291 1170 201 634 885 123 29 662 499 988 695 662 191 330 1371 1073 398 1402 265 451 156 72 516 1389 1248 1421 1254 739 793 793 1189 1145 1346 40 35 971 1187 549 404 1422 303 695 870 1396 738 273 278 58 225 676 656 10 1352 793 351 644 604 683 1332 40 726 1155 1075 1241 725 196 884 974 971 387 735 1365 1097 197 1089 929 196 218 1428 45 831 40 623 1155 372 971 699 128 37 457 946 490 136 1055 678 1299 1365 276 567 886 207 1042 566 831 451 634 189 610 221 134 1421 1346 284 106 410 1383 654 141 992 662 1164 1369 141 518 1049 37 1344 994 950 1251 527 664 270 141 39 1116 929 181 1273 886 765 695 237 891 1365 373 1043 662 141 249 616 1412 506 141 317 913 1305 254 1294 295 111 937 437 438 490 308 230 267 1178 283 1172 270 695 787 101 378 687 1075 1200 392 977 175 1345 436 424 1247 971 695 557 92 88 133 118 1416 451 883 490 971 1404 950 68 886 219 737 1055 317 1117 491 874 752 1296 886 407 290 273 793 1229 494 438 382 211 111 1412 28 1242 856 40 62 114 365 474 966 273 1259 632 678 73 675 833 972 340 193 518 696 1173 974 820 1029 824 261 859 496 200 966 273 889 1300 41 188 672 463 313 736 106 1248 726 237 40 361 490 467 1239 82 1203 974 1221 1288 1207 886 711 906 871 1108 446 1383 886 1148 141 1261 1288 342 886 551 604 373 496 1320 886 1390 1089 372 283 158 662 42 1318 600 273 824 903 974 695 964 1389 74 569 53 888 1247 1281 368 844 678 480 695 674 1138 378 1397 999 778 273 1258 111 815 459 1007 1118 917 273 150 1082 270 671 1299 549 283 367 141 1172 636 97 305 695 1065 305 1311 141 960 1057 294 386 546 355 249 434 1377 1365 658 335 1004 940 242 1162 1421 772 917 971 465 695 151 350 121 664 193 141 1008 831 1019 570 353 637 914 1251 713 831 662 1355 141 658 1135 853 960 427 1332 696 1159 1108 1369 1192 1372 276 41 72 662 1120 928 695 481 1188 1408 1097 353 612 275 223 273 629 896 683 1190 188 1296 1318 512 653 1400 699 849 557 831 604 510 662 376 608 459 1374 793 944 472 803 505 341 645 141 266 1077 655 332 384 72 1044 305 529 662 322 878 1201 977 1421 141 465 95 294 143 792 367 879 446 695 521 1235 999 662 273 72 716 856 373 100 72 597 828 678 695 132 695 1180 856 141 926 795 72 609 1171 1332 872 915 169 831 40 856 1300 439 581 348 1365 1227 658 747 544 461 1183 717 387 967 662 973 704 571 54 1377 695 490 831 739 1254 468 739 292 778 1105 193 632 440 327 40 451 40 803 751 141 1420 569 1260 695 1410 381 707 37 1403 1110 364 1138 1092 506 739 739 533 268 652 695 305 207 207 878 1234 656 1192 188 345 845 657 296 874 855 718 259 662 141 111 594 381 1423 531 439 534 665 886 22 228 249 347 196 141 796 1205 131 1002 394 58 407 1365 141 456 681 796 1187 488 901 1332 618 865 454 467 920 833 77 103 1124 37 766 902 1323 330 353 902 468 577 16 311 1170 207 808 327 1365 451 800 1275 790 373 583 111 1089 739 141 193 348 393 886 253 448 196 486 621 940 649 1066 176 662 1307 219 56 613 589 1332 1283 877 818 305 1326 276 40 831 896 481 2 1194 1152 1061 662 566 196 37 294 788 249 180 831 838 831 658

proba init 0.05 proba clean 0.25
544 717 1235 1001 319 317 603 1158 725 1200 345 38 504 676 349 627 1289 1094 367 528 1205 1042 592 589 637 232 854 1086 1026 1071 544 438 1358 1343 214 1330 606 1031 876 9 1087 9 854 562 1153 1160 689 1153 290 350 1409 179 823 307 916 471 275 114 833 259 893 1298 820 407 1409 1369 400 158 398 1416 19 224 346 854 773 1120 1111 850 776 1153 986 9 1351 803 1380 602 660 240 765 956 470 363 485 811 1220 1086 957 1077 283 292 26 153 1061 151 240 1104 1079 1398 186 1416 287 293 559 429 689 787 35 787 290 1301 562 1289 401 1206 879 1376 894 657 1029 466 263 117 587 539 1289 1162 1060 1127 439 543 322 1218 546 1082 1051 523 465 299 854 1248 968 272 9 518 546 919 706 823 844 760 331 1038 1086 725 599 1081 708 1289 1119 816 23 1301 142 1097 1303 906 919 350 837 1326 1409 1293 870 628 1411 1354 1089 1026 1393 1211 1273 170 1071 958 410 968 1306 1386 291 151 1259 1269 125 701 920 170 1043 1220 498 755 1086 1194 1364 1143 549 908 809 39 983 854 760 1411 917 291 1152 404 856 907 1042 1179 1289 912 1063 812 906 628 281 1417 281 594 1072 359 1241 1411 1042 47 46 554 1316 997 399 876 1271 37 403 1401 1086 1042 657 874 1342 484 1288 587 63 799 138 404 883 1372 15 1064 10 246 1280 986 1415 760 1214 1409 604 305 641 1399 404 502 701 1166 974 342 1354 851 74 1139 553 1132 378 660 185 672 660 629 951 172 912 968 473 23 813 9 1043 1359 614 1156 467 773 275 711 1059 546 892 1290 1144 659 461 586 285 669 683 387 708 43 776 62 768 811 387 452 517 854 649 1348 860 85 1381 1302 167 170 668 959 1132 614 69 1086 181 546 248 816 81 555 546 423 932 953 1063 962 94 1047 407 679 1219 414 1187 825 380 538 978 1310 1413 893 807 597 986 562 1396 1095 1212 170 624 851 584 660 1067 533 185 1161 672 546 994 904 1162 157 505 562 9 968 1379 423 430 648 1070 602 1034 253 510 1042 1067 1365 205 1419 636 105 995 1354 1416 469 1056 1042 493 1 562 1084 650 679 241 825 205 881 60 497 1088 340 1411 1262 170 1235 629 758 441 341 1017 897 851 854 285 1114 1403 1411 562 942 170 1429 995 562 522 779 1354 165 286 458 657 366 377 170 404 805 572 342 707 712 577 657 574 904 599 320 331 1207 1042 1289 1156 585 664 684 397 854 633 356 717 250 1415 876 1127 290 726 1023 1394 1409 405 953 783 1354 1163 391 995 452 986 68 166 954 737 348 1005 1042 674 660 1277 1310 916 656 234 194 1125 815 349 1383 524 1182 956 851 1264 136 805 1354 9 416 968 1375 665 1354 1240 995 960 261 27 725 562 1152 94 539 670 968 509 9 186 920 537 260 1325 285 711 1045 824 816 1295 422 968 158 152 350 741 726 9 334 1080 1080 1074 421 1007 678 868 18 246 736 319 285 67 323 1130 1381 864 281 159 570 321 386 285 599 170 1370 178 350 164 538 898 769 849 170 1410 1168 282 123 1411 187 285 835 271 968 1148 1015 660 1179 1354 1414 893 1205 1416 1201 246 695 16 1157 397 475 1088 1292 1216 701 268 657 592 246 782 1394 1289 746 170 1009 159 467 161 364 278 1354 660 1301 986 275 1129 404 896 170 1150 136 1354 281 1382 1307 384 745 1190 613 13 285 1117 42 1145 701 7 72 911 915 1112 21 657 627 333 1422 562 562 1178 989 701 1003 525 1063 1289 1295 167 554 452 1333 1295 438 739 546 950 757 401 1274 986 33 860 707 546 701 1403 1040 1047 627 829 143 1086 820 854 633 934 192 696 1428 1098 865 256 879 697 860 851 1028 35 832 52 807 895 987 1364 1301 1301 1240 312 564 717 969 354 1314 291 851 899 762 1409 448 134 13 1409 22 495 792 701 714 362 660 1301 30 894 947 1098 957 854 1346 1239 452 690 1334 94 1108 755 1430 1354 623 55 1397 715 464 392 635 386 262 15 498 170 1310 862 70 307 135 311 1430 657 450 22 1307 1322 1170 1156 396 304 728 1175 890 783 82 498 851 1189 922 1143 644 151 1148 815 854 739 606 413 691 1133 1058 741 654 459 860 546 356 1409 893 292 1139 1195 194 657 1007 153 292 370 1111 1042 542 1028 362 737 104 336 878 330 16 114 1411 4 550 213 11 1282 789 1398 1404 614 875 489 1085 1400 414 465 986 1187 603 1289 854 430 444 804 133 598 627 1371 1026 1398 592 411 878 546 474 1153 1143 826 1409 1133 1430 945 965 1316 735 1352 851 122 660 31 922 521 436 285 876 1216 1362 826 767 835 143 1086 298 285 1153 30 874 1301 191 629 711 216 262 1114 391 546 179 1354 170 389 1280 410 1250 610 350 922 920 1051 617 313 351 992 526 655 342 394 1183 393 700 77 9 464 1086 1125 660 1031 1295 176 378 1416 1416 1354 995 446 854 1229 1419 854 616 100 986 629 1132 727 897 729 567 133 1409 1397 1390 1188 653 854 854 895 713 285 560 648 821 1152 599 285 755 1302 991 253 1046 890 546 608 1309 550 1011 664 391 67 175 660 968 55 476 125 701 397 527 1168 860 61 281 1285 879 211 1312 716 1046 289 914 16 123 149 811 677 1388 296 458 969 533 128 213 657 1184 1267 622 1354 65 1304 868 1363 228 147 196 940 1409 550 229 562 1268 776 799 9 687 416 599 995 658 995 1409 187 1289 338 904 1260 1238 1042 649 1080 1085 1409 832 129 822 599 1089 997 980 1411 136 295 1214 592 1136 295 980 874 1394 23 899 192 1411 1359 1087 774 834 861 246 259 925 1185 1298 119 853 45 784 1422 602 1160 167 1078 1073 268 227 1121 175 1426 646 1416 646 294 487 676 9 51 725 1209 194 265 205 1086 967 1354 498 867 526 45 461 721 288 1017 1301 1407 423 404 1372 969 725 1411 61 1354 338 1243 717 968 905 170 701 107 1056 898 974 832 684 1277 704 170 249 508 843 1303 569 404 391 551 96 342 323 531 968 498 1354 546 1183 968 345 129 401 1354 1206 919 494 1354 657 910 96 968 475 127 246 420 525 636 498 994 1180 1196 854 71 1075 605 1234 359 916 1409 600 879 182 219 732 16 1264 808 852 1220 746 927 1329 498 1018 964 1322 1067 167 451 1014 1391 343 1310 528 178 851 170 1243 296 265 701 729 32 273 579 321 425 425 546 753 224 1330 167 851 141 1411 513 1112 801 791 562 1396 1308 893 188 238 1121 1351 1383 277 281 975 711 1254 26 630 691 1090 126 642 1166 683 1019 416 1357 793 947 1009 1114 370 84 854 833 437 210 331 897 1153 1242 910 1008 657 27 1354 657 770 604 1062 853 389 709 660 1354 601 1004 1123 730 401 75 198 798 896 702 258 419 1229 222 415 657 1351 416 1106 150 489 851 648 458 887 828 27 489 659 1409 1289 825 1064 975 652 701 1094 650 524 1203 986 1300 1307 172 890 411 1277 350 367 1423 246 1336 1087 663 562 995 32 170 975 1024 736 211 1289 470 1416 1006 270 1030 932 192 668 254 1279 1027 391 498 1170
505 587 681 378 671 86 78 296 1092 503 81 211 973 749 1198 903 1048 1233 266 1420 246 1261 916 699 227 196 709 192 444 415 208 877 738 179 1023 1115 377 1086 286 738 199 562 1120 71 96 1217 933 159 643 1183 650 1284 598 923 502 13 401 976 1317 1253 429 80 650 815 1234 1311 648 324 1086 258 973 429 958 494 1115 816 760 806 86 365 682 675 1271 239 1014 83 677 436 1278 1196 1015 895 685 1007 1421 750 254 94 1278 575 101 361 328 178 1354 309 235 1002 1346 897 603 568 774 1013 260 505 194 1164 107 556 712 1172 1278 746 541 1032 641 1015 618 564 724 1244 488 717 165 532 689 1098 1264 1212 677 1256 309 153 700 896 675 675 289 675 842 774 562 712 633 973 382 1003 406 1086 679 259 434 319 620 208 217 1048 1286 227 415 1174 881 254 1081 1330 1215 349 671 776 477 1175 1172 1219 1112 86 1261 1048 1219 677 776 217 505 1237 288 665 645 1369 920 195 318 78 920 1223 519 217 751 307 1046 853 1329 1086 703 158 1076 1048 677 685 602 86 1238 1343 1084 973 911 1426 153 24 446 1366 1269 650 15 1003 1004 474 1278 1012 1278 1330 1157 816 700 1343 1345 1172 1210 1355 747 1088 29 1217 948 894 584 1421 471 618 254 1293 384 487 475 503 440 1369 1303 1309 178 774 266 415 675 1136 692 682 248 648 165 584 369 712 1278 1395 890 1013 1253 1019 302 569 207 993 564 208 677 238 326 677 896 1330 677 800 499 1114 353 1147 195 1067 628 562 678 755 1236 712 1393 120 444 320 536 132 603 1343 1278 1235 1278 957 1028 150 970 973 349 1086 1217 361 897 1167 217 427 307 217 602 920 1196 515 973 373 385 217 1048 971 1346 1029 1113 555 471 498 1172 539 896 990 164 1086 366 1259 475 254 192 1152 633 1203 503 1246 544 46 213 800 685 1048 1287 1263 254 208 682 735 973 212 1100 217 746 671 1295 677 529 1048 847 502 201 327 376 421 843 627 308 41 1126 401 793 401 1249 1086 295 415 194 92 1078 1281 339 525 1086 804 1 776 326 530 973 477 973 471 603 932 930 324 152 266 983 352 1257 9 1256 440 700 381 254 1429 741 705 283 278 712 1256 1338 101 445 254 712 562 90 266 1328 1376 217 396 1263 873 1119 990 1119 1244 746 1172 37 73 268 217 677 21 920 254 435 548 340 148 306 706 546 934 254 774 209 973 165 973 1278 401 1397 1413 345 659 496 897 251 1251 800 748 1086 78 675 393 682 227 401 1119 381 92 107 78 682 648 1295 1233 57 546 1128 1067 920 677 336 685 266 560 916 1297 1172 712 323 677 1086 133 432 1421 1278 671 415 755 562 366 878 254 746 1326 649 407 750 618 800 259 354 541 193 304 1297 517 78 677 1370 807 968 1246 165 602 320 324 920 578 528 988 490 146 683 1172 1207 863 562 800 217 677 636 18 254 1012 173 722 1310 546 774 712 973 560 1172 342 1128 1278 797 346 709 415 108 425 217 336 677 254 646 165 165 301 216 217 599 745 1040 1 254 712 1421 1173 1149 1168 362 1206 677 254 1070 153 951 352 258 1204 6 648 224 326 674 59 192 973 1087 1171 229 813 916 1199 1320 704 675 254 217 990 1048 920 168 55 1032 86 677 626 682 650 23 1203 451 217 488 805 86 1278 165 324 1065 1032 675 415 266 712 1406 906 336 73 1184 1100 977 607 983 1257 366 575 1041 1253 1139 1325 36 123 790 1397 324 524 1155 1389 66 599 562 1092 945 1410 562 503 588 999 677 41 682 1044 985 1090 917 197 1012 1203 920 1381 1262 1252 435 411 839 800 1388 677 863 156 983 1286 609 1015 1346 1077 897 745 523 360 122 547 370 753 101 1174 503 163 800 153 46 946 153 672 392 429 1278 809 648 227 362 713 1172 977 271 621 339 1354 659 677 124 1300 305 237 80 959 1133 261 1081 84 698 755 827 685 325 513 831 782 1174 296 776 397 90 1047 889 91 1172 1046 217 178 319 1278 153 671 961 973 86 1142 684 312 163 110 457 648 47 1116 336 1294 1079 1323 1046 1416 232 965 675 933 61 1098 1172 648 1272 1046 1034 679 254 603 1378 425 258 254 97 69 929 109 1093 907 973 1107 1048 715 254 281 141 1018 1016 341 336 973 929 40 336 1047 288 1019 746 254 1048 199 90 765 254 1095 973 1162 539 898 677 1409 738 641 149 682 1330 798 1048 165 398 529 4 643 615 1407 925 145 563 916 1287 1217 138 677 365 1101 958 1062 1172 1261 179 973 799 972 495 845 309 677 584 577 836 153 712 1253 985 255 753 650 800 396 779 225 712 365 1114 1172 978 1143 208 320 663 901 786 1018 536 336 897 217 742 861 1124 7 677 1048 956 1218 368 239 1045 388 184 165 980 1360 1217 227 1155 782 1172 562 258 518 537 830 973 45 1291 1048 258 552 1119 780 870 412 251 553 886 1256 153 1249 1379 349 776 1247 876 774 1093 50 886 712 798 599 988 278 425 519 712 189 254 98 1194 650 336 86 1027 496 724 584 712 1389 864 138 1143 662 1336 637 309 634 677 1272 1048 518 1391 1264 1427 108 452 243 175 1278 166 81 1048 954 370 1236 973 834 716 841 1068 774 254 798 1163 1096 367 301 375 677 648 1135 1282 1207 86 72 675 1258 973 254 170 937 833 217 1048 164 682 1415 254 1348 1347 1011 698 845 939 1375 1296 1109 214 671 1189 577 166 998 1116 1181 431 943 1050 447 1186 86 1065 266 1179 123 254 843 969 759 916 283 1278 741 372 72 1280 1078 699 254 903 648 1024 822 252 966 1217 1172 1217 1174 739 1003 719 484 629 897 241 1347 245 39 1153 373 375 1219 531 905 258 1011 188 165 404 896 124 983 1222 869 1278 588 1318 1195 86 1046 1392 961 38 1174 948 847 1352 595 498 633 1230 218 704 220 254 36 86 534 86 391 1013 431 65 1263 510 811 243 1236 1100 56 254 985 581 198 662 515 917 444 888 1421 650 42 1395 897 677 612 849 1050 673 1054 370 78 927 487 1119 795 1172 744 1119 254 218 882 1067 844 819 423 1286 1306 328 1046 217 1078 1366 1027 1281 1138 224 838 1172 704 920 204 539 237 823 1184 746 1413 1190 1044 1174 1042 190 254 1046 101 1343 703 101 324 1343 1320 360 277 387 309 217 139 217 1073 1075 254 244 1088 1172 1214 985 429 1168 1086 1192 1347 1201 1064 685 1276 101 101 979 795 1184 1048 264 1395 448 1168 125 207 59 674 1129 1172 1278 627 320 720 165 568 184 254 1157 252 310 800 1244 1110 1231 650 648 420 655 1350 672 698 254 309 963 317 1278 365 870 208 774 254 1116 86 86 973 1332 1094 1230 330 1330 677 86 649 375 791 1105 1302 1172 492 35 558 776 254 575 312 940 991 1379 992 193 774 61 1268 631 776 776 751 84 726 765 1172 101 254 86 308 1164 712 306 685 1048 942 1077 1397 1012 677 176 746 703 321 985 131 776 1324 791 973 1050 1010 1191 63 217 1046 703 398 720 1055 677 258 1146 687 511 1086 1404 1086 354 578 101 198 1046 951
739 604 1016 505 136 942 610 1 910 850 1343 898 101 266 553 647 1329 862 967 159 646 681 1068 1006 86 519 525 1022 424 1341 290 630 1274 233 1127 378 281 147 1046 905 330 1156 936 455 947 642 1356 50 155 408 480 883 88 552 340 50 854 133 9 1029 1302 1302 860 748 101 692 910 1047 317 908 890 1198 1006 981 834 901 1183 1235 749 154 29 443 957 1354 342 125 1206 1074 1270 121 957 63 792 1410 248 1022 353 724 339 101 586 28 1251 197 142 726 225 1139 480 1332 431 744 711 1246 789 807 263 1204 433 357 290 480 1026 330 878 1251 428 572 1230 1280 600 655 494 1215 1329 460 659 1146 19 883 1174 108 630 1242 1008 1022 1282 1165 574 234 45 1053 1202 1022 630 1103 1356 280 594 147 156 14 1022 1373 679 1143 474 1329 1092 279 662 1300 101 1072 669 1233 663 708 779 367 146 852 480 940 923 1136 72 116 929 101 367 356 1327 426 603 45 567 1006 33 47 142 331 33 1094 146 431 630 1350 33 607 1022 147 1199 264 675 694 785 792 774 1254 1390 1282 821 1028 1158 431 891 566 1021 586 785 480 786 932 625 750 1026 1128 1026 43 586 317 923 1302 46 630 1078 467 1296 655 131 1293 656 290 482 1139 1022 1203 1197 47 225 271 1022 730 754 320 77 1244 1126 898 1170 1285 631 1022 744 796 1128 410 147 641 186 139 600 1170 431 174 685 361 681 792 1354 467 367 290 701 863 175 313 288 146 101 246 554 668 874 45 98 330 725 482 983 952 1182 290 1132 1422 1368 578 879 630 1081 439 833 1010 537 426 86 725 444 1028 660 101 584 1339 1163 1220 842 977 296 1108 1073 33 245 363 101 1115 1071 810 297 214 98 1304 866 480 360 630 480 1407 309 518 1130 101 657 422 904 1226 990 528 1255 786 1282 191 180 227 1251 819 792 123 209 486 1147 1264 201 270 1043 897 1289 60 103 467 1248 101 426 961 1151 761 1086 1329 1336 1296 22 1112 855 833 1022 465 164 353 1375 101 1320 578 1050 1375 434 1102 488 586 1007 711 528 995 921 53 785 299 101 307 129 1196 109 832 921 452 357 86 898 1046 566 898 249 954 1226 293 264 62 624 1127 290 899 1274 583 971 1064 586 204 1212 1094 748 146 1326 200 921 470 1067 61 1000 1008 706 205 948 647 1183 548 1122 433 33 541 249 134 1414 73 448 265 908 898 1399 711 1342 1329 882 101 213 795 980 146 1414 1413 946 1413 436 577 863 879 785 961 785 1134 238 382 320 870 139 1168 921 465 853 898 451 711 315 553 1360 346 33 101 601 792 893 312 290 142 544 1074 626 101 1273 276 953 467 1082 1422 199 630 101 1079 45 1226 287 232 97 921 449 31 812 997 319 46 821 1282 882 45 745 372 1339 176 1287 185 250 876 1007 410 33 6 976 240 45 1333 284 737 828 119 986 781 422 1025 539 1258 1315 1240 1417 1087 1013 289 898 1114 1028 917 1162 538 111 1026 542 975 464 820 655 384 677 491 801 244 528 941 1207 898 792 22 358 1230 952 152 1226 1017 713 469 232 45 822 49 101 312 290 1126 178 757 908 177 33 1351 1114 788 1290 1254 1022 101 425 126 375 920 125 792 1275 480 630 1341 1320 870 813 33 400 172 1096 191 171 395 1336 480 1279 431 585 751 146 1345 170 740 146 930 1296 1282 1233 1041 369 153 1022 1216 1302 422 797 676 694 1418 1022 1217 330 101 704 45 1398 788 581 678 244 586 949 901 1329 748 1245 510 270 785 1184 1209 778 767 1407 801 1343 86 1055 974 852 576 630 120 147 1134 33 358 100 238 1022 655 424 133 1203 1098 1266 1242 38 101 140 630 1047 11 467 796 678 792 353 680 901 495 33 757 105 1263 861 1207 1348 935 963 1005 537 147 446 559 630 636 403 603 630 874 1346 1052 217 2 305 134 212 353 398 299 134 173 791 824 330 987 385 299 1179 792 146 902 406 314 448 925 208 1419 901 575 967 433 899 33 1242 148 152 1345 857 268 919 101 72 7 1225 1336 835 915 22 711 681 441 127 205 1013 1027 586 467 315 779 1277 649 785 290 692 389 1073 330 492 991 1226 607 174 1430 908 1226 670 183 167 841 1341 833 101 78 381 989 876 86 821 49 735 1128 811 46 664 903 162 1353 133 676 851 1007 542 1331 744 1063 214 1158 1028 881 528 527 101 390 1249 146 107 173 609 173 1302 22 1341 1084 83 1293 898 630 1245 356 1282 1363 1289 353 630 227 360 303 222 131 1391 679 898 101 1369 1424 599 35 352 101 1134 216 136 670 476 422 1034 501 959 899 478 392 1022 1029 289 833 185 480 1157 673 464 266 1087 1286 428 458 806 1302 20 455 25 401 528 1218 785 290 711 1057 1414 224 1352 1214 1019 834 86 446 33 753 1047 409 794 1133 502 1022 813 548 101 326 766 1243 908 146 1187 921 1022 694 1169 1016 516 1416 1169 427 491 1173 367 875 910 1375 622 1206 952 120 951 1417 1134 532 431 919 361 671 984 1323 1293 233 1366 778 351 708 708 466 826 630 492 414 1241 1139 107 475 1311 315 785 630 471 566 1421 535 49 2 125 1095 518 1069 834 168 29 39 1140 706 101 1321 1244 1133 816 876 630 1384 1222 979 40 612 785 101 711 1134 1346 545 1266 116 1163 624 101 1339 1291 536 935 1041 951 1325 247 1392 139 306 266 415 321 502 921 523 921 1285 430 1226 656 908 417 630 10 630 952 33 396 714 430 868 628 330 293 1252 1226 1336 33 755 165 630 514 227 969 116 586 742 77 32 183 1022 1419 375 1366 1022 931 480 1076 968 1114 55 681 747 45 238 83 68 234 33 936 154 785 804 679 1414 908 290 889 283 950 146 146 570 852 999 329 1311 1022 1423 1051 586 442 539 877 1284 937 31 1282 1359 444 648 263 1283 941 330 990 243 290 688 1088 630 45 415 362 905 981 1311 1248 465 840 429 1226 1414 1033 1022 290 421 641 785 431 824 444 852 876 383 1043 1316 353 1017 676 1268 45 840 41 1102 47 1255 480 1071 85 596 1167 1414 45 630 480 1022 92 375 537 33 1075 621 492 20 844 320 1109 535 1096 845 33 514 158 998 106 1209 1111 945 1412 1022 1410 207 301 1302 33 1165 64 290 586 1296 665 841 86 1126 53 1075 318 467 80 584 744 1226 822 248 655 480 425 1275 159 1399 1073 15 361 898 792 35 586 33 684 548 1300 1402 214 796 165 1043 319 1257 424 146 871 305 1026 925 781 904 1312 771 1211 1226 169 653 779 1377 628 1296 519 1037 711 137 265 1282 750 1211 816 940 6 311 1026 860 630 290 1041 1315 252 363 444 1028 637 358 468 25 1335 785 789 465 785 63 1349 963 361 1134 741 958 367 1205 101 630 55 1016 86 1022 31 207 511 1154 467 805 367 781 88 944 660 630 586 1226 86 744 452 860 1182 792 1302 916 25 662 1386 484 272 360 900 761 785 834 367 1022 852 1392 1230 686 921 681 1118 33 576 1102 630 630 227 908 251 731 242 1152 702 898 1282 245 33 140 33 1274
295 597 1365 473 629 1275 1145 1423 931 550 406 1067 708 1360 719 1110 1140 313 1298 396 644 921 1324 1298 1242 1403 615 1403 75 524 1343 118 1081 1125 1430 480 28 708 777 47 1239 1188 1081 580 1317 497 805 654 264 700 606 547 1154 161 324 378 785 632 227 1162 1343 911 15 1327 832 268 1159 241 708 278 915 713 1022 1081 1066 1350 1398 1086 1343 1190 280 1403 976 1282 811 121 239 274 974 22 191 1006 21 490 1022 469 235 1338 964 708 144 138 1002 771 408 89 975 1243 179 367 809 170 1022 952 55 242 80 119 504 378 1343 1173 1359 1271 88 897 1110 833 1163 1317 442 840 165 1022 790 1286 149 281 456 1294 118 661 1173 539 151 458 459 1193 882 247 295 982 818 1159 294 1378 826 1097 560 708 471 1343 966 931 1352 639 584 1364 512 1080 152 378 708 762 954 783 708 426 1267 532 606 1409 179 1031 1097 1343 311 976 790 220 532 584 708 161 356 382 566 133 1020 534 1245 1267 318 605 97 870 1173 931 24 1249 38 708 1323 163 1277 1142 250 1272 1156 64 574 47 911 1297 1173 870 898 162 720 545 1097 286 1341 801 1008 23 1262 1060 856 1359 162 1245 443 235 345 606 1304 898 1354 1149 1006 202 1308 371 629 47 266 1130 1097 1088 234 244 639 270 218 1161 790 1099 1115 1327 1298 395 393 346 170 600 269 790 143 976 294 125 1028 1022 870 850 1216 924 921 297 909 221 270 639 590 294 1035 741 1386 391 195 924 465 194 1073 1173 547 222 122 1284 951 419 921 1159 164 301 62 1197 198 1173 214 589 818 233 710 332 533 676 920 1359 351 708 969 790 1422 1352 844 1284 1022 584 294 172 905 50 774 749 1301 584 327 976 692 778 298 606 1022 1243 61 282 1359 954 396 708 5 1260 1200 235 2 1403 973 1027 1283 1120 43 825 700 924 403 976 330 756 1097 864 1250 985 374 1019 212 584 743 221 1059 708 643 319 279 465 1269 1367 175 1237 600 451 738 693 175 1069 801 1403 595 708 396 673 570 1097 622 921 641 505 708 1211 95 532 1066 639 708 611 708 321 917 235 923 167 1336 1298 791 835 260 976 559 1327 209 410 235 610 584 480 1327 584 1343 580 115 976 1316 47 1343 175 567 1298 1307 1104 584 225 1066 879 1211 1018 1343 1120 1000 606 281 18 481 47 113 1022 1172 1036 534 838 1313 783 1215 80 1374 1257 235 1022 5 179 1379 610 1217 1128 639 634 1046 1243 174 1022 121 1147 924 1081 708 1188 414 880 536 332 709 1267 5 1094 1066 1426 643 1273 692 1091 533 654 879 1 63 533 808 558 1051 1229 755 419 1199 1159 632 708 708 126 179 221 873 683 184 1173 708 599 433 1097 743 663 295 1066 1186 926 924 931 544 88 1229 767 280 385 534 708 347 458 1283 696 1327 1315 217 52 146 1216 637 923 1173 765 134 47 878 270 595 924 753 1037 1216 736 1097 1288 1022 702 941 575 982 761 920 130 187 300 168 1359 270 636 327 308 1403 329 584 1131 498 911 149 161 1327 989 122 584 244 1292 1271 151 1097 1159 462 1398 849 720 265 1097 100 235 1022 1302 342 331 1208 711 976 271 679 22 1141 1200 1265 708 254 790 175 880 1044 366 1230 765 1243 1097 584 1013 371 636 932 518 404 1343 166 378 65 606 238 870 306 584 1232 537 1343 1025 395 1336 922 1003 1152 879 294 1159 633 591 911 985 1305 536 447 760 1410 196 5 1056 851 378 1358 1120 629 1396 1390 971 1271 318 294 176 1295 483 1029 1141 698 139 968 42 1417 125 348 980 581 268 295 1258 1243 1216 708 1403 727 1089 322 857 1403 188 329 924 73 102 911 409 1083 708 1303 1180 1286 1234 221 959 228 1428 765 534 1239 1022 675 313 1097 1146 575 976 270 543 896 921 859 175 1303 1239 465 270 1286 1188 43 596 1143 798 80 1097 1238 755 378 765 921 1389 35 348 175 1324 1009 1054 921 107 606 107 1327 578 1332 726 1073 857 532 957 710 294 151 577 232 297 584 1114 609 678 284 706 936 708 1323 1073 89 326 1291 224 270 1343 921 751 1159 890 298 1148 1285 221 491 535 1403 996 525 281 566 241 294 182 1000 1226 1097 171 270 95 371 997 1243 1274 1143 1158 1179 24 1274 166 509 480 1094 1212 1264 473 426 922 1159 1074 845 1327 47 639 1022 1363 483 1097 904 914 170 1195 1097 921 614 897 21 1002 708 673 538 873 831 1246 831 343 1275 270 1060 338 288 465 996 669 126 1220 534 881 1169 765 507 634 1336 683 1321 175 1058 904 1298 708 1380 921 1055 221 1022 653 702 672 174 64 1159 1025 1371 665 1403 125 924 857 1403 713 1159 935 1383 606 378 534 745 1186 765 97 103 927 307 631 1403 584 831 487 911 391 1418 790 181 973 80 318 1213 1207 1094 1384 1022 1201 1117 959 982 366 125 604 102 1408 245 979 708 464 790 1019 294 504 323 1188 153 1218 1240 110 1327 844 463 277 1365 219 532 647 569 982 1309 1216 760 1159 1120 1363 1097 822 870 257 1159 16 235 1084 921 1139 1343 1343 463 661 1003 98 1159 1281 430 41 1389 261 743 1148 824 469 1066 1173 911 606 1120 1120 626 718 195 1295 270 432 47 1403 536 1184 1197 220 416 922 740 316 529 857 235 1160 462 209 1022 337 403 708 125 235 1334 1006 1343 262 1403 528 708 235 1257 599 1190 1403 726 1000 1132 59 1239 790 856 414 437 650 1066 625 1066 976 645 235 1243 294 938 753 850 511 814 256 976 63 223 1343 970 1332 1399 427 235 47 1010 134 331 179 1285 102 790 708 1362 126 607 923 1289 606 1097 1085 1403 1401 669 1328 271 1216 1398 139 1006 757 442 1022 1201 1281 17 441 575 108 55 105 790 801 1121 963 1188 1327 1403 865 1003 931 1344 758 119 179 283 921 1343 361 85 1293 242 777 794 926 743 378 1359 31 46 1210 1137 931 1097 1307 1343 1011 324 1173 282 565 584 235 1271 1381 281 821 1263 422 235 747 1137 133 1423 877 609 272 870 1097 255 838 738 743 179 286 765 679 1022 578 775 855 178 1192 311 386 179 644 1343 1097 1115 707 1044 1173 80 1403 779 33 885 964 584 202 803 327 1197 1172 1266 244 271 244 976 1162 616 900 307 1305 1271 294 160 47 1163 144 106 235 238 678 240 273 512 725 715 1171 631 1027 617 1055 584 221 584 681 170 235 1216 878 1265 893 195 865 639 708 41 708 1094 1219 1225 903 1034 492 794 1158 1305 156 216 10 735 674 869 110 954 888 1288 816 667 639 366 1403 1359 597 238 235 1096 62 1053 913 660 136 911 582 1343 1149 1073 715 765 606 1097 53 765 966 99 202 1165 58 982 1097 570 1343 1098 1057 1298 588 1100 27 782 735 1343 191 1027 1330 1097 578 179 618 662 395 532 235 708 1285 382 262 152 1064 140 41 1261 270 264 45 532 542 1022 187 765 1331 606 1097 1343 170 1030 1159 976 1282 294 1319 311 471 415 1227 373 743 1323 1256 175 708 532 733 793 193 294 844 1066 921 584 1147 1323 634 1173 1173 697 1092 643 810 951 708 1395 76 72 1216 1304 179 157 976
212 1266 109 138 1376 119 15 185 1082 578 540 764 1029 1415 736 302 276 73 851 187 928 25 957 1159 132 474 613 397 838 344 936 540 337 740 385 1201 608 210 1176 1298 1082 340 18 178 605 327 420 61 990 1153 1114 1382 734 1382 220 685 1 947 382 768 936 337 1051 613 353 1411 936 936 17 1173 1029 233 949 720 1201 442 227 597 119 1376 1045 1352 175 1288 1259 1227 831 192 840 880 410 338 784 839 1102 344 1234 344 760 961 1207 1335 1408 204 26 1108 613 242 194 322 868 1337 949 39 44 605 45 1029 130 461 936 279 108 949 204 974 130 420 342 871 895 205 1390 949 1096 340 491 750 521 267 42 727 279 298 258 1099 23 604 206 659 443 1068 605 278 279 12 1408 280 863 332 1098 520 659 1082 509 278 1287 563 1070 525 116 1009 757 538 23 951 1356 1080 605 1397 605 344 1048 101 767 119 459 838 550 171 347 18 32 381 30 440 857 460 1120 509 371 620 1418 82 803 18 279 416 933 60 485 1124 17 1346 1363 1057 1297 708 185 119 299 339 277 1029 807 506 298 1063 741 1229 597 746 198 287 536 815 108 1429 108 950 1370 129 1321 1376 13 278 472 613 6 642 338 367 459 994 782 1009 761 659 599 204 107 220 616 6 894 1163 252 1321 1397 936 1084 1243 96 590 707 1049 949 174 322 1230 1298 936 57 949 442 1156 6 1308 913 336 574 1234 560 936 278 527 644 1287 1155 803 214 597 204 384 1301 1324 320 759 849 605 1352 605 706 936 992 1338 950 882 1095 925 306 1090 1275 1325 1287 1234 1106 153 1227 1029 1307 174 827 630 351 485 57 430 949 758 925 986 671 204 1029 1146 214 18 233 312 559 284 633 547 949 279 1111 925 1013 613 204 1201 370 801 568 1368 81 484 138 182 296 1354 355 1378 13 597 1016 325 1228 893 477 446 1407 1257 250 31 1316 623 454 1376 1185 727 1142 431 687 426 273 566 56 872 511 288 1028 1160 6 137 1045 723 1073 494 187 344 143 240 785 838 223 303 20 936 1201 357 983 369 1298 428 1029 116 627 831 887 967 662 578 1070 949 654 160 1214 82 191 867 1275 236 18 39 708 18 936 499 383 684 140 1376 278 94 322 1047 1049 803 18 801 458 18 1203 1151 441 506 912 488 1144 1291 1053 1105 1014 949 621 534 703 538 1217 628 690 844 672 814 897 949 174 1029 649 1337 1181 202 379 803 1427 1252 89 375 998 665 306 353 355 1407 405 6 489 690 138 124 378 958 1074 901 710 729 1398 528 1005 1081 692 912 1247 1156 326 306 1391 410 374 554 1426 278 911 1405 160 607 540 1234 934 1376 1142 279 1059 533 1388 16 618 649 240 1052 446 649 597 1082 595 560 353 617 135 933 336 345 908 204 138 1191 865 164 436 135 588 499 895 819 53 951 239 6 296 749 340 597 18 792 6 1048 863 831 949 1051 670 251 949 278 1029 954 287 1244 1307 108 270 214 732 339 286 509 18 1236 214 1279 423 18 400 1314 1119 590 1295 504 1218 1040 84 278 70 895 214 1261 978 1157 1014 624 949 298 1196 188 1173 613 507 1278 1387 1195 818 1056 755 1029 220 18 511 529 491 1151 126 1391 279 745 18 1199 149 1426 148 1243 661 119 1242 186 853 353 1075 550 344 18 803 546 119 213 708 1247 1297 247 1129 308 620 936 1252 344 1079 759 313 3 8 1014 153 32 1082 143 179 461 18 233 89 547 288 384 1103 283 1241 895 844 1316 207 886 895 650 458 557 871 721 339 949 525 136 462 392 279 817 355 708 1013 945 835 535 67 598 187 597 1349 746 11 128 1195 727 1284 638 693 480 1234 547 799 342 477 563 1291 595 1105 605 457 942 597 298 13 396 1374 19 132 1070 613 420 63 1207 487 261 936 926 726 1383 896 1392 1002 128 36 577 613 220 1283 118 605 1305 1082 452 526 717 973 1088 18 659 847 819 708 435 1323 268 64 1420 975 1175 647 1062 18 590 639 108 6 1 519 1029 119 307 159 283 240 1301 1381 936 498 418 278 1191 964 1119 1039 1234 1255 992 1328 597 1096 817 346 438 796 896 204 770 1376 612 1188 269 1173 283 713 124 779 1287 725 1163 1029 708 1430 179 1375 384 1086 613 665 1033 278 461 222 1245 167 440 949 1070 506 631 548 636 1039 220 6 1163 1029 220 842 931 1011 571 1131 590 719 1219 1304 1109 1014 708 1236 279 1176 826 96 311 1026 394 396 957 943 296 1338 764 1376 220 770 414 1015 56 935 861 1029 1346 967 1234 1131 888 6 888 135 298 278 391 1052 1121 853 936 204 1212 151 728 278 1376 1237 178 680 344 1427 1356 535 344 459 645 1214 278 396 18 993 1029 823 344 366 190 41 1349 1384 331 110 390 671 423 949 720 1174 80 318 1174 39 605 1258 446 1421 1048 727 895 18 353 1173 803 679 615 850 1052 951 204 708 355 249 1289 1429 1219 1323 147 114 211 1298 18 1086 278 686 1308 1249 903 901 1366 1347 222 317 403 947 347 936 119 708 939 939 31 278 458 491 172 1312 1100 409 143 793 1090 1014 520 1272 232 233 549 974 703 1187 941 380 1362 1030 319 81 137 807 455 1029 1147 204 38 1057 1019 1423 583 459 1276 949 487 28 1029 353 572 1411 338 119 31 557 997 530 44 701 625 378 915 233 1084 1322 923 583 299 726 247 132 509 261 1292 843 1031 398 1376 810 1173 863 18 729 1137 501 1395 358 452 47 119 509 1082 407 355 1268 1173 986 355 2 273 470 1252 784 274 942 919 220 517 605 936 1004 894 224 353 1260 1163 131 1360 242 325 1386 638 179 377 1090 381 765 1419 880 333 1298 317 309 358 1173 1055 1337 416 345 803 803 1082 387 226 1402 214 1403 974 119 987 1387 1104 875 605 134 918 880 568 740 474 1321 1321 226 1082 1276 709 119 335 119 136 1030 267 18 1141 12 505 1194 1247 1177 950 1406 1399 369 196 540 639 18 845 1318 127 576 1321 673 949 1014 54 1407 314 949 355 802 908 1098 1301 62 1423 681 1247 835 886 245 500 668 658 344 590 574 588 204 789 1099 1347 143 708 1326 1157 618 63 1106 1405 414 1314 314 1082 744 1331 828 1305 138 354 368 1118 673 417 393 619 166 1380 77 771 1348 909 949 220 286 680 351 1234 18 1399 1044 373 434 675 322 870 1404 712 964 792 279 727 1350 1357 823 92 114 765 622 560 1303 233 146 830 664 1299 1235 33 1334 803 1298 572 108 370 834 1420 649 1274 1050 344 459 1056 1281 597 721 590 779 1017 936 344 1385 162 363 520 692 296 869 6 162 1376 1313 946 996 235 613 119 119 1029 198 1172 855 1011 1297 1298 119 757 861 195 1352 923 776 141 802 526 1323 1264 677 1346 212 1195 1172 1324 1046 943 316 897 1234 1166 677 344 949 686 466 699 6 283 119 1257 838 278 653 356 233 1156 864 1393 1003 261 1277 949 209 1224 1298 1123 1323 57 387 951 290 523 570 757 18 772 559 92 884 279 1248 1173 729 843 72 307 167 1357 1222 572 775 814 1186 605

proba init 0.05 proba clean 0.3
932 321 701 780 732 186 589 1314 730 1376 286 610 872 773 397 1231 236 253 253 492 903 1364 224 1314 500 1212 1419 517 468 448 399 629 1230 204 1286 952 1149 1072 683 219 34 269 492 225 527 1084 1157 643 963 311 236 136 54 613 981 1169 1371 1220 1029 98 724 1389 677 1420 1248 1086 1394 96 1032 1071 691 236 818 850 127 196 1372 131 413 1334 942 1099 457 1142 45 779 906 839 1031 617 931 1060 1015 354 265 405 1403 1377 1419 836 267 528 746 273 407 1367 1414 548 691 902 285 1382 578 1377 269 527 1220 465 94 876 1055 279 1069 902 340 625 1171 238 730 1265 5 399 132 860 754 409 1066 1072 888 476 691 658 279 717 994 394 45 964 969 801 904 701 527 746 279 52 45 495 1254 165 902 772 517 608 423 1168 216 1362 1400 1311 1076 797 1083 709 293 238 408 133 1310 216 216 34 691 1213 616 1089 1078 456 152 1344 182 963 401 703 757 904 452 1394 1237 1156 492 589 291 1229 590 225 279 1206 303 914 1375 1336 1158 246 432 906 1033 1019 589 953 1177 271 330 365 279 1286 1044 1069 1420 159 193 119 1297 346 115 597 1015 243 981 22 29 783 818 492 260 236 734 1420 462 399 1000 270 379 213 462 1174 517 199 1084 909 195 894 950 462 418 1315 43 222 444 818 332 506 399 415 410 287 818 424 1315 338 234 1358 692 589 986 258 1229 619 486 1004 503 668 191 1059 290 506 840 543 1010 1070 523 268 340 652 1285 904 1233 670 1321 527 631 527 567 741 902 492 466 1371 1281 970 1243 1405 934 657 1139 650 5 381 626 899 1236 1285 323 286 577 787 53 646 818 577 1417 1421 37 797 47 1224 124 868 236 465 213 986 902 1220 902 970 552 1032 135 746 770 824 1036 162 266 743 406 587 730 57 44 198 874 791 1154 790 1201 668 673 659 372 1226 217 225 402 972 1162 225 902 668 433 47 847 7 353 841 1014 279 701 415 1289 499 57 225 462 154 992 367 442 97 1111 1268 57 262 1058 1421 770 1420 85 470 1213 691 732 402 1071 199 1403 1254 465 428 225 1414 754 812 154 5 477 1229 444 5 1303 227 743 448 137 582 462 787 304 902 95 196 389 457 278 355 1299 829 225 898 796 1168 732 225 373 1079 236 198 940 902 781 1302 815 431 457 818 960 618 1156 316 1170 1241 100 562 71 984 1065 818 1146 119 387 525 1108 1420 956 701 1088 1015 107 902 1151 285 327 276 23 589 843 462 899 325 1248 64 318 154 732 973 1107 275 1033 1132 615 1017 457 215 91 233 49 67 1190 312 89 587 294 1354 140 1085 1058 1268 691 668 690 668 1089 970 1339 1174 904 743 902 16 840 732 970 1080 766 778 1421 851 1372 550 716 904 840 1337 1413 986 120 945 923 732 1038 741 1299 299 7 186 904 287 113 236 1320 1158 1091 309 1225 8 462 53 219 1277 818 511 1277 1354 48 1233 1127 206 1243 358 509 112 318 963 156 463 399 423 225 391 90 291 1330 394 999 29 1002 415 557 108 902 282 743 765 902 1213 457 904 904 401 1113 251 5 890 910 132 1071 341 559 941 236 970 32 914 7 1044 586 335 1213 889 556 356 881 179 279 1059 893 102 675 606 714 958 1364 236 1191 652 1155 691 60 739 1209 701 648 1010 25 970 415 203 434 1186 365 1272 24 961 468 810 668 1229 212 1162 492 563 14 781 34 908 691 1071 225 198 520 844 1189 303 203 1104 479 970 603 223 1245 1224 456 601 226 175 1364 1333 286 5 873 856 488 257 279 1229 828 367 1242 1060 457 893 517 399 492 847 1256 236 1174 228 1123 1109 157 237 1070 557 668 589 256 1130 373 1156 1090 284 267 266 1013 600 75 457 251 317 1046 1368 876 261 262 453 236 330 157 40 691 567 232 1362 1427 970 168 370 1067 373 721 558 811 151 49 1222 670 198 278 1206 222 428 701 493 406 473 415 962 713 1360 415 219 334 766 792 1370 225 415 670 378 462 1353 470 645 1408 1050 673 203 441 384 833 45 761 546 1111 1155 151 525 8 668 496 907 1409 140 941 837 257 528 476 131 340 1305 743 285 677 1348 1071 743 624 216 1142 659 126 886 831 1372 668 1339 1102 90 492 881 1254 322 186 126 236 591 1296 241 818 299 902 1117 149 1423 529 344 462 1340 244 131 1177 100 276 1269 39 415 106 1037 219 219 1216 415 904 580 29 236 970 372 784 359 1156 649 668 373 983 266 1188 617 1421 343 236 336 464 438 619 527 565 668 1423 821 462 665 902 991 1424 127 1303 971 410 606 892 1321 517 419 1121 1167 38 668 833 1156 1015 1373 840 976 1 154 1095 83 675 373 466 525 1231 640 913 34 1348 80 236 974 1068 1120 988 643 399 1091 761 449 961 1013 193 527 1128 296 1281 388 1077 1091 1420 668 1071 280 1325 732 434 1396 1010 652 462 980 793 567 939 941 231 589 709 1107 1170 186 1139 395 198 1312 434 1258 1108 783 399 1345 384 56 455 318 682 253 1372 51 1245 389 556 970 916 234 230 180 902 119 1162 1356 518 845 733 1065 236 198 1270 126 1137 724 37 655 637 276 668 1069 256 53 693 1140 359 1178 235 1058 970 380 939 523 818 259 324 956 1311 174 686 1018 877 1006 589 970 265 1019 846 976 952 691 236 254 225 45 96 1070 1066 974 644 423 732 1361 732 328 1073 279 859 1052 465 970 69 1162 566 1043 914 1420 236 327 423 34 537 5 743 1133 656 1269 689 971 232 675 43 1006 660 979 498 1015 527 827 56 14 119 1232 771 399 1030 1229 267 938 1317 119 904 902 1076 672 236 267 1241 412 527 162 43 475 1071 1372 201 701 797 1091 607 146 1372 352 866 100 879 227 1392 303 1052 1230 902 527 1195 1370 341 129 594 1149 1295 1259 1213 34 283 131 1220 704 1192 279 904 1264 225 801 1401 1302 1223 1294 1162 758 743 1195 1329 517 1372 45 383 62 1079 236 1298 1001 604 902 710 904 766 220 818 1083 904 589 756 1130 236 457 409 803 96 219 997 125 904 279 1240 415 1299 1025 702 303 181 634 1319 415 415 1094 1200 1010 970 450 1282 461 374 720 499 474 902 845 115 310 1283 211 236 685 303 1308 1285 34 267 510 977 711 5 360 692 592 1353 668 126 1082 383 743 1229 884 399 236 634 904 245 702 970 1320 734 770 1232 1398 267 267 436 286 6 236 225 1026 1303 659 666 597 1 357 1251 691 827 399 777 1287 1129 1224 276 743 184 701 1357 196 470 415 1325 766 1035 1382 1310 1040 974 34 1052 161 1252 589 191 626 970 850 734 1088 175 603 1380 752 1299 45 514 1070 449 1123 263 66 1126 152 438 615 1367 81 656 941 714 358 1272 279 259 536 219 415 284 584 691 1188 668 1304 395 180 818 734 219 265 267 743 5 219 451 399 976 773 236 1092 1332 303 724 321 453 902 930 1058 415 877 1246 1265 1289 445 674 225 732 595 1346 267 139 1211 279 279 718 1071 532 367 1372 1358 968 1164 1013 1328 83 154 159 527
14 1176 730 29 847 915 335 1245 1421 335 766 757 895 315 663 804 780 1158 735 570 1379 246 1417 138 1045 1267 643 1156 403 1214 318 1139 1186 501 953 612 846 738 1205 1013 784 163 185 247 742 736 996 282 678 767 92 102 661 667 742 1291 1231 885 449 1388 780 713 1317 1028 232 780 318 660 1049 340 265 124 422 948 780 639 170 804 1011 150 350 327 654 684 140 1108 1244 400 346 1380 673 484 845 1126 589 1133 144 1360 71 1160 661 984 589 1245 571 973 134 377 92 1419 672 1375 307 1291 354 2 93 735 1333 1253 318 92 1352 478 1305 446 780 626 1308 1269 558 486 1033 743 92 697 882 1092 832 1414 705 251 92 441 283 1415 1250 996 92 1082 1141 319 296 318 215 1185 233 1343 259 1231 938 817 1106 1421 931 1319 529 1193 492 820 1261 1253 124 53 739 1116 799 728 324 1015 232 108 807 735 1343 497 306 547 583 815 1015 529 782 370 224 480 39 295 962 330 188 1392 158 353 952 346 92 620 306 589 1098 1207 1065 1381 372 780 960 1053 550 700 948 1347 1143 831 293 346 441 40 1326 755 1343 92 913 1201 425 1247 1352 752 1352 1140 416 1088 212 1310 993 92 90 787 1007 939 484 846 1281 1363 148 124 614 100 1343 1305 498 139 1420 1057 180 585 265 1170 881 307 735 474 990 82 1188 539 660 1341 522 232 1034 318 1205 416 346 856 1132 923 126 547 1323 219 588 318 318 1177 791 815 1203 1249 815 706 258 1389 1022 392 756 221 1261 296 823 165 730 318 24 689 730 742 840 1161 925 735 463 250 315 996 115 599 782 914 1035 1129 27 1024 1367 1109 912 20 167 529 41 511 1259 276 1189 1201 193 529 124 1134 914 188 260 178 466 878 178 702 315 1316 1305 872 1201 283 1381 262 57 1225 647 1140 452 170 58 115 126 280 502 998 1218 755 1347 249 539 529 1392 968 61 529 571 124 1201 1160 169 51 266 285 839 934 643 1145 1427 155 703 42 674 1142 1241 620 124 1048 1212 613 940 1343 1201 536 560 948 658 307 735 92 421 1080 815 735 815 1201 865 558 916 892 1010 147 1322 115 460 188 414 115 735 1097 545 527 529 782 1334 706 155 226 259 543 617 215 318 1254 1069 735 398 423 529 846 1347 398 853 884 1308 328 1207 548 725 411 26 529 1049 982 1207 975 5 406 603 1206 1162 148 723 684 103 307 1201 223 467 1379 1141 419 387 775 1205 21 486 1034 1424 400 27 209 92 1388 1189 232 324 684 200 1308 1201 392 709 603 539 1214 580 307 1308 1389 107 1405 1063 815 180 1094 1172 1221 1381 661 359 318 666 417 795 177 670 1328 675 581 967 878 1224 1316 706 1343 414 1176 1083 918 454 692 652 1421 1121 767 159 282 1167 392 636 815 1352 137 839 403 499 987 896 447 849 682 585 690 233 116 320 92 720 325 296 579 664 1061 500 898 1013 913 629 569 1119 636 307 275 750 780 451 878 117 1352 509 92 914 1083 549 1276 529 1315 308 690 196 780 1063 684 1188 232 1373 607 1264 354 215 318 211 629 324 1225 451 1343 815 423 115 441 605 210 749 452 1050 735 1283 106 946 335 1220 815 726 174 735 83 892 844 388 1026 878 1343 529 945 92 374 504 690 463 1308 815 1253 539 980 684 346 69 529 767 1174 1411 135 780 1211 258 560 572 1165 1034 318 735 301 1322 736 976 859 431 931 731 1257 17 1160 1411 120 398 845 1061 311 596 1189 724 654 1063 1358 583 423 296 1116 984 554 722 286 735 768 780 115 539 324 880 735 878 264 40 697 984 383 1189 700 1199 458 83 279 912 124 92 881 1246 636 1238 1146 1242 398 1019 535 431 224 442 903 569 270 627 546 1343 581 384 441 1337 58 441 155 1009 367 1054 369 92 684 1111 436 92 964 529 311 571 1343 667 815 1253 358 202 57 108 1247 735 188 250 509 316 260 447 1160 139 1403 62 730 1427 1080 236 48 301 1013 572 1063 1205 1071 529 1118 215 657 843 159 545 815 448 1020 1390 1231 1209 1022 343 307 22 432 318 159 906 1416 864 1237 951 11 1278 925 705 1092 412 579 4 395 1305 417 1343 922 336 1077 193 164 720 407 348 633 196 350 1102 763 1169 968 813 1369 1158 1405 621 1176 318 467 585 188 478 872 1308 1066 526 1343 780 589 310 51 1343 62 1401 290 575 1277 815 1227 364 735 36 539 1013 780 779 780 155 878 727 124 684 873 425 214 969 1357 1164 233 780 68 948 955 661 232 1044 1269 684 815 844 207 509 280 779 815 517 324 296 441 318 829 95 602 23 258 166 14 505 1024 318 363 1319 124 1253 1330 1419 845 492 267 198 392 907 1312 1308 529 884 937 713 1166 61 1018 1353 1241 1238 764 177 371 858 1015 115 761 269 1107 181 1063 124 579 1196 56 1240 815 815 92 251 124 463 1410 793 737 648 1344 615 953 188 1079 398 350 484 717 1015 493 231 891 184 232 588 318 280 1008 1343 491 346 19 318 1036 1201 1243 896 1066 318 197 39 1007 1279 1430 318 1324 504 659 750 54 1128 92 862 839 815 592 26 617 124 272 1238 196 1389 1309 684 1423 568 1072 490 423 589 1142 1154 1069 1010 16 621 163 92 92 42 1318 1127 135 1154 565 307 91 321 484 1315 510 632 1065 815 676 771 917 643 1212 124 215 529 743 932 446 17 166 627 639 527 780 867 232 1415 215 520 1354 14 185 450 1164 196 110 232 1430 1302 730 974 875 43 115 798 956 918 2 1046 92 1352 1061 959 375 1396 881 438 742 701 92 1343 901 74 194 849 191 680 973 786 1048 122 141 657 136 643 996 124 894 1135 112 1416 437 857 1340 423 1315 715 622 1294 1410 52 1421 56 1238 1110 92 882 348 215 1418 273 263 1353 428 936 298 1316 1253 868 930 796 1158 236 1421 1343 1061 669 1352 365 435 83 286 398 1351 124 300 798 644 250 1102 545 917 1058 652 1260 734 735 1112 346 1343 1324 1099 445 358 815 663 695 1308 212 912 114 292 684 1022 1308 91 703 328 1308 1013 1050 332 345 385 124 389 1177 645 1305 1197 529 1308 1197 207 735 1318 554 382 480 825 232 1336 689 735 884 1271 1217 360 764 832 232 376 124 401 1076 674 959 1262 450 140 465 863 115 767 407 1305 529 163 529 495 831 859 26 151 1261 1295 154 282 1387 545 878 1014 1007 684 955 894 1357 1342 1212 1355 873 585 398 1074 1249 367 730 1097 427 404 781 92 1352 599 310 1279 930 1061 629 14 383 730 752 1400 1192 764 713 1146 307 147 911 780 1195 1041 1343 1333 1290 950 433 528 505 442 1300 1343 1092 305 215 1155 1018 716 1161 310 1059 815 138 859 1192 886 1343 690 582 370 1030 128 1015 29 1160 268 551 1345 1013 780 518 1377 740 905 963 1210 1015 12 1003 589 1013 157 232 1343 115 1013 654 318 1276 309 124 1347 267 1044 1021 640 941 167 940 545 730 830 1015 27 342 801 490 398 48 690 529 2 527 798 25 878 165 67 1226 570 856 168 904 635 780 827 13 392 108 138
502 944 982 1009 559 1276 549 986 132 1244 180 387 832 280 326 473 785 875 434 1344 528 1324 1417 838 1396 1224 1116 1067 42 626 326 736 267 369 604 630 360 1028 3 549 1041 1255 891 1235 407 561 1266 165 324 564 391 483 1217 583 331 432 1048 453 67 1220 55 10 1052 221 725 773 201 701 1028 354 1358 973 1292 1363 964 134 378 623 69 350 1025 1043 541 870 1050 304 756 135 1312 2 860 274 733 431 1018 1089 330 724 1312 1028 771 188 1018 911 1271 925 513 945 1110 1083 1270 197 1292 360 474 1169 1225 258 1287 416 1041 549 1116 1338 4 876 9 1154 324 234 570 957 1123 1320 1211 121 720 455 985 1291 394 247 236 1259 1062 138 470 1411 648 1347 181 333 234 439 549 990 1091 1154 462 693 920 266 595 342 693 268 825 962 1082 782 328 416 1028 1321 438 773 1028 988 156 177 434 977 549 566 1154 1276 944 1011 541 359 177 154 1028 533 193 1191 134 1214 1195 579 1338 441 466 1285 108 154 549 1404 38 781 901 581 68 672 620 1336 306 590 1188 551 739 804 1265 663 18 70 1400 162 221 1252 1320 752 288 1410 545 1136 1116 402 1116 1102 1020 781 1319 804 993 1020 552 221 484 43 386 804 944 419 842 549 301 711 1154 28 310 331 1067 1285 1177 962 1153 1403 57 1292 906 19 173 615 1375 1311 1292 736 1219 814 178 549 1300 313 1345 1 767 268 1324 988 147 254 1285 1051 875 1257 880 891 45 375 281 309 883 79 1166 1279 818 1209 699 755 175 1130 1324 439 237 1158 1427 1131 70 382 132 710 1366 80 1137 1404 639 615 200 1304 52 1107 1161 1016 477 1403 154 830 1166 112 249 1195 73 796 106 1288 1266 154 549 776 1415 245 22 1338 1292 332 804 738 1128 993 840 1028 1221 552 965 626 728 367 35 177 1214 611 623 82 1379 902 314 1 282 781 1154 1374 843 535 220 1411 567 64 585 672 989 1028 1256 1388 1148 391 443 339 1303 775 387 997 268 843 213 1390 1165 804 1300 10 1018 436 283 1154 1182 1324 1256 1042 63 77 566 177 306 1276 1067 891 779 220 183 65 608 434 268 736 984 82 1102 1285 1256 268 760 635 783 671 891 711 674 891 1148 1233 1266 915 128 1154 439 173 365 198 1108 351 154 42 1191 763 672 565 1276 611 1076 1154 1345 693 354 891 161 1292 1195 1154 448 499 843 1154 911 184 5 866 933 1292 1075 752 415 839 1382 221 1067 188 94 487 128 1071 558 1236 1280 354 297 549 484 1285 156 800 542 1276 1059 89 1412 1233 355 241 616 58 1276 5 1338 111 1195 366 1362 280 343 641 1030 829 928 439 434 1239 1028 352 959 494 1317 430 774 549 1028 340 1246 1154 1375 1276 381 236 1338 865 1321 161 65 674 569 134 1324 422 484 287 491 79 1039 259 58 1309 1113 329 1248 1416 1300 212 416 484 382 1338 162 891 1382 513 154 1255 1099 1137 1154 1208 1292 134 395 5 1292 439 636 479 1299 665 887 1116 337 1050 228 1302 749 596 154 1228 35 1154 1355 390 763 784 898 154 820 1333 272 483 1154 1326 889 549 156 1333 118 1154 1014 1384 317 1275 281 1108 366 484 421 296 862 997 779 709 710 779 331 1153 549 1154 187 602 134 832 308 1154 891 502 1034 1195 53 570 741 1276 434 416 624 597 467 1066 190 1152 260 898 1276 473 128 977 1043 216 365 1350 626 439 126 593 218 383 16 821 1327 474 913 315 1179 1028 80 1337 64 611 418 796 434 635 434 382 1324 837 1214 619 1213 519 317 1152 1288 738 434 1015 423 393 752 156 895 418 1338 51 1320 687 1195 361 43 723 860 681 1427 332 53 1137 125 1024 838 1028 972 561 261 363 42 755 1259 1314 779 480 134 553 426 80 416 1426 997 363 45 836 849 1324 807 295 1116 1153 453 521 778 250 1153 88 212 1237 1078 1154 1285 1038 416 568 1244 331 189 904 91 173 1255 1262 1324 131 1338 654 738 1038 1276 502 1285 796 177 1130 868 147 911 1396 1209 170 154 322 1302 442 438 610 258 1028 1229 1173 1266 809 1175 243 1285 94 1324 1005 439 1256 445 575 1070 958 861 597 1108 924 536 134 1145 1285 430 332 243 686 1154 717 231 165 677 532 952 1040 736 159 902 804 133 378 1338 158 1299 362 489 90 296 622 439 1092 1038 355 29 225 35 214 338 1154 423 781 385 331 1154 1324 200 331 35 1017 1423 944 1392 797 644 536 3 898 549 1137 1300 1311 878 804 626 1426 130 134 345 244 1288 1279 1252 499 906 331 496 1096 691 207 1151 77 227 38 1149 128 925 278 348 156 1381 88 439 627 664 150 172 1338 1143 1238 156 771 439 419 1291 640 416 357 180 441 31 817 944 1269 158 836 1276 154 960 1384 273 1202 1052 1067 555 1130 602 566 33 801 1154 407 383 62 1195 891 1292 1194 549 234 19 627 1217 996 1028 272 221 1132 481 455 1276 1379 549 379 442 1313 1285 750 432 1344 776 509 177 797 998 306 1156 891 897 439 150 1292 833 585 385 504 439 267 67 1225 1014 1189 919 254 378 1320 1320 920 439 919 887 401 462 145 229 332 193 626 702 1276 434 54 446 611 769 227 1276 607 1285 1148 1058 945 824 1343 1018 1137 990 297 1066 922 1012 1364 1175 1067 944 383 1292 1309 1284 1028 434 621 43 1192 1276 661 423 1239 1028 1210 1234 222 916 154 549 1114 810 266 1154 1153 492 592 1075 839 1363 270 983 182 268 765 645 1243 1345 64 842 134 248 955 1099 221 676 1276 15 583 886 276 1154 891 142 789 1232 1338 609 485 1153 1129 760 1347 331 1154 1194 622 1154 981 1059 1357 1008 549 1154 204 485 499 86 496 1356 1383 624 1266 970 861 233 891 1189 1416 157 661 359 378 1065 431 599 234 1262 1082 378 20 587 399 733 1324 1276 1357 887 980 719 591 900 1302 1291 416 114 547 554 802 566 839 416 1329 1276 1114 55 1361 473 867 64 434 97 948 252 264 425 753 1130 908 1319 731 378 713 65 495 534 1195 974 103 181 340 1084 9 636 1276 1292 237 843 1126 332 1265 1276 1338 804 1117 1276 434 1331 265 17 841 695 49 1127 383 305 746 154 661 429 898 442 47 268 496 292 509 1195 1094 89 1206 764 89 824 1324 1266 297 1209 1284 256 855 619 1174 748 672 1076 1422 687 31 1257 331 858 925 383 159 725 1030 810 665 931 1302 891 1137 1045 235 1067 1028 1338 662 731 496 949 307 1182 482 575 781 94 1276 64 641 821 483 274 251 501 1108 1292 549 1116 1276 512 719 415 898 998 221 944 797 728 1263 891 1191 129 877 894 934 1142 242 1052 934 1215 925 1389 313 558 60 209 1254 434 1154 236 1276 310 711 727 1069 1274 89 1065 142 1276 394 1312 1271 1426 609 1338 52 188 832 177 1154 1028 857 1404 1249 729 174 457 443 818 891 114 1285 177 1154 1023 839 481 581 128 1154 82 827 932 439 964 1317 339 373 627 450 781 1353 938 108 1026 1105 1137 1403 177 1254 846 728 805 21 167 1324 891 513 727 261 1142 1338 363 305 1119 414 378 1028 274 207 1072 1042 1195 1338 1163 336
318 733 1373 1392 1221 179 714 12 1251 146 385 723 239 65 1094 347 417 1382 1248 726 1366 880 387 476 1221 1126 1173 91 162 936 326 1339 1430 847 672 937 131 592 861 1425 326 762 160 1102 1312 569 304 1297 934 795 1339 936 691 665 500 1086 442 815 1201 835 899 1430 160 431 163 417 1314 63 592 283 781 236 917 1322 417 1121 326 605 179 1329 212 369 614 1268 808 1425 835 1265 473 155 229 730 1339 372 854 879 1425 1425 726 592 853 472 23 771 994 1303 220 623 671 503 288 124 960 162 1244 91 239 948 1366 47 91 1339 726 1430 1218 948 417 1110 93 1105 698 1070 243 744 1228 761 506 861 591 429 828 570 936 172 802 692 139 817 394 346 1137 784 28 1214 936 423 320 1233 10 592 78 489 52 426 737 875 142 1021 64 541 56 261 592 671 1346 522 949 295 1409 191 1425 888 936 930 1087 179 659 1192 73 185 1351 1284 592 289 1167 136 64 392 56 93 1283 872 446 552 916 944 936 1405 853 200 604 592 95 1430 971 417 586 1409 714 57 663 1425 840 239 936 706 980 229 97 853 586 1339 48 1198 299 588 726 286 726 455 888 439 1078 1425 160 160 175 185 1136 1310 409 405 621 61 1221 936 52 97 1425 1201 622 1004 446 552 57 634 859 1390 417 201 1186 222 548 914 64 126 604 1076 593 1242 236 214 791 658 370 229 1265 91 880 44 179 236 552 91 626 880 1368 617 786 600 243 255 1150 995 1049 1210 592 1098 337 762 440 339 880 1284 1326 1348 593 240 786 938 1159 522 726 1228 726 912 1012 775 1152 239 992 592 1400 113 939 1277 1425 1210 3 1364 1130 56 1293 619 239 1105 695 715 936 537 331 155 3 484 511 171 281 1059 786 1002 148 592 924 175 1301 1264 1242 964 931 615 1155 976 625 777 1071 1303 727 160 520 899 1264 184 1105 932 1148 136 846 166 949 236 474 592 256 1235 1343 1344 330 591 1409 501 434 251 875 297 64 935 46 552 440 592 681 516 562 1332 230 880 1159 56 592 913 235 194 1254 361 583 982 592 97 350 1264 175 133 875 488 542 1196 657 552 926 875 798 981 1264 1050 425 359 1409 757 91 442 55 511 292 1425 91 1409 988 679 329 1069 903 210 357 329 8 436 361 725 1420 1264 102 999 897 875 557 1387 56 1135 402 583 303 1405 482 500 1366 1220 1041 233 195 936 1256 555 726 313 91 686 350 1054 875 949 1111 1349 1031 1113 592 714 1420 552 1219 1221 449 361 344 886 1386 632 753 1210 765 1244 597 1366 430 1001 56 1239 213 360 814 57 1421 480 170 138 985 592 537 215 728 1323 726 1221 786 936 592 879 1306 1272 949 361 606 295 636 379 136 610 76 1218 1005 848 880 1230 517 592 537 283 77 903 1311 826 1277 337 56 1152 39 387 160 77 306 118 1113 108 511 136 377 503 9 552 1425 1398 880 1103 698 1366 836 1029 239 417 936 1302 1108 726 912 366 124 614 269 737 552 880 13 1264 378 160 861 1146 383 552 21 1194 814 1274 1425 534 949 447 936 444 876 1301 949 1264 317 245 1415 813 1075 17 715 913 700 532 845 556 1394 592 1101 799 274 992 213 698 672 77 936 1264 329 1246 862 56 903 601 1173 361 935 201 4 209 909 1015 779 647 850 1268 179 124 160 556 20 381 653 1247 649 410 1366 399 526 1073 1117 933 564 512 97 407 571 1343 542 595 329 834 997 160 907 258 823 1174 936 1092 392 6 1059 586 636 362 661 1169 233 1073 417 875 807 726 159 636 1339 1135 592 160 56 109 561 1211 52 1245 1027 558 1107 1359 1430 1290 51 592 483 989 344 241 932 289 1311 168 9 307 382 545 1336 824 440 326 1023 158 64 1299 339 880 726 64 726 236 666 546 577 730 1339 1246 1348 76 281 266 552 583 280 167 880 1282 583 652 160 108 13 208 880 760 13 466 1180 1176 1299 1043 552 535 1308 65 777 124 1256 1272 1254 853 675 1264 1098 726 635 57 130 592 179 313 64 471 933 813 552 91 880 28 1012 1159 865 555 853 236 790 554 633 420 456 220 801 552 192 981 1150 473 1264 1315 303 580 457 141 1377 243 340 899 318 987 239 135 1264 1081 1264 318 1069 54 889 274 103 875 1178 1054 326 875 746 1023 949 1001 417 195 453 1235 1020 880 239 1358 789 92 592 733 1233 96 1430 150 124 758 993 160 1173 180 20 992 93 236 1032 673 262 812 511 1267 1123 1232 1318 1159 34 1246 1097 1255 738 592 299 880 1374 236 1303 366 1414 1081 806 788 1112 1204 1143 1244 1333 160 1303 436 506 115 875 981 906 989 311 341 1080 721 77 1083 733 652 1019 863 361 365 972 555 771 393 278 326 88 921 839 728 1237 1146 1264 672 949 511 56 1221 579 1015 346 28 1328 349 830 1247 592 1399 1105 4 1329 290 361 730 1356 317 402 153 552 410 329 205 64 1198 1206 714 1152 51 1404 160 320 738 141 845 160 353 1160 996 126 995 1264 183 880 1273 71 193 792 1000 1318 136 941 1005 1078 289 680 741 420 160 1324 667 245 1339 1090 13 469 364 44 918 361 1251 552 726 1425 1084 24 1299 24 816 239 609 144 410 127 1246 274 1355 733 641 1276 412 199 949 1264 160 1159 1405 179 1259 412 942 592 1264 582 994 6 993 936 993 424 706 1264 1110 291 8 388 737 556 417 367 63 875 1425 624 997 738 494 296 906 285 1362 896 97 309 179 737 768 284 1196 1264 112 1238 733 979 936 726 569 682 592 853 405 1150 1425 1338 935 809 1144 1027 509 90 852 93 368 434 1259 1223 932 559 325 696 64 656 1422 890 1199 586 847 737 1068 21 704 926 250 237 511 67 1154 326 1105 726 1430 688 880 179 853 53 506 1353 841 1419 1044 481 336 848 719 1285 313 1306 774 160 729 179 56 96 1339 209 65 329 274 916 161 607 701 269 1007 274 6 1025 52 22 103 615 586 626 1425 160 1285 1264 949 757 272 882 361 753 933 1265 1252 1386 690 361 1321 936 663 361 1264 1178 477 384 896 936 1212 554 1137 291 853 1360 1071 562 552 491 562 875 856 1012 625 56 478 596 1161 1280 1267 835 102 16 543 1126 1272 726 1264 853 56 1243 326 853 1287 635 277 1196 1013 652 1303 112 236 329 236 615 1264 197 927 1084 392 704 288 875 592 289 869 471 1140 695 301 133 1377 336 729 1110 361 329 1159 1159 899 626 332 1232 544 900 776 726 951 1309 152 325 60 1168 886 733 647 1254 1427 1385 771 53 1245 91 916 1038 417 77 456 160 1303 77 474 726 271 136 960 389 1264 1192 179 1162 239 111 1145 938 826 715 994 179 438 586 698 1264 262 1315 1396 93 48 1001 1264 239 1339 49 269 1264 417 571 289 420 91 236 552 552 1425 1407 714 124 1237 552 274 1196 124 603 661 681 541 936 1002 806 74 766 552 496 949 95 1121 645 592 756 56 762 134 1321 329 1225 880 117 853 1347 787 1339 936 660 61 120 1144 320 592 148 1059 417 457 853 1052 853 782
1002 309 1409 1376 34 117 1397 814 1019 1361 1395 1057 1121 496 415 625 889 882 359 66 1330 735 954 824 550 35 197 1158 444 853 692 440 179 1237 496 881 133 995 1222 832 692 830 769 12 948 880 676 1076 440 960 1221 457 907 595 816 1372 1065 723 686 87 511 916 392 1282 442 538 118 1226 519 587 1121 473 579 1365 660 906 692 463 829 101 232 526 695 532 486 495 376 1165 64 228 999 133 452 1057 1307 766 1301 697 1240 519 385 607 170 1429 635 1075 742 268 190 100 1168 1196 579 178 1409 87 732 1031 1327 954 511 279 1366 939 1269 1360 133 1221 990 326 206 1355 47 579 1031 52 942 330 840 244 9 940 279 887 381 389 1175 804 1342 691 261 149 568 511 279 1121 552 1350 1400 778 1410 829 388 944 533 525 12 741 441 549 1292 161 519 537 1130 411 519 856 319 1080 1221 1079 636 903 299 829 309 837 1013 688 1080 12 519 1356 770 639 216 1005 732 1303 1024 157 324 119 629 12 1208 1062 944 304 671 1033 977 98 770 370 174 452 1106 137 996 984 527 1121 650 12 469 1145 636 1209 174 608 474 133 1234 872 256 902 256 171 692 375 1384 984 1108 1221 1229 695 192 1064 133 202 309 937 607 473 720 482 1221 1269 600 63 818 469 518 341 456 222 462 149 359 1052 726 709 460 415 1252 708 1179 1249 481 191 1125 579 12 865 51 743 735 514 431 785 800 334 511 735 854 1170 1276 629 591 1373 1249 1420 831 1113 1267 744 687 144 43 341 735 511 1060 211 1065 154 266 279 666 319 1403 1372 408 1404 533 1104 939 1121 136 124 21 323 984 1319 542 899 579 785 413 1270 690 613 1121 1248 38 12 468 494 1372 1077 1389 1221 579 279 359 35 343 410 1269 519 1346 37 629 1301 44 16 840 824 697 669 124 172 1296 723 452 1382 591 1112 870 752 459 12 1121 80 706 12 1389 785 1060 519 557 893 861 575 321 279 785 433 1271 128 405 976 785 914 198 47 1092 802 1004 234 955 487 82 735 1017 255 1428 97 903 1080 287 1426 174 239 1121 230 640 1010 426 839 857 359 933 393 1218 1108 1017 1057 285 511 1301 521 12 819 940 12 829 480 130 259 785 712 511 1015 622 359 334 629 12 1144 988 12 392 94 829 811 1389 1221 1221 584 608 1108 93 579 934 359 138 149 1042 1221 319 52 1098 1057 1301 579 852 468 821 1121 1192 621 419 629 1042 555 1305 579 461 18 1037 673 174 74 15 1108 1393 1341 665 1017 382 372 637 1366 163 118 911 40 990 1404 1024 1168 1413 343 955 1340 490 774 713 924 799 511 874 755 519 689 238 785 447 1241 327 170 519 715 933 1301 1389 1280 286 621 279 662 255 1021 1376 191 288 644 735 1017 791 1366 256 232 308 1129 665 1241 1319 169 316 63 1123 1036 220 1202 1152 473 1284 1108 690 644 1226 382 363 437 134 83 579 1270 1058 893 468 776 1121 1117 565 1230 88 1366 111 1096 1218 1032 511 1403 12 735 468 359 479 1108 877 1218 472 12 1318 1074 1389 1362 1301 1235 1389 496 1024 1150 594 595 672 1301 579 534 1370 904 127 639 820 242 979 962 613 287 1383 1121 197 1085 316 1221 623 1177 143 1202 279 532 12 1373 608 219 733 480 564 829 300 565 924 1221 256 12 982 12 629 671 829 109 1108 691 1404 1403 345 1244 359 511 890 499 846 273 1349 388 1043 931 1217 67 92 519 85 437 12 89 653 1239 946 289 1265 295 735 191 313 22 1373 174 467 834 837 279 1051 144 890 1266 888 316 708 1069 279 160 902 1108 1124 1318 1252 377 113 511 830 531 104 1087 1137 1042 752 519 411 1216 54 770 785 370 966 1367 907 908 12 734 1426 1381 743 692 1166 752 1108 1205 720 735 234 785 1255 402 279 884 387 133 473 1271 1070 1279 662 199 47 537 1116 828 735 316 1322 662 671 1346 1181 381 735 22 1221 452 238 1197 359 855 785 1135 1080 478 1057 1218 286 853 70 509 1108 525 127 944 1306 51 152 1121 1221 775 785 163 458 1042 1151 511 735 666 511 316 662 461 1039 785 629 231 1275 1171 629 46 565 1108 1353 767 1269 40 1301 817 939 419 1371 959 1398 1422 117 409 608 793 1121 196 1221 453 282 561 125 484 861 266 511 1344 846 809 480 417 579 933 1389 794 478 234 243 1385 1328 735 1121 1269 986 856 641 309 40 316 689 542 1218 857 631 1108 425 1061 892 473 1057 792 57 1068 145 565 111 174 1049 608 608 316 889 324 1079 1376 1057 1121 1131 735 121 785 1262 586 1344 990 565 1036 511 111 708 934 496 1024 566 811 496 872 511 505 581 1221 1174 127 597 1198 1202 1328 309 352 279 491 990 12 1323 756 916 768 174 1366 1006 1323 1042 1078 712 61 916 516 579 11 774 654 149 1150 236 690 263 488 1083 786 1121 1366 754 359 578 629 487 944 899 398 1048 1026 1108 951 840 806 133 221 1080 47 673 1025 971 170 151 511 1179 149 192 472 824 128 511 311 1301 753 735 309 829 829 692 48 457 1329 511 279 505 671 1302 1425 1389 678 551 359 1135 39 279 1221 473 1379 700 141 1273 1101 1108 1210 1197 256 789 831 617 98 1121 1169 1003 134 1212 149 133 468 309 1108 579 858 174 519 359 806 535 133 829 1421 78 493 1121 1301 906 1240 1271 731 473 815 12 83 1272 1122 908 71 836 1216 891 29 618 950 140 428 774 359 388 566 133 922 1097 1056 670 1361 1148 829 781 1138 560 617 1301 753 216 1411 966 250 256 739 494 935 1104 285 427 740 572 1221 1224 317 496 658 521 565 87 47 1164 496 735 1031 1292 579 1155 678 1337 1351 263 1282 174 392 1138 1042 107 443 131 874 496 1366 629 511 692 1042 624 468 527 735 829 1400 1209 1279 209 1376 1154 662 263 94 1225 555 1164 452 903 1057 1022 580 829 903 118 1217 913 720 12 1184 1204 1209 624 1234 1285 1147 1301 708 299 1172 692 500 1295 174 118 671 363 237 1149 1389 579 1414 969 990 579 1390 671 726 103 831 473 1024 813 179 829 1221 295 1042 1128 279 473 888 1178 769 1269 1358 12 990 790 1007 663 695 285 692 1310 120 271 184 1325 1016 1055 1349 1389 735 324 182 1005 957 576 1301 167 654 831 169 293 872 637 1366 1105 316 608 109 12 785 12 316 357 1301 253 811 511 715 708 785 704 519 279 881 88 1322 452 785 958 1296 246 353 1349 473 1211 364 1159 801 1000 188 498 629 149 279 256 511 655 548 575 470 773 568 309 318 457 1285 913 651 916 473 118 96 212 732 1202 1221 1301 1379 1202 769 1384 1120 279 1407 1283 1221 1028 829 981 1121 1125 1147 950 849 219 174 829 179 174 1262 663 561 479 617 1153 829 1080 1301 519 76 1084 1272 279 1379 421 1179 254 785 785 1080 1080 319 579 1109 1241 316 785 1301 829 1218 784 511 133 1091 473 963 723 812 902 1135 905 1389 514 1061 174 736 1080 415 283 1121 1017 12 1334 735 12 118 468 231 279 279 279 231 739 532 263 519 976 316 1012 522 786 984 127 33

proba init 0.05 proba clean 0.35
901 1342 238 422 704 748 580 1377 1219 742 691 1047 199 1129 740 20 793 216 691 622 299 1023 1245 772 704 497 360 810 793 1352 423 105 1007 1130 1129 842 1189 78 572 356 716 1114 574 723 543 871 124 630 358 946 1177 311 156 181 606 376 574 445 376 580 929 1173 1352 29 459 297 613 45 782 188 199 824 786 1380 56 1177 1337 1409 751 1094 19 48 793 88 1276 229 140 608 24 637 828 1300 194 260 747 168 245 1173 445 798 241 224 747 863 122 567 178 1155 470 91 139 814 1385 387 1419 705 228 233 359 376 1209 1199 445 1111 296 995 635 1377 451 812 1358 1338 683 341 29 588 1231 207 643 935 242 64 1199 1037 917 22 48 924 910 48 1358 551 906 1209 1199 665 377 900 589 78 376 709 1382 1356 222 1016 964 1205 906 704 1194 1358 1122 1282 5 62 1291 1346 485 1280 485 394 1111 1025 267 157 1132 793 29 462 189 914 1117 274 1240 815 172 1332 1383 1043 1111 580 814 750 444 914 1199 491 241 150 1391 78 45 1363 1375 314 518 194 580 1056 908 574 1173 199 1199 898 1037 528 701 241 245 804 1248 1121 153 1194 445 701 445 184 1003 1150 306 245 1352 1352 1008 122 398 993 1300 1036 934 423 470 702 268 1367 1380 296 906 291 271 1054 682 482 29 944 526 1047 118 1010 48 979 814 19 1141 297 186 1209 29 1209 445 1292 1015 413 230 1016 1023 557 296 1168 177 1378 585 918 460 462 680 1099 462 438 1376 827 106 910 50 444 1236 906 1309 1168 1023 1209 995 122 491 545 985 79 1054 18 445 711 445 124 824 1353 1326 52 370 78 567 29 779 1120 667 950 134 346 102 1383 7 683 199 547 356 914 1225 937 23 1415 301 1111 850 663 790 1026 539 218 296 822 322 1019 1248 1115 190 1254 46 183 1194 921 1278 264 423 567 194 1352 108 133 911 677 19 891 693 966 94 914 732 144 1267 199 1425 574 1324 562 696 1199 958 52 729 445 1016 538 512 540 330 796 1230 78 941 655 1150 978 529 1023 1312 1356 78 1385 872 197 419 367 462 1335 199 862 122 61 445 1262 1016 220 906 819 1047 496 1093 1016 713 1122 46 882 914 511 958 1338 1209 1409 1335 1059 747 574 1209 958 186 965 573 1139 914 1081 33 957 328 180 629 921 691 1091 587 158 1053 914 1090 205 148 31 1043 728 693 1425 1043 1323 421 1047 1315 1385 950 199 1399 199 445 747 947 56 1128 1272 1016 820 229 262 1203 670 462 580 48 1352 37 704 493 471 668 331 250 1400 1375 1336 1282 1385 1187 71 1111 546 1383 462 1426 194 1294 643 946 153 37 1209 342 251 414 1215 557 965 445 144 1381 452 339 1348 48 58 56 1024 253 51 1111 41 1414 1251 657 1262 224 747 1023 798 580 462 445 151 1146 836 1281 1079 68 293 1326 353 144 1080 499 985 288 1111 1268 446 1173 758 906 613 339 649 869 1260 54 340 976 1176 1047 1209 199 1287 951 1423 297 445 1392 104 1419 655 1219 121 914 937 245 1103 608 188 1320 1047 1146 914 1423 1330 411 365 245 1209 600 1129 1111 53 1098 574 462 726 1235 1037 704 1306 1129 1211 96 1411 2 466 511 925 622 199 591 29 574 1300 466 450 103 725 1199 656 914 356 219 1383 1127 1272 1232 160 462 1142 19 581 445 938 1419 914 30 821 138 445 935 1108 1197 1194 48 1377 1246 1209 800 406 579 347 1040 213 969 501 592 405 249 117 1000 285 1068 921 359 1365 9 19 836 1248 245 1248 273 234 330 960 678 330 565 987 245 1311 192 1016 654 374 1194 1250 1199 991 78 496 1150 701 608 145 580 1170 427 120 595 382 223 153 985 114 349 603 1390 586 297 555 326 1045 1275 1173 747 199 1059 485 1415 1196 685 1037 1352 1195 1037 1023 445 1223 445 837 442 183 1195 580 133 506 559 506 1240 860 156 462 895 889 1023 955 192 58 485 97 194 1043 1023 1092 1111 194 119 1339 763 721 1326 1062 303 638 1047 787 922 912 711 241 914 866 347 445 942 1273 362 199 515 1392 1300 869 855 141 634 1016 1023 74 1209 392 872 1167 241 349 73 807 48 452 679 1340 445 747 5 769 296 349 144 65 1378 1087 400 197 1070 249 1276 607 330 527 199 543 29 894 639 26 476 484 54 245 1209 726 602 456 1237 1016 577 906 301 893 297 747 814 1313 774 1023 199 302 517 206 462 997 1387 613 302 19 533 1062 1356 308 463 443 852 1390 245 963 867 1386 1043 242 745 310 731 185 1091 358 124 5 795 784 1047 462 270 1023 992 342 567 462 342 776 595 1037 1209 189 874 1035 1129 1111 567 307 1129 1013 1209 946 965 754 591 1173 1330 1293 304 229 676 517 456 808 1354 914 1071 199 1115 841 1084 29 496 1013 1321 1020 956 403 284 618 811 717 56 704 894 500 580 906 1069 591 749 462 199 341 29 580 214 217 581 454 1220 574 668 305 1352 669 1135 223 1300 1157 244 580 1178 1324 714 704 1294 1209 921 111 1352 1297 805 1143 1209 330 349 272 793 785 1209 1189 1229 1346 1346 341 1209 604 197 349 907 893 908 1050 1015 504 462 797 693 1236 921 921 445 1381 287 929 1133 445 585 871 1276 23 747 821 199 891 1212 631 100 131 245 439 144 807 9 333 162 199 245 244 416 935 437 1406 580 109 199 245 745 596 496 465 1291 642 556 1109 846 29 1233 509 1201 837 951 1123 451 787 1016 1199 675 538 1019 575 129 535 665 1274 1316 486 1140 964 813 323 310 554 1082 911 653 69 761 1111 445 720 29 78 241 1282 1354 574 485 778 17 286 1129 427 583 452 556 107 682 1129 1023 93 1392 440 127 824 866 607 47 608 982 146 771 874 898 328 747 189 1129 906 799 435 1027 221 445 1347 101 1023 1029 241 763 980 47 485 1297 10 1121 360 1003 992 37 799 843 478 1005 91 1209 1383 424 1199 137 1278 914 245 1076 1289 234 782 875 469 245 596 914 1186 449 484 1160 1292 1262 1413 1352 147 1062 948 462 1356 814 935 603 35 444 473 986 459 733 608 1111 987 948 351 1147 748 710 1199 376 1105 310 829 296 241 730 1167 173 872 749 67 1016 1100 615 292 1383 473 445 366 286 1322 767 441 862 1322 579 200 445 245 241 1059 320 160 241 1025 1278 577 881 1322 277 567 704 133 914 624 814 793 1128 536 353 1180 908 586 666 1035 1111 939 174 1047 194 619 1059 1059 965 580 1291 1178 1051 564 1248 68 670 560 813 477 970 1171 445 427 980 968 1022 51 600 245 1402 1286 963 1215 954 1414 831 438 1385 91 725 1416 59 1012 1381 567 433 131 445 1097 1 517 1016 405 307 337 1097 199 1238 593 748 888 1173 462 1075 530 528 535 245 556 1111 427 576 596 113 577 752 1199 809 1159 158 1242 150 889 1041 1016 1198 824 1278 58 904 747 573 748 1059 229 1387 814 1146 1209 1085 194 574 658 1246 19 812 893 999 355 929 750 1194 559 711 688 641 199 118 1415 866 1023 914 241 1249 1111 1199 1199 1331 739 298 1379 38 980 222 665 1194 673 241 1111 241 1173
632 757 155 949 412 294 115 936 78 785 815 195 82 1150 1172 94 1316 431 768 1109 155 273 640 153 412 342 59 542 895 506 600 904 52 839 1140 712 198 26 1373 709 801 327 1353 82 1303 555 1170 576 322 802 186 594 704 312 757 1300 205 863 1126 1305 97 519 43 1295 539 709 332 866 26 744 865 709 971 156 290 563 159 356 600 1090 528 920 1039 629 898 267 842 823 592 402 79 198 485 233 1141 981 1225 663 378 724 291 536 176 267 995 975 1347 322 589 1236 1426 123 1103 448 566 1387 561 808 1011 373 97 1364 280 1396 569 1143 198 376 1423 629 741 97 720 521 353 1130 979 557 1211 1024 1054 804 347 719 761 1227 542 1 514 989 823 130 1120 97 1364 1397 37 1355 184 26 194 600 977 620 606 620 932 884 860 319 295 373 1043 403 880 373 686 861 543 1102 269 1055 1364 642 392 600 976 4 353 1069 1102 784 26 485 1187 823 554 344 291 1002 550 115 92 121 510 1107 98 440 472 800 1206 26 31 177 847 218 363 768 115 188 1272 306 675 82 1206 1099 1321 56 936 595 927 950 560 198 844 380 1337 944 1093 902 997 550 219 519 43 1 744 1185 335 97 198 79 462 674 1414 82 542 936 1401 569 602 655 558 1149 1161 260 353 495 1031 1295 711 1268 1263 80 1338 663 801 1185 43 186 709 620 624 1108 987 938 121 620 449 374 1314 709 473 251 97 457 1017 731 389 707 960 16 569 453 1290 823 170 924 1183 61 650 47 772 97 1000 1307 239 1232 602 347 688 1008 1016 894 120 786 794 1089 1244 82 1391 26 556 353 807 524 1372 650 32 622 81 291 832 569 82 640 1170 425 813 1206 322 459 1376 748 477 347 567 918 979 120 569 676 1109 48 858 300 964 670 1210 717 1317 701 1401 940 43 644 728 691 1280 719 611 635 1260 743 1282 623 392 207 833 709 312 556 112 647 133 141 987 347 321 1321 1329 818 620 842 542 205 602 205 391 26 1377 1075 546 1347 914 542 1092 291 504 1026 777 1093 1227 620 82 768 26 936 826 911 626 517 620 193 77 912 1042 121 269 1295 105 97 519 602 755 686 1295 508 600 1329 1170 812 923 1401 97 1416 16 665 1040 856 767 416 1319 364 322 1368 600 1203 742 1351 1067 17 1390 557 1129 78 291 1401 296 91 442 87 930 400 578 506 44 825 766 589 256 255 1179 205 941 696 1126 1186 620 1396 190 521 620 397 26 115 220 43 729 412 205 627 549 1266 1043 1323 1169 728 1152 1037 656 274 325 936 291 29 334 130 1307 892 180 212 1412 97 6 1193 913 773 589 709 999 937 91 1364 215 1048 823 1317 1393 415 602 668 250 1375 1331 1051 1324 569 664 1065 776 823 115 68 1375 569 143 99 1295 301 547 1253 291 338 1091 1201 823 294 1013 1351 967 43 1244 1413 211 413 587 555 1206 1003 1422 590 294 768 488 1136 82 1227 1087 558 1410 873 1351 244 816 621 97 317 43 180 244 1137 1196 269 1295 68 913 1329 1209 1331 1396 1330 1401 206 920 1222 244 823 898 1401 336 1224 583 1371 714 129 122 210 1201 569 754 1205 837 1348 964 26 333 353 269 1225 640 1227 569 21 1364 1401 495 387 533 291 448 1089 342 600 1076 373 727 118 452 97 341 353 927 823 600 681 205 669 943 1414 217 602 1023 97 768 468 519 121 217 390 459 788 552 1029 428 996 720 162 1192 987 636 1053 373 171 1079 839 211 111 399 43 602 415 704 602 602 347 577 304 671 1197 571 1379 1253 269 347 121 26 43 291 551 725 188 542 97 1227 658 900 913 1350 1010 561 580 114 98 253 583 709 1252 812 591 422 254 399 121 40 373 373 813 1303 1271 43 521 1056 495 116 509 867 768 1172 1275 547 198 1077 929 458 1260 231 840 841 649 373 630 1274 593 91 479 1351 1249 48 817 848 1227 505 1131 269 212 874 667 1351 1206 740 212 246 246 1359 174 1038 679 1287 1227 988 861 466 736 1341 26 1239 1351 1170 315 958 39 1329 97 751 351 97 1164 220 385 918 709 753 860 525 1267 1268 492 210 198 81 155 569 114 1165 485 528 1285 1348 180 800 1012 258 560 602 420 82 730 353 634 91 184 61 1006 445 1018 97 483 457 1295 720 1371 792 739 558 1401 269 1385 147 1405 1401 732 82 1051 179 283 629 25 621 335 124 1100 782 1085 519 1329 766 184 23 1354 1169 152 970 726 1014 640 272 879 347 770 1025 1364 1303 43 41 1225 1429 26 1174 173 1266 709 68 688 118 508 602 535 97 172 187 258 693 586 569 219 1227 1227 97 1361 1377 363 373 1134 1145 928 1020 997 1036 966 347 519 468 553 171 82 362 361 1024 353 37 511 233 660 958 760 1054 1102 97 188 291 412 294 43 392 967 626 542 1151 1020 82 709 353 1172 1013 646 1159 231 106 1401 1145 569 1295 1396 808 1389 198 937 1102 310 603 396 718 85 1324 1279 815 320 1325 602 1150 632 97 602 30 133 625 61 600 600 1064 345 1303 245 97 347 1325 114 1311 730 802 577 378 300 82 450 109 851 1327 1364 814 881 164 64 43 1348 589 602 844 136 1203 761 82 243 569 283 632 214 198 1112 1305 948 1371 854 888 473 1401 1019 778 198 600 26 123 691 1298 1170 396 117 11 1352 1114 665 329 130 1401 353 912 1061 114 903 337 1223 807 456 620 342 719 1233 846 526 198 1403 44 216 571 166 491 600 1060 1024 105 1275 1186 486 727 1349 640 589 991 1088 353 26 705 1313 672 193 599 1177 1401 1427 1227 356 556 1364 1115 121 904 125 1301 895 823 1396 411 1170 294 1070 1117 645 795 865 837 1110 604 675 55 1295 1075 692 1111 766 738 1332 573 244 542 1223 600 91 1410 821 1221 1302 97 438 9 373 762 311 474 328 212 1017 373 531 600 291 111 939 823 1040 1247 1258 1396 766 496 1165 127 614 582 674 289 685 1067 837 1057 509 575 33 61 474 1267 81 589 823 1349 131 1222 477 823 115 587 138 620 608 589 1335 600 269 624 530 696 98 534 1227 153 430 569 874 802 1051 13 1351 269 211 620 321 847 552 291 478 1145 470 1016 217 1396 971 1170 269 1266 1103 399 519 934 291 1406 525 291 875 973 227 504 1125 503 924 1185 709 391 996 10 772 121 104 97 276 421 1286 620 26 347 273 1416 587 1059 594 418 758 454 477 217 491 1309 1173 6 534 1029 111 1427 34 1309 1364 841 97 558 206 815 48 625 519 521 291 448 287 620 269 1331 797 166 789 1309 696 1031 359 1401 548 102 115 835 376 977 115 97 1401 1077 600 513 82 870 1394 532 105 1291 584 600 1256 1136 545 875 782 1364 651 693 1346 1102 792 1284 680 1371 1094 531 269 957 921 1015 620 709 620 1102 488 547 444 188 1364 709 519 600 365 489 97 198 1354 491 849 1292 997 31 1167 37 160 149 495 269 26 1102 291 575 1115 1293 119 1021 270 560 433 132 29 1364 81 1390 870 1129 1121 500 26 404 753 509 43 291 589 24 447
1137 1353 1066 1105 649 92 373 319 724 749 1283 761 84 732 977 805 394 102 132 1317 1003 1420 273 1286 655 1015 540 852 629 551 211 1329 1013 120 1046 349 402 260 1396 378 1225 424 1317 286 548 170 111 838 1167 761 99 322 500 1330 1401 1095 1374 887 498 310 1392 551 15 617 654 580 1392 204 131 438 1074 402 1204 349 1076 844 123 816 512 827 581 588 726 723 1068 43 816 293 223 1193 1206 864 912 406 602 1052 1374 551 505 904 770 594 844 874 1131 907 95 1132 542 138 1359 735 1204 1341 1337 339 557 1403 984 785 1392 32 1300 138 1337 1369 1048 526 547 1286 1223 576 322 1204 845 1190 169 1112 1351 1073 480 475 899 809 941 1011 213 390 1295 500 748 1081 337 1392 899 816 992 431 1024 802 138 1193 544 769 69 1392 1180 784 517 1342 1392 793 89 1374 256 1094 541 570 439 341 1339 381 394 257 897 197 1093 647 473 816 341 1180 654 666 126 1318 844 891 336 954 1317 317 40 474 237 1180 899 724 483 718 1167 757 32 236 518 1061 1358 266 373 1045 1121 500 15 1031 336 887 809 884 774 577 1209 1233 1025 336 649 282 99 765 1300 548 535 202 1329 1317 584 275 1070 1382 44 621 864 1345 999 211 1378 1100 64 1089 949 7 575 132 289 400 758 423 730 1321 54 617 1124 1258 199 669 1273 581 1204 336 769 426 424 769 1287 1204 271 145 494 769 711 103 781 1216 341 1392 1392 500 432 816 488 1202 816 246 27 1298 304 1209 890 425 1365 424 836 892 862 1392 138 1391 524 538 463 899 412 132 1391 818 1300 989 1352 938 1335 597 1034 1067 712 394 1374 99 293 1050 1204 1180 496 368 206 1399 1417 328 817 1180 402 540 1315 375 138 14 1204 899 149 1430 108 920 526 1067 1156 649 1154 1374 1156 188 1291 814 1414 751 1005 1352 162 162 76 569 1374 422 1374 475 581 150 200 162 498 1180 138 584 703 816 38 655 705 164 742 32 1290 911 473 8 769 862 1339 206 755 296 155 1067 591 551 352 663 213 1184 132 131 1368 267 1280 671 1290 769 289 738 816 265 917 1374 291 359 769 1124 399 1352 1070 132 145 617 440 283 1102 710 1180 388 617 1180 769 138 954 477 226 374 1392 1238 1038 1124 424 1376 1180 960 1290 690 51 162 513 293 35 138 1359 975 500 1180 1359 1204 978 1124 1113 441 407 1175 892 271 1339 851 1374 1204 1023 394 38 1050 26 1239 1302 936 704 52 769 1204 1275 952 162 89 134 373 106 739 668 294 373 727 964 1209 1290 627 581 1268 792 211 425 1339 14 49 925 816 897 1336 641 182 1224 1007 1298 1167 1400 816 1294 959 571 485 197 66 1035 32 686 1371 278 571 138 513 1368 1290 899 721 162 724 1177 1337 508 844 657 1209 773 394 1158 324 373 329 617 627 924 1234 117 1088 1352 754 86 175 570 32 520 457 424 162 296 233 1408 246 378 980 1204 844 444 1339 737 1392 53 788 344 853 715 1300 645 462 858 1013 1016 1125 1180 403 394 1374 1307 439 617 609 778 1180 424 1257 138 1020 1374 101 138 174 394 828 860 1334 816 1374 1352 809 1168 771 1058 1072 47 91 295 899 42 114 1089 1067 1401 139 394 501 596 1058 844 317 32 860 1180 764 500 336 1212 887 1051 513 816 1411 581 798 730 735 551 1180 35 1099 142 978 769 1260 430 654 77 609 1374 1392 967 1395 839 1269 1420 1200 394 233 282 877 1238 1421 805 896 353 402 233 1338 15 837 359 1297 1200 1418 535 223 639 432 1259 203 738 1271 359 262 477 1352 581 137 471 655 899 497 790 769 829 1287 133 821 675 624 1317 162 710 394 428 786 1312 160 586 276 1400 1425 592 162 1324 483 383 372 844 1019 336 1096 192 298 383 809 758 1066 809 53 1300 1005 386 233 327 58 504 1290 289 764 369 884 861 625 154 816 881 1374 1180 1401 892 1391 132 1337 426 896 656 1180 475 208 617 1267 426 912 132 853 979 216 124 378 1240 1188 933 336 1180 775 328 1166 19 337 865 176 1069 956 825 189 1410 556 402 1101 11 472 1392 852 1203 1050 1314 1373 1152 420 1033 263 630 844 119 889 1129 1308 1360 586 1374 328 524 1413 20 1374 1019 1312 449 336 577 1374 729 686 14 1195 376 507 1391 778 746 1076 1392 1192 367 617 335 769 1204 223 138 813 300 37 7 764 614 746 409 1401 1401 577 1067 709 589 1089 898 581 378 898 1200 782 1068 500 1281 32 292 1200 712 844 1170 189 114 828 938 1064 827 74 1165 764 671 704 695 622 1374 859 553 932 1136 816 623 651 1240 809 1392 510 1200 978 1236 14 162 1334 1427 282 1392 827 913 762 1128 1089 1072 345 661 1140 762 1209 1316 1277 804 1180 649 1050 1376 551 1011 289 720 923 1085 662 249 305 1374 125 1204 900 571 420 226 1273 1016 337 643 1329 92 816 1173 1110 943 32 334 573 1129 1290 767 1267 1231 1348 617 573 323 1159 864 648 341 373 49 644 1325 326 394 1392 771 1094 636 1050 1067 441 453 1332 1374 262 500 468 769 1352 289 620 91 162 1392 899 331 586 1010 1283 138 307 340 1374 1067 89 100 623 402 1241 631 915 518 1415 792 1142 1176 942 793 16 1248 394 409 1418 1276 25 1203 117 899 32 1317 403 1204 894 380 1067 14 154 210 864 375 775 944 563 589 1374 796 343 529 136 402 954 5 1209 1374 337 313 771 139 1187 1290 513 1290 237 769 1374 738 296 365 899 669 844 549 437 616 603 736 20 415 1265 865 1352 519 1370 1391 1050 685 727 908 233 80 955 264 704 1401 1374 649 32 298 272 60 1397 574 1036 292 611 1142 1110 638 875 189 1204 468 583 748 370 504 1180 288 1224 963 1424 675 289 253 617 732 424 267 724 338 299 188 876 405 533 1352 524 852 797 138 39 1030 1203 719 824 972 201 174 1206 230 724 1336 1141 1352 516 470 841 730 1232 1180 1355 906 685 988 235 1006 173 1374 1194 1180 437 211 331 99 1410 171 756 647 892 1374 138 365 140 1357 695 1204 1015 293 61 355 962 631 14 869 1021 513 378 1203 147 1045 899 551 282 24 209 655 93 909 1409 379 751 104 1148 769 778 899 424 1393 269 155 1367 988 1420 138 231 237 413 1306 856 289 120 211 336 1280 211 235 1262 1335 1160 1352 1401 500 104 1033 233 1180 326 545 1374 373 451 211 1029 85 1372 423 433 899 142 1102 1082 189 968 955 336 253 1016 1420 402 867 641 1239 656 754 1150 935 1416 859 1374 1300 1426 533 262 1147 584 560 1200 537 873 448 162 769 530 249 1273 211 942 464 745 129 289 1374 276 67 682 879 827 899 211 115 1374 403 1352 976 854 608 1187 761 1067 1028 857 373 956 481 1427 1374 130 394 1218 292 492 341 1374 1067 186 707 144 378 677 1239 1088 454 1339 385 769 341 102 1204 189 378 1083 1339 1374 1352 378 99 1392 1052 712 402 1106 427 581 1391 320 754 138 341 661 883 1233 341 544 987 426 497 863 1290 1252 1180 336 32 944 899 899 237 225 262 1122 289 1395 1062 675 1082 619 1115 1209 992 1049
873 379 157 237 808 363 307 8 34 1058 931 378 758 1144 819 726 275 523 1317 687 630 689 1145 354 128 242 18 693 1282 1135 275 951 237 125 482 590 952 833 335 1157 146 313 687 639 121 1068 749 1063 896 652 698 1258 393 1393 983 1388 1122 622 240 437 275 851 1387 1207 1122 417 275 886 692 681 1169 698 1041 1322 313 1160 950 177 849 853 146 1243 13 400 1368 1260 1249 160 673 1180 632 952 931 194 133 454 1122 103 683 1192 96 702 1366 1155 45 819 1293 326 1272 981 417 175 243 503 121 788 1342 788 943 1033 1321 275 462 1040 443 811 952 116 1226 313 474 245 332 1063 285 538 71 701 1085 351 925 40 275 1334 367 193 465 268 271 1285 1101 286 313 1321 1413 328 313 84 1167 378 981 765 616 414 839 22 279 1380 577 563 1401 483 375 108 1106 328 1068 717 53 182 944 601 348 1317 607 602 236 213 1311 386 413 330 1178 1153 1183 1101 710 830 96 932 687 157 96 939 453 132 275 1325 858 1255 721 1330 209 445 1058 1119 663 786 883 983 765 483 289 708 500 303 1334 1239 738 1161 1407 698 224 952 157 185 708 834 935 469 229 863 653 687 172 1210 182 64 1215 245 952 1428 1315 837 896 698 295 321 84 786 313 125 198 693 1053 1406 302 987 526 378 750 363 621 1358 1313 1225 997 417 459 68 1199 483 896 405 303 238 619 22 689 994 364 794 939 487 938 1179 1357 1339 313 785 386 1407 803 1123 553 1101 136 871 1045 313 739 868 689 1321 981 1219 778 1198 313 624 744 1428 123 1175 592 1280 1019 545 1311 449 577 386 59 231 1142 1223 357 504 963 693 229 96 48 553 760 1131 161 132 698 611 138 196 981 19 981 1 432 791 313 573 502 386 513 1103 286 1122 372 221 300 1331 1181 815 228 669 163 1407 1395 434 981 361 84 275 699 1008 119 21 740 1386 981 698 523 386 509 275 1158 208 356 177 693 743 469 1329 22 145 693 393 78 242 1072 386 1016 1407 870 84 77 689 1025 614 653 1065 1317 664 177 1155 124 1127 593 1241 983 1370 82 316 22 1188 1236 861 378 292 196 378 419 245 319 425 1039 966 150 132 552 981 1221 833 1210 1413 1321 572 1241 1073 30 100 132 1231 842 132 909 1111 1155 1284 981 981 960 871 1179 98 614 1308 96 993 741 124 1181 55 588 928 482 378 1122 944 1048 74 1211 386 27 393 488 134 1181 693 22 981 681 685 1059 337 557 1408 80 275 19 274 429 1155 1302 1120 89 1033 533 275 1002 1251 1155 693 137 1102 96 386 452 142 291 648 1180 616 675 1321 96 407 1350 1427 654 794 419 909 1048 1155 386 944 1101 592 981 993 291 91 990 841 1407 98 800 989 329 1366 689 1101 900 209 1088 1343 332 151 1330 77 757 146 96 113 805 394 1101 413 1370 761 462 345 313 1407 869 165 693 969 1157 78 1311 975 1411 183 275 603 1072 393 275 1335 182 462 1328 715 1027 1187 245 709 407 1350 313 1174 723 939 1115 378 553 1194 220 1054 981 1019 1413 1321 981 501 275 1101 1024 938 386 943 241 1334 848 781 968 1236 393 520 269 305 962 684 639 604 1349 1214 275 1060 1275 140 866 119 871 84 132 976 1335 96 177 381 667 1155 190 1033 1045 1122 539 303 70 131 716 204 1155 448 755 444 922 1366 354 78 851 1321 604 1310 447 21 853 794 687 230 49 260 287 300 516 515 132 682 80 1369 1301 1055 946 274 689 1366 1078 724 78 873 889 78 313 780 92 1015 1340 598 1195 965 1181 1051 1101 939 723 754 96 1045 1317 338 278 245 687 1407 550 698 526 1242 133 208 703 789 1139 703 794 1129 1035 669 502 721 506 1335 1 483 1033 607 1407 1334 1180 794 1334 689 830 693 677 1329 698 938 757 952 533 515 783 244 367 84 68 124 1033 1122 873 316 124 1274 939 1398 1098 497 689 1407 275 249 87 1254 1155 925 693 687 384 1096 426 1157 1155 1048 341 312 521 335 897 1080 1403 313 583 386 1352 844 693 725 470 802 332 245 689 313 1321 666 1201 1012 910 794 1062 787 1120 1407 1155 105 130 952 67 336 242 684 84 313 44 897 563 242 45 552 636 733 412 1053 175 340 1122 659 1302 1018 1314 685 1018 303 1321 1069 1406 863 1425 918 527 623 1040 84 993 96 525 492 183 689 294 1030 899 575 213 625 390 275 1198 521 1157 1129 362 372 1072 18 63 698 378 1076 1041 506 1131 20 907 550 461 1194 143 1392 1240 693 914 1181 1365 386 829 1179 1048 794 1084 386 53 197 313 1334 1321 969 1365 456 242 1174 1403 120 242 745 1321 385 410 698 1033 725 540 1157 278 339 309 1101 592 1321 1155 1297 910 687 116 669 408 1179 1174 313 1181 1317 40 873 634 368 245 853 96 1341 940 970 698 313 960 693 611 1283 851 1194 498 698 681 677 1155 361 228 1122 693 545 1399 336 132 1253 952 1341 1262 929 1080 214 1393 139 698 1321 1332 511 994 313 303 1335 245 78 84 1421 1179 191 245 1079 1268 717 717 1145 1321 611 313 583 961 1416 981 335 1376 714 1194 1101 141 639 698 1238 3 104 1155 469 1307 94 1398 313 1352 550 110 682 386 16 576 1409 1304 899 1122 698 635 1325 272 1181 1219 1269 1122 186 536 952 802 1321 47 1217 1366 84 354 1181 776 132 393 33 132 1102 84 1218 313 1045 546 481 877 993 1169 1031 22 1413 1342 1179 15 660 952 377 143 1203 693 393 722 526 621 1148 801 1296 84 403 2 666 248 275 817 564 171 386 1080 1429 788 1306 313 275 1084 1167 242 933 901 659 1194 483 196 412 1200 685 1101 981 1069 246 698 745 194 1317 488 313 970 1181 855 808 440 250 501 313 885 763 586 1292 479 275 685 689 1413 1231 347 258 981 483 245 841 612 1033 390 1248 477 237 1317 1034 84 618 1155 96 209 103 1101 1117 132 1122 1048 404 1108 723 572 619 902 1181 585 1045 1411 563 1057 197 303 275 1226 724 1122 981 777 1101 566 1155 1281 574 1101 642 759 213 1155 174 275 1126 1155 1157 1077 1181 1101 1021 698 905 435 1180 910 105 917 1430 880 693 1209 291 22 365 406 954 693 1365 509 712 237 276 981 689 636 275 483 61 698 84 468 464 221 1148 96 179 331 153 1208 290 1179 1173 166 794 132 106 284 1122 939 1353 245 906 1181 1169 512 364 111 1212 663 378 550 595 996 1309 618 710 508 1155 132 5 393 1144 1053 1180 1174 1013 408 1359 464 245 993 208 1269 957 1040 1122 83 778 318 1407 841 92 1378 463 275 1229 1241 993 1088 253 84 992 795 1366 1245 81 743 1058 822 1122 918 71 1413 678 1236 323 502 173 783 386 1155 575 1040 815 1122 1395 275 65 284 790 211 969 386 429 166 778 1157 905 393 569 784 22 794 299 905 1122 747 860 1157 37 693 84 977 1157 422 1321 952 242 275 1210 583 423 917 165 1411 1040 635 270 967 763 1208 783 852 856 324 132 398 689 89 1309 275 1391 954 254 1194 712 870 561 522 219 1045 96 993 1180 96 1101 1413 417
808 355 252 1050 1246 1056 1081 1141 1387 1081 1085 1108 42 485 1020 703 438 186 1246 1213 464 373 677 1169 503 848 200 1387 329 390 929 1378 610 297 1300 1082 125 886 338 662 270 1076 198 765 252 334 306 1173 837 885 1317 143 211 1380 681 192 1229 120 737 460 546 183 1138 111 1011 1385 858 972 886 438 802 662 602 971 414 1223 1036 470 877 1159 1321 1155 586 868 1279 141 791 1017 1111 1093 484 1285 517 1229 606 208 1313 341 120 886 56 167 836 346 837 1358 917 940 645 613 215 77 602 1175 1011 1296 661 281 657 577 893 1229 120 202 153 164 1285 269 890 3 511 1063 12 1359 438 601 1319 1009 1391 589 1309 634 1217 123 1229 191 2 1199 730 878 427 1130 465 517 1217 584 782 94 783 1048 30 3 990 1426 866 549 702 438 1018 539 1270 1306 886 828 53 1044 886 75 797 972 797 139 72 1209 838 1138 1224 415 408 791 840 403 886 1380 1351 1200 1245 832 53 28 837 1009 467 1142 1202 403 1217 540 968 723 295 1342 722 4 187 594 1320 1246 1226 610 673 198 341 1214 1229 1409 1369 1056 1253 687 1313 217 971 837 789 534 120 681 120 88 1419 837 719 1246 598 1216 115 1222 80 693 558 334 741 3 1163 549 893 209 1229 153 575 651 936 1306 214 1353 17 52 1270 602 269 1288 151 762 883 1050 602 1011 1011 983 662 870 542 698 1230 426 281 969 1131 55 1201 662 1390 704 427 1411 1096 791 309 164 791 970 1199 363 1280 1079 886 261 557 207 189 686 113 1107 1343 681 608 363 1408 1229 458 158 120 1011 120 1356 282 609 562 998 521 886 1327 569 522 409 439 1352 41 702 1078 53 586 153 494 381 912 403 1038 281 520 445 880 837 602 1229 511 799 967 200 153 886 1173 486 747 1313 11 587 248 923 1408 712 33 291 462 1260 348 298 1229 15 1313 1178 1178 765 950 670 905 403 618 662 366 886 530 198 1319 1278 522 1229 1387 1245 47 1367 1268 765 1387 847 1334 938 8 886 521 169 74 1313 59 766 740 1253 886 993 410 1081 565 1015 791 1246 886 199 281 1380 765 338 920 107 704 904 1066 1356 638 531 625 754 1313 921 403 575 625 416 339 1284 688 198 1369 1313 655 1109 213 683 765 840 403 1175 478 765 304 1279 1045 712 736 1389 600 643 257 403 353 602 283 1313 28 916 1373 585 28 255 751 154 1313 602 176 1214 556 1214 120 983 839 1129 1373 9 374 1129 1231 659 1020 1028 581 1235 126 273 175 812 609 986 783 58 716 1365 861 575 453 194 919 1387 837 131 53 791 765 1288 23 32 1006 837 1279 1095 1223 791 886 578 57 846 120 1246 326 1217 886 1279 144 1313 981 363 1407 847 1229 625 952 724 298 1157 1121 1256 619 701 601 166 663 153 931 168 308 983 363 976 268 932 334 667 1048 1297 856 1302 120 527 185 244 456 32 1387 717 1313 744 602 1122 491 187 1060 468 443 129 542 208 672 120 903 1042 77 992 1164 987 403 894 1229 1313 1066 224 977 600 938 403 386 1419 1021 662 1313 205 570 553 1042 345 412 1313 791 1255 964 768 1385 1302 460 200 983 205 1042 363 481 1081 1101 886 232 974 198 518 677 983 43 1109 1217 1313 403 846 550 53 278 577 1242 620 791 649 929 554 1274 1025 794 403 1011 1306 1017 120 1124 1088 1118 28 1084 208 911 1257 1246 558 434 522 1416 600 332 1392 532 1334 1326 886 462 1278 765 712 727 376 1306 1410 454 1234 438 1050 832 349 751 1320 718 549 45 1229 1306 567 1072 479 700 1053 50 746 1217 526 1137 577 993 541 320 211 176 57 837 335 808 810 500 1034 205 886 996 278 535 1166 382 1308 1150 631 1025 28 108 372 1158 797 1277 1298 756 295 785 1282 866 147 120 1387 120 633 497 712 733 149 1115 1229 92 38 132 1181 1306 791 512 495 70 232 541 7 797 837 49 28 521 1084 734 1052 151 1099 114 1365 1387 797 743 1167 877 77 75 431 1092 588 403 819 169 120 706 1353 1324 886 123 27 1387 1052 1132 320 218 698 802 641 1230 137 1026 1214 57 662 1217 468 735 1145 237 143 526 1377 503 605 153 685 1313 1056 801 89 1328 1127 1321 1055 860 432 1296 374 69 984 837 738 826 1007 681 515 587 213 512 1032 896 878 799 375 669 15 703 1313 1285 112 1033 967 1313 701 1214 232 979 205 886 939 822 854 492 956 77 1143 1229 922 1157 1217 192 128 778 754 342 182 28 970 442 977 1324 1259 1159 1237 550 1387 284 1261 1175 791 39 249 1017 662 2 791 196 637 847 564 588 824 1098 425 718 873 1000 790 1035 333 1118 1159 300 960 410 1112 153 363 110 1409 524 184 1229 629 475 403 1000 1214 352 216 1275 1295 808 986 1373 1426 33 77 1313 1232 1406 485 837 673 1281 591 524 821 1125 1387 812 791 886 687 1253 1037 921 24 382 499 199 198 1387 87 1246 817 644 775 184 334 743 255 1071 31 1418 1224 610 998 28 602 1313 1310 113 774 1169 571 1313 293 302 7 958 649 786 641 1214 1245 743 1229 490 1013 229 1346 413 1359 2 639 791 1229 1418 1343 1243 718 120 483 1304 516 334 120 1229 849 250 1375 270 221 708 1073 153 917 586 48 1229 1376 1076 1122 602 947 778 886 1313 650 728 1067 1097 155 926 1047 886 1313 862 503 950 281 273 219 765 90 916 1069 1019 85 532 589 1028 167 81 710 226 1313 1246 785 281 1229 79 1420 796 949 1387 383 82 596 129 1360 555 428 1313 207 126 515 677 656 120 874 239 886 1228 1334 232 1313 797 653 665 167 495 994 334 60 1229 1306 201 124 286 803 1278 682 1419 385 1245 668 571 557 1320 986 732 1373 800 1110 837 621 69 1229 1121 1019 418 1270 120 1042 562 795 610 1189 1043 618 1142 797 796 566 1364 11 120 963 1050 1050 693 518 1313 750 13 53 663 500 1414 21 403 1320 103 1413 6 902 1230 1274 1313 1373 403 283 564 519 707 1320 749 1313 176 1403 1377 450 559 706 832 657 602 860 409 1051 914 740 109 832 947 239 899 417 927 1373 939 1229 378 1362 517 883 153 677 702 159 117 1387 53 677 648 1370 988 124 53 686 120 1278 1050 1418 303 9 1168 645 1124 294 120 1313 1428 56 1163 1365 874 470 257 120 229 232 42 98 702 662 403 308 1050 707 1306 15 166 269 1088 658 867 886 1217 263 294 1232 1388 371 1176 546 1148 616 388 735 765 1318 1306 175 825 487 416 638 805 973 120 1127 363 587 999 913 95 1313 695 1032 827 961 1053 1185 177 180 239 507 399 28 1385 345 1313 993 961 1270 120 1159 1229 801 553 1313 700 1159 1032 1214 1301 824 1229 1404 997 823 1056 408 1320 1077 1271 846 1360 1337 1229 486 743 1313 886 874 1341 160 1343 448 268 1137 531 463 662 944 1348 1193 128 1005 77 1135 1387 1313 1019 77 601 77 695 906 198 616 762 329 681 339 960 561 1039 773 888 886 743 9 890 737 1313 765 168 29 403 690 1020 1267 1229 1229 1229 1316 111 252 316 886 963 34 28 504 567 509 405 355

proba init 0.05 proba clean 0.4
21 92 1294 1003 371 1386 930 846 197 790 487 1318 43 837 944 1110 688 43 762 177 530 533 102 548 371 77 904 460 907 718 219 567 688 395 522 1031 665 1023 830 1037 806 287 36 467 1214 1282 954 524 1098 490 1103 407 1304 464 1230 574 944 394 323 1406 1257 201 688 484 776 1406 1157 91 224 1241 28 1103 1137 213 1221 949 783 1063 852 1398 83 77 688 674 171 502 298 1027 884 21 524 1290 753 887 119 441 36 718 526 955 178 897 119 363 1239 387 57 616 96 588 166 704 1318 1129 776 982 1326 1309 673 1078 1157 173 728 1018 262 336 1030 872 1249 518 1158 387 687 139 822 287 482 881 1387 1192 235 220 737 740 118 145 460 94 96 411 207 1318 411 1157 173 93 622 466 1151 941 683 229 1237 1159 36 527 1007 1399 1393 776 1120 1238 462 723 1299 1408 789 555 1197 467 776 258 173 1085 654 154 384 1393 827 298 726 1409 849 255 1121 73 219 512 458 1243 1403 994 458 265 735 1151 119 946 178 437 836 839 912 280 1037 939 1255 1060 137 741 325 36 292 43 104 1151 740 703 1196 178 346 152 1005 644 480 1248 728 296 728 1156 577 625 262 944 1020 1103 302 904 524 826 379 89 754 349 344 688 460 708 944 799 295 764 871 430 546 1037 901 204 886 1318 894 46 414 1170 605 1103 1262 783 776 1309 585 382 29 778 1151 923 478 248 1393 990 1173 160 1201 1045 1335 1337 1289 298 831 913 298 63 617 239 615 518 1166 615 1250 235 992 11 445 1157 164 735 1033 840 934 616 745 653 1006 828 1055 357 1015 714 492 1152 776 376 906 580 1217 1142 1348 458 687 998 205 458 411 1133 43 1260 118 1378 1103 1309 1114 715 1031 438 1318 821 1331 1217 1365 456 160 934 814 31 1324 944 1222 77 181 1142 820 635 1063 1015 1083 452 1066 688 964 381 944 1005 1395 219 1341 543 459 62 410 688 1171 43 590 36 1345 100 1368 776 211 524 612 746 1230 512 460 1382 357 77 390 1327 555 718 619 30 16 565 651 476 1216 1318 1085 1179 383 455 1241 272 43 775 1309 944 500 272 357 1309 711 1015 1318 1259 1250 1318 956 4 944 1118 1411 410 726 1365 1087 1429 564 574 718 238 1157 866 1271 312 1227 859 794 387 383 350 77 433 1249 1330 432 1202 1323 927 1099 429 408 1063 458 201 1243 390 1272 688 1243 894 106 1318 944 1318 662 688 374 1288 1099 280 784 980 656 606 131 1182 472 1163 261 776 1063 703 312 840 1045 776 45 1249 789 438 383 1034 192 611 1024 1009 1249 1312 759 1075 458 298 1276 971 1358 629 1136 73 74 1157 458 170 1008 1124 235 1181 412 203 245 173 1188 166 1195 1049 446 14 986 383 806 1077 1261 30 1140 603 182 104 1428 610 236 235 864 708 334 676 301 972 422 1229 458 478 242 1309 951 971 1102 1103 809 724 287 1357 1224 76 524 1273 1037 1135 992 1315 1388 1295 1318 1366 43 776 688 833 1211 728 1030 289 281 886 77 36 551 830 235 944 752 39 726 1318 549 991 994 544 1324 189 944 1157 352 466 688 556 1096 36 298 1430 1015 740 776 851 1241 1316 1137 573 938 135 240 674 163 43 1160 1222 36 172 356 1370 1232 27 173 944 182 609 762 458 148 419 369 1249 298 165 332 894 864 1151 718 1058 420 1087 1183 1109 33 48 741 1048 1119 241 441 1157 387 187 1165 869 248 459 776 413 378 755 1303 523 1345 490 150 1103 1171 205 4 757 1339 1181 235 1003 1223 587 1429 970 1121 1170 1423 810 1257 1338 777 1015 813 131 1184 762 776 1295 734 77 458 137 629 1357 460 930 790 1274 932 80 78 1151 755 792 777 854 408 1113 1103 1411 1397 1409 1255 1243 1315 219 522 7 37 1128 837 740 864 716 475 794 53 1257 157 115 718 1271 1368 368 1103 204 967 1233 1426 434 1240 298 670 1421 1242 1116 1015 529 388 229 1358 1243 533 696 427 793 1294 1402 1145 186 726 1029 711 9 944 1037 1006 333 1411 178 1211 1027 182 1135 1250 805 335 812 619 242 765 397 1337 231 837 1318 966 844 1157 269 459 1163 178 677 521 1197 77 958 1250 657 175 719 421 932 1115 1108 944 428 1295 666 1070 59 411 154 60 805 1407 944 43 237 944 1017 201 348 569 617 10 874 1157 1275 76 1103 77 515 1258 579 444 36 161 265 1401 874 36 413 43 1048 477 112 659 390 1102 1282 1356 909 1037 373 235 77 727 645 83 1103 201 707 802 1248 1243 56 1242 539 485 669 1218 458 415 1423 541 659 1318 1340 431 578 724 1203 38 298 179 210 38 740 1157 1301 1201 457 77 238 870 667 77 1034 1157 137 74 892 1051 1243 1062 1386 1042 993 4 623 707 49 1249 1048 44 1094 401 51 244 293 1299 902 534 1085 943 897 201 726 1015 740 458 776 1318 565 70 705 1315 460 543 298 549 762 1422 52 1241 1206 855 383 776 36 315 533 1342 1203 218 492 453 1429 1109 17 700 1318 1288 345 906 1157 1088 1318 836 1193 1151 620 1157 774 201 480 606 1038 896 1231 100 406 1290 1306 1157 1346 1110 1306 118 635 1151 804 459 366 298 713 841 823 1103 478 1257 1381 62 3 723 345 499 782 609 864 1044 1173 43 65 587 951 410 702 1199 1318 335 867 1318 27 830 1071 201 1293 624 85 766 503 77 612 768 944 10 129 904 77 1103 303 235 812 36 331 200 574 776 36 383 775 383 776 648 944 891 727 1309 1147 898 684 650 362 746 904 1337 482 36 292 165 1015 431 774 1352 1063 593 776 864 524 634 695 178 184 77 944 1292 1318 36 666 77 912 318 173 765 267 187 389 521 408 531 1318 511 204 641 908 1315 1085 235 1385 204 1335 1241 125 658 270 77 1230 1007 1369 1265 379 722 503 460 355 57 178 242 588 422 528 10 1274 1315 866 1017 617 1003 1003 1085 121 36 773 1343 458 212 1218 334 1247 687 794 79 499 919 436 459 1238 944 1054 1206 34 273 845 221 1358 1151 776 356 673 1422 1306 1213 619 429 1249 1023 1063 456 1365 1158 918 1249 807 766 810 1249 1037 865 48 1042 909 1103 77 697 21 772 178 812 1249 738 478 791 8 1180 670 173 395 458 621 1090 748 1003 675 321 33 365 871 379 347 904 201 178 209 1275 403 178 722 599 371 1015 377 324 774 374 508 1311 1131 1003 944 105 1216 76 881 1155 1257 1007 714 235 1421 247 1318 1347 328 129 457 1359 1238 475 1103 718 1407 668 83 946 21 238 103 1318 561 728 1117 504 77 664 1111 654 776 1181 1294 1197 1146 396 669 57 1103 1168 457 1045 1165 1396 470 944 87 1209 1323 728 1199 173 1326 1083 944 151 436 403 363 947 25 614 363 1243 760 574 97 1246 595 944 202 169 789 530 1366 127 944 43 372 487 1229 1037 762 481 1294 535 1196 1103 59 1070 160 527 119 1037 132 1347 211 1015 1037 733 1157 90 1122 1103 1322 219 553 1078 683 446 400 912 374 762 1381 1093 955 43 730 88 135 383 1267 304 178 912 745 717 1429 1162 1241 1370 176 1032 465 383 458 307 658 178 934 178 635
408 263 1288 139 1238 1051 616 7 1114 566 1405 1128 517 967 764 50 66 906 112 423 1246 865 889 440 1238 966 869 1011 973 963 59 514 832 1253 641 991 718 1077 587 734 1114 97 492 963 399 1261 1285 1269 232 1017 139 1157 371 1206 571 706 938 163 593 662 1403 1176 66 1428 378 959 1231 598 1404 770 300 635 119 336 482 871 365 763 1051 1179 84 652 54 466 1331 173 410 139 149 408 1269 936 668 1128 971 1011 1238 1429 724 1330 822 1077 96 1303 351 201 292 476 108 816 519 1205 119 1006 9 949 1155 496 428 930 59 304 1310 816 1315 759 517 854 1224 97 1413 1403 971 119 501 365 1269 668 586 14 637 956 304 1307 139 1080 76 1198 1024 770 532 1149 97 59 304 778 97 954 948 1149 816 1361 1011 1114 995 885 492 1048 597 1039 1234 930 75 938 617 880 410 465 786 464 604 350 724 311 1399 1051 1375 938 546 410 316 492 330 1016 116 899 647 1164 970 673 668 1064 1044 1196 1114 492 1093 681 822 164 1011 207 1183 1258 235 498 1178 141 616 1051 671 76 1316 996 598 1122 1405 328 764 822 1147 410 1012 183 598 813 1146 1378 431 1182 428 127 784 938 66 204 42 203 1269 1403 58 999 764 1019 938 523 1011 66 187 183 97 1058 790 1311 630 1411 1117 649 870 119 491 1152 510 1207 1130 154 119 448 139 1387 1079 59 1160 119 1122 411 1383 885 865 56 1354 1196 918 59 584 865 183 410 97 805 410 1419 1142 1155 205 219 1325 483 953 97 130 1208 865 59 816 571 117 1155 97 1186 102 267 397 1259 1043 979 661 186 408 881 615 1182 779 809 27 1155 139 396 119 492 664 423 931 1374 326 730 1418 492 887 969 410 668 816 523 119 430 575 553 97 418 1227 955 1227 1130 1225 938 1011 66 297 302 76 589 846 553 66 60 932 362 1186 898 938 929 738 191 284 60 33 492 816 1022 1140 410 1374 298 1398 415 120 304 872 1269 251 1097 885 595 1245 486 1357 414 1240 659 423 738 949 385 706 865 719 211 48 150 948 1019 904 59 790 492 410 936 552 938 1018 335 885 338 1016 148 150 668 154 494 1090 737 938 598 492 1092 651 492 59 1039 157 155 358 49 59 490 753 303 489 1223 492 377 283 489 564 1190 1147 503 28 731 1422 95 592 492 410 119 713 187 557 543 1100 1358 993 888 1095 1308 938 119 1143 952 236 607 900 408 59 517 757 1405 885 816 811 414 60 868 410 616 1323 824 889 1238 883 15 1072 135 1076 324 800 153 539 561 286 1095 599 936 594 410 868 385 427 385 408 1383 758 1051 1289 1343 1167 872 577 829 294 529 839 430 97 1416 1103 938 816 1004 598 146 294 420 60 1114 123 620 430 76 865 166 223 410 1246 1343 1307 78 579 592 1155 494 930 39 668 902 574 122 1004 870 11 492 97 60 492 1125 1269 168 27 1237 119 551 892 1095 119 1403 1347 1415 528 38 150 1192 731 1279 720 738 1403 629 492 865 938 938 968 658 1118 853 832 492 1411 143 816 843 938 1415 816 572 1352 841 616 355 410 938 119 1336 1217 1258 770 1177 592 1042 691 96 419 94 525 410 452 1181 708 876 926 382 297 507 304 938 492 780 343 59 1094 452 1208 1051 410 930 57 535 1087 1122 36 492 428 758 1051 1053 447 233 318 76 1152 598 940 156 1309 493 326 397 714 962 989 287 1011 120 1114 1332 1155 1259 489 541 785 1189 846 434 92 529 304 143 1164 598 598 411 1346 893 97 914 1058 1341 166 1067 692 1338 125 1028 304 652 1103 367 463 600 1385 22 1011 1403 423 60 136 854 519 626 612 483 356 1406 757 1384 575 835 110 972 965 162 1010 1287 1224 728 930 484 744 1222 66 827 513 865 1055 364 217 173 41 666 1155 837 790 210 49 53 120 938 962 410 930 1019 865 159 1061 1236 454 668 1114 421 865 896 52 424 360 1378 1343 402 271 193 540 1336 1128 598 1031 1086 1097 822 492 1429 121 289 1250 97 938 410 1051 1274 1398 438 1112 1257 915 1403 865 97 59 705 666 466 822 146 223 701 1043 148 412 1340 899 877 1118 1253 257 251 938 97 401 1190 770 938 518 1377 1399 371 598 938 409 1238 938 1060 938 1050 571 759 378 938 59 598 988 668 207 885 119 858 816 540 436 1021 459 1315 1076 865 1362 506 1261 379 410 1245 884 1395 452 964 706 1244 304 66 209 422 1003 458 938 304 1155 1108 76 767 1022 765 230 1084 636 398 1075 333 820 305 1128 410 961 865 125 523 1180 410 330 1033 97 1296 667 607 223 199 1182 592 178 214 1403 813 59 1282 81 134 930 1155 569 1155 413 1066 131 39 992 1391 904 492 401 1113 1176 640 831 790 1137 97 531 963 1354 36 187 1228 816 284 1398 492 119 932 540 97 507 1011 1428 410 410 938 433 464 770 1288 1337 174 454 1225 696 1201 668 852 489 1258 681 855 540 616 992 1419 1149 492 427 346 1326 119 840 97 404 679 1403 598 938 186 865 541 59 1051 790 829 235 60 59 1373 97 315 87 1087 816 679 820 1190 410 222 1053 1124 566 306 242 598 783 1367 348 826 541 97 1161 949 1209 139 187 1202 1132 475 115 119 938 159 86 16 119 1193 627 423 938 270 1419 368 1051 1359 352 347 410 938 66 964 86 961 783 1175 1034 1331 938 103 97 1125 1181 328 1294 1313 619 319 885 938 1242 770 660 873 936 1268 598 434 764 594 730 1051 874 1114 73 479 938 492 434 414 387 430 486 1022 562 719 822 849 668 949 97 48 559 578 206 1075 661 118 938 703 1141 669 1150 899 195 816 648 325 887 316 507 492 571 97 1255 1008 770 790 999 1182 405 97 87 1114 536 870 1091 73 1011 865 1051 822 247 589 816 696 1403 402 507 930 875 747 471 1273 257 1114 930 1408 1051 496 1051 1058 74 1145 489 938 816 732 261 757 705 153 938 1161 1105 1011 1276 1266 442 403 1122 136 442 358 938 816 410 245 959 441 119 1019 1111 306 838 6 1364 1239 293 78 254 938 499 9 680 304 1405 813 1143 408 1341 822 139 501 229 488 139 614 885 663 336 931 498 421 1192 848 631 714 816 767 665 1203 116 1363 790 938 822 72 1092 846 822 1162 1391 424 120 1355 485 33 492 411 598 436 17 938 701 757 1403 724 1272 475 1026 795 304 1014 283 28 1053 1074 742 1348 496 394 714 887 489 801 1367 894 867 408 825 1021 119 334 1192 1403 1155 505 226 691 358 938 1070 117 1092 60 202 1261 1176 932 59 1270 1414 76 133 790 938 1171 1010 1397 267 1223 985 369 1403 938 697 1051 1051 617 545 1230 519 675 201 410 1051 837 663 335 938 452 350 1021 968 1125 540 938 87 937 1180 614 545 1173 387 392 448 492 55 270 485 139 119 1086 654 109 499 938 1051 1361 581 1403 1274 651 1397 471 149 1209 571 1036 146 816 281 1207 410 1378 540 659 396 357 1066 489 618 865 492 822 430 622 304 430 1137 770 169 305 790 184 850 354 76 1095 822 847 822 509
880 85 705 1126 1041 801 1297 1252 1324 979 1411 1109 126 652 684 164 1195 421 1045 276 596 157 287 1353 763 1268 225 1173 1195 666 390 192 539 730 652 489 1185 1320 213 254 417 1235 275 134 291 396 708 637 141 815 1420 601 1128 216 1069 761 335 1129 302 602 508 1231 1420 361 464 1104 1231 1040 1320 1368 569 560 359 498 1005 889 562 1033 1374 1403 1283 679 1195 746 1173 1209 1228 470 1 552 578 1346 791 1415 348 1173 234 666 1348 126 713 1122 1275 1398 276 1264 1108 779 208 459 176 1291 359 1274 466 1423 843 1045 769 1401 768 390 1348 44 241 825 742 1374 1279 1002 131 390 1005 359 1405 175 1031 950 1124 382 857 497 1396 831 1111 786 1173 378 275 945 322 1216 1251 82 44 854 1414 683 203 492 553 1314 1173 1362 1364 213 1284 984 1186 430 411 899 126 6 1027 1096 1320 34 1268 1332 124 666 44 637 465 262 1347 1195 316 690 317 707 1320 303 400 322 218 540 262 1411 44 94 1016 423 608 519 185 280 1243 867 1173 492 1374 275 1217 941 1108 540 628 1162 800 1195 1274 126 542 1260 831 1109 569 189 611 1420 1145 260 523 463 1348 1069 1348 989 321 1121 1133 611 124 246 765 569 343 390 952 393 1244 398 1041 115 1173 368 683 241 617 54 1109 1178 216 164 338 50 1272 359 1045 261 390 196 32 95 359 404 492 963 666 956 1348 359 34 870 936 818 157 965 262 1017 1152 489 421 157 694 434 856 983 1 378 241 594 743 322 342 1084 1009 1376 1113 1322 157 542 17 1069 1174 409 476 887 596 1045 1348 335 1348 268 9 602 1088 971 310 492 820 957 926 216 991 250 359 637 143 513 1220 241 126 387 617 1064 615 1400 1094 1004 553 44 359 1165 344 799 607 437 241 1320 815 1082 661 505 1173 246 650 1310 1104 651 644 715 1141 1168 144 960 331 508 683 1054 519 134 870 1218 750 134 299 1292 1167 126 494 1116 1168 522 549 219 1179 1376 709 314 637 134 1006 7 413 882 648 492 947 213 1314 683 495 157 629 664 492 61 1045 1268 474 577 492 1045 126 883 210 1149 134 282 134 148 923 9 11 124 1429 9 1045 534 1388 178 637 848 361 835 498 746 556 1196 1275 464 129 489 807 1045 134 1304 1419 834 1225 134 103 701 649 943 208 122 273 515 1285 637 130 359 545 509 208 680 1376 1092 1339 622 148 1006 670 359 440 719 216 1145 1348 569 969 117 1376 35 1275 359 1125 260 867 562 492 811 550 124 1268 965 158 557 960 1426 1204 161 596 1231 65 113 292 148 44 545 866 235 1397 1289 1309 79 552 1403 219 9 256 126 1320 651 938 68 1348 682 1039 694 1320 1382 322 1384 67 955 1334 1236 44 75 490 1018 134 1210 339 324 157 322 1268 1219 825 241 191 817 361 1209 409 395 562 936 1013 800 322 111 1140 464 237 124 529 1333 200 72 936 867 683 5 359 116 416 148 1358 600 126 1013 484 370 627 1100 1406 981 938 286 390 94 1085 157 275 1141 446 124 361 1263 1278 202 466 735 1001 453 1041 133 1012 652 44 322 322 796 924 686 359 831 543 1262 396 1095 1403 1045 47 1013 498 1188 686 126 1254 1049 936 227 1381 821 230 505 14 683 546 1199 1420 735 1276 1397 1164 262 1313 14 1347 1420 220 1206 30 490 1247 390 262 1348 124 833 1376 523 1385 567 1002 114 1045 666 1353 1060 136 1390 464 902 1173 549 759 126 877 1424 134 167 198 1116 426 13 603 253 157 1257 550 772 149 1193 1426 947 847 117 1045 1218 812 9 1043 1268 1268 1045 44 936 492 124 583 376 919 1120 1173 390 464 86 420 464 1409 1376 295 126 144 1216 199 661 994 494 781 1008 611 766 1033 899 610 780 1379 1231 1219 831 124 373 831 611 630 1286 1348 1211 1231 536 1272 808 666 1087 1259 972 549 683 1134 951 1004 611 157 938 1382 1160 124 1208 1280 727 157 46 44 165 361 1352 681 174 1219 226 606 57 419 1148 63 401 1393 1243 124 926 1184 1348 354 729 674 1320 846 1110 1168 168 1197 1376 624 1173 157 914 815 772 507 824 1243 724 320 481 1093 1025 88 1065 504 124 1265 890 241 917 683 1338 1355 299 376 534 291 736 970 508 675 1248 126 17 805 1145 1105 1145 1069 301 895 87 703 319 80 361 1066 723 359 815 359 683 562 1054 954 938 597 157 126 318 339 861 126 85 154 1045 632 600 1159 423 480 124 777 852 621 587 783 1311 840 543 1142 726 1292 611 1267 314 326 1268 941 1252 61 542 288 126 147 157 332 1275 1197 1081 929 1268 246 831 1161 1267 89 1221 652 1420 241 769 652 189 181 1403 382 464 499 666 868 409 38 666 85 335 843 1397 966 581 1169 1053 582 666 962 1285 1215 16 1376 1345 399 78 1111 678 359 403 1247 256 607 508 289 873 785 1173 88 1032 126 603 569 537 320 874 179 1374 1029 709 208 241 361 849 1231 262 831 401 625 332 335 237 1267 936 1356 990 481 359 774 920 739 1035 390 1202 683 1228 157 1420 1057 314 561 857 597 1115 154 214 1134 101 1215 1114 1252 807 57 795 305 555 931 294 402 681 1100 457 821 769 124 1348 1092 1013 338 1022 809 280 126 325 241 1392 431 1347 1405 654 85 124 359 93 115 126 687 1265 603 764 262 497 413 80 126 683 759 1307 23 1268 1292 1171 134 834 683 1293 37 114 464 384 800 1202 267 237 959 1041 1023 917 262 74 1118 125 1163 640 646 569 1035 178 61 355 611 9 683 916 1006 702 280 44 1348 1015 690 492 170 1098 1286 662 1226 1231 283 772 652 545 580 390 509 936 586 652 157 899 322 359 135 674 172 1010 835 637 988 1264 193 1376 1309 1356 1359 361 652 755 942 479 965 150 1348 275 1173 157 262 1243 385 422 132 1334 470 507 238 912 1181 1254 999 1112 1017 1332 683 1238 262 488 765 327 322 1417 134 534 919 308 611 896 859 61 1041 1376 406 1173 1204 973 1045 421 692 683 1420 887 223 553 191 322 611 316 359 187 322 519 40 1137 995 1092 44 80 262 683 678 1376 322 1336 666 1212 611 552 241 1243 1401 1055 1263 915 1045 225 217 119 101 220 694 288 406 1045 1181 136 559 157 665 1181 242 435 1145 683 1243 901 760 900 793 672 336 1070 9 938 1285 1290 484 1263 637 1268 746 1041 936 1029 390 520 613 855 37 1320 44 700 1281 1213 288 875 128 974 1017 1029 136 570 134 260 895 508 443 552 384 336 242 742 1100 390 409 991 1329 612 914 1212 85 195 1268 1382 943 1285 904 1420 304 666 378 870 623 474 683 862 1389 753 1348 1403 963 1064 1027 611 273 262 926 1021 1123 1066 250 1355 1199 249 262 874 83 1090 1201 1099 44 175 1097 255 1394 1296 126 176 706 435 218 302 1428 1256 880 473 942 124 407 666 359 1005 133 289 1275 683 9 98 61 390 743 649 1195 1273 101 1388 1069 921 754 553 1374 1022 1217 882 498 450 500 1197 605 134 978 157 105 1243 1374 1237 737 44 456 1342 214 1295 1350 1320 1243 1141 45 36 971 44 1243 401
856 360 347 78 311 156 1366 792 550 678 555 161 24 1251 431 1028 164 189 889 15 696 1305 768 10 1394 547 729 717 1255 1134 991 287 501 1052 631 87 682 267 960 838 252 287 354 1040 766 155 721 1413 689 951 662 219 682 1321 735 1047 607 578 1141 897 991 983 611 1368 773 595 1183 41 267 227 317 966 86 354 1199 639 230 51 913 354 538 1209 1343 1042 444 1041 1359 1060 287 573 1185 536 1031 241 629 1357 773 1386 653 267 493 1045 1426 241 435 576 58 274 1388 884 254 1320 1194 802 1299 766 312 729 265 632 991 537 941 7 616 1318 680 566 914 287 670 1250 494 86 353 1422 1031 415 634 44 24 262 569 581 951 1180 1345 1021 354 1209 670 553 287 991 164 823 287 498 1284 267 422 444 535 585 386 1164 1384 87 743 531 977 38 566 773 133 645 1208 951 766 1291 766 275 537 426 9 71 1048 773 1345 37 968 1384 716 220 212 1383 446 1416 834 1342 1055 722 989 472 287 1384 1123 647 493 564 691 267 1312 1016 25 217 1324 404 204 354 205 924 1404 136 452 384 196 108 79 493 559 23 278 323 1398 609 941 24 941 980 798 1055 512 773 646 315 1023 729 78 375 468 626 360 725 773 862 121 757 1362 423 287 131 910 1393 593 493 844 1295 627 1194 224 1124 1209 1062 1330 538 263 1028 404 1343 197 991 520 86 1221 253 679 991 1305 1090 434 603 1152 991 252 1305 789 471 287 287 37 559 457 92 6 924 267 1089 527 287 110 766 1305 991 1092 1001 1056 74 287 495 998 889 532 330 880 593 1191 283 307 437 1416 37 251 1288 1314 944 1248 199 86 1384 1148 1101 439 401 237 374 731 1384 164 1343 596 430 775 104 86 473 1032 47 287 624 812 37 374 1023 435 773 1388 1130 252 1112 1079 173 321 253 505 559 808 354 435 1024 773 1266 538 1384 501 978 1319 1384 7 1049 156 267 90 1022 943 1152 1405 308 1250 1409 1206 761 194 820 1250 877 591 547 1045 37 511 21 36 466 1144 1305 274 602 267 219 1211 40 993 991 227 912 37 1156 729 773 770 110 127 729 1209 651 1378 889 374 1004 1218 665 773 265 1384 1089 404 437 991 901 1229 1343 789 164 991 404 428 1134 1430 287 1384 1178 368 727 1269 725 888 761 208 1317 939 913 1026 1384 487 86 129 773 1116 988 10 586 2 402 317 109 773 1194 374 164 456 690 840 1152 991 287 10 193 401 7 762 1420 559 485 287 904 1209 404 752 540 212 413 1133 104 659 656 538 1183 724 67 347 1409 733 558 1399 1004 873 216 474 1040 1027 116 518 264 1289 37 267 117 809 1008 691 223 818 164 267 186 888 773 30 888 934 1235 633 1387 361 97 1416 963 434 406 1305 955 757 164 941 1032 1367 1356 830 1425 1115 903 649 1054 1345 729 981 1079 43 435 884 1353 1213 1421 1247 1004 404 1401 1402 131 86 1092 468 224 1194 172 322 56 832 288 217 941 1029 1046 574 982 98 386 1384 1305 164 1385 912 404 497 1029 81 1384 920 284 1189 360 164 1389 183 112 164 665 625 752 37 773 86 1418 1297 1350 227 1231 1343 149 287 193 915 833 841 37 209 608 164 784 966 1405 546 1149 1095 668 1384 852 432 1399 1223 1296 98 888 574 1410 538 70 941 230 1331 1384 458 1067 338 1026 404 922 895 69 1209 1292 1043 801 600 955 1156 1048 928 1319 164 1004 958 612 1310 691 447 602 1104 881 1004 530 395 649 1067 1345 1305 440 655 660 1173 649 223 748 267 1069 1288 358 517 906 538 848 618 37 164 400 267 404 191 491 783 554 668 222 354 559 874 164 195 645 824 28 734 390 521 1003 1086 1129 829 421 821 1269 778 381 1157 766 1344 480 559 720 1253 399 1024 1305 82 1250 1271 419 1183 1083 845 1177 1381 852 1342 1145 1210 773 788 37 93 1075 1305 1077 584 686 766 154 692 1178 1305 1078 14 482 1250 429 149 456 404 151 968 851 1156 518 1292 596 537 493 1384 473 892 1335 204 537 541 267 415 246 401 900 244 6 150 991 1305 1349 991 359 1390 1184 493 914 104 182 1209 265 1349 1404 1147 354 850 455 290 1289 773 1342 540 1292 518 773 1324 1408 837 363 1127 773 221 404 773 650 773 737 958 744 835 1160 991 63 1348 1404 843 94 86 181 7 832 700 960 493 274 1343 1305 19 723 748 951 37 360 1022 594 81 538 282 81 218 547 778 1107 130 1259 1386 1046 117 395 184 1305 1424 62 856 644 631 755 42 287 1349 1195 303 267 1136 1305 1430 507 429 1274 549 209 252 1337 1025 426 128 464 547 1382 1224 406 547 917 991 550 44 601 922 1326 547 1299 909 554 360 255 1044 875 966 1384 987 858 659 1386 776 75 933 287 10 43 53 1305 622 404 54 287 723 43 1194 1220 573 766 83 329 464 648 787 649 398 290 227 265 392 451 1348 354 98 661 404 163 556 48 113 1282 968 684 912 439 555 404 164 61 1292 1194 354 287 401 821 33 1245 773 809 1305 368 991 1223 404 111 951 1052 991 1257 1203 1277 467 194 184 234 1319 227 37 1114 94 64 938 1220 1076 961 945 55 416 1023 1355 287 1203 924 966 164 107 1309 729 109 287 439 773 1267 360 227 1194 150 78 37 1234 556 1417 743 1311 952 1209 865 538 773 789 481 729 729 164 1291 1384 985 773 272 287 527 1265 386 147 888 756 1343 846 164 1146 498 729 23 1102 584 785 232 675 729 1003 287 386 557 780 147 773 986 1100 864 110 362 941 1004 1425 267 493 117 1339 901 766 1183 460 1232 547 110 252 537 287 433 848 568 1292 1356 504 447 466 724 81 1157 117 274 815 287 1204 10 227 170 557 404 547 287 551 1083 662 1025 1343 253 461 1305 164 493 917 55 7 766 500 875 1063 84 111 736 28 215 796 254 1026 1004 1223 436 411 449 1412 940 1386 847 1391 894 921 521 1319 603 773 1245 362 527 173 829 110 592 696 1250 266 53 386 7 148 422 214 1001 86 852 496 173 1126 6 1202 1015 615 1036 888 976 869 10 633 51 260 360 903 211 637 493 1384 321 538 404 410 631 1408 607 467 287 404 20 19 929 337 49 252 781 131 980 1077 287 729 773 493 1157 405 1269 493 103 1273 990 1085 503 933 439 1384 1429 1384 681 1026 773 102 1121 430 676 657 342 820 267 490 329 1232 1387 1366 749 1157 1157 856 433 48 164 418 641 335 435 513 1015 1184 770 1194 708 941 96 1344 666 1040 1004 330 773 360 1265 1047 559 1110 856 401 942 991 877 1028 737 1355 354 190 1148 1201 521 268 797 151 305 87 773 327 1223 164 729 303 675 863 1058 746 69 422 186 649 1201 773 1346 537 1420 1083 340 968 773 37 455 647 1033 354 128 1430 1321 327 404 855 177 968 1166 86 521 1053 129 1157 773 1223 1420 706 991 1343 927 1261 836 1193 649 829 464 513 7 1312 575 1250 267 968 652 675 1192 1205 107 1374 1305 1384 493 1312 840 1197 475 1311 227 450 121 102 267 527 106 1127 799 493 164 493 766
831 904 809 525 160 142 1350 1114 577 1350 1381 556 250 752 273 362 1141 1292 406 819 673 1320 649 411 832 1185 1241 503 9 1409 1429 1147 977 750 761 317 642 1403 159 842 1153 1147 1392 654 704 1179 610 867 929 178 556 466 913 104 941 259 568 1309 738 1322 507 87 456 1105 1226 502 292 792 1403 510 383 456 545 372 853 91 376 74 950 1039 1403 72 1233 264 295 1169 1032 1068 970 319 974 1121 1226 1314 997 866 146 1409 978 530 785 735 645 1242 1019 492 1164 737 1352 468 487 478 545 1197 339 875 434 875 407 387 703 1229 82 468 1338 1228 846 1301 947 464 137 1073 739 545 1105 1147 1072 681 1371 408 1138 430 1272 37 324 164 765 690 1238 72 1230 1396 1147 1323 163 66 1147 615 180 1403 468 372 503 577 56 738 338 425 1327 110 1409 1194 593 402 305 225 250 178 1350 1338 428 1428 1229 1318 913 1425 644 913 1105 1032 1338 338 322 1309 318 1230 10 1294 1359 736 1019 1204 30 655 62 1357 427 577 1022 93 1355 1403 93 229 93 823 266 738 262 376 738 913 1366 890 456 1357 37 1027 236 1073 199 207 579 1121 693 605 113 521 82 532 311 984 1030 1226 1019 456 1134 1262 844 296 1142 1185 141 796 1215 597 503 734 615 1338 235 173 897 743 857 215 1105 944 1352 545 1392 1409 72 164 1147 1107 545 502 1012 1007 163 433 1379 545 1357 968 1299 1155 1320 1307 107 117 1338 811 562 913 295 1032 1147 598 1032 990 1360 1425 476 1230 385 18 503 1147 242 692 1320 901 468 85 513 141 1147 345 518 177 913 512 1274 350 1374 76 53 1335 1195 1403 535 1105 913 216 161 467 545 428 163 814 1088 688 142 1133 334 338 1054 1385 1301 1058 468 1229 545 535 913 352 1147 1296 1338 1403 1133 789 297 856 83 848 551 61 379 448 405 518 1082 913 298 1346 951 994 615 104 39 31 230 761 589 1429 468 1318 123 1032 560 354 1317 684 1390 827 428 35 260 45 1396 1224 428 1141 1415 273 1096 1403 523 1409 17 615 110 1320 35 264 1403 471 49 1338 996 1021 510 973 1032 211 864 1319 32 644 340 715 955 1234 1313 507 343 144 551 827 1006 603 338 471 374 338 1115 1240 812 646 321 163 1136 209 810 256 476 1124 338 110 1270 778 75 1297 947 973 101 1226 1226 432 913 204 339 545 1396 913 1121 368 1003 127 1121 470 1251 712 197 545 1133 207 425 586 1231 1141 171 892 1030 582 1396 468 646 16 1210 1179 556 1389 72 507 288 507 671 947 603 111 777 1247 411 405 98 26 947 195 1229 285 1396 1032 1094 731 804 884 1261 1019 1019 1424 1073 1032 1403 15 1350 980 233 1247 1409 456 1147 864 1230 1006 468 1217 297 1229 1229 1250 178 172 682 1188 1160 807 1320 1230 1306 456 713 320 689 82 1027 689 434 1347 1004 451 1145 628 1230 1273 618 1229 519 907 1147 448 376 981 1180 1114 615 556 545 756 164 1399 577 2 819 1226 456 1016 1095 872 23 426 154 1409 1396 39 338 1094 1147 1226 1285 364 823 1197 696 338 231 120 468 1075 1006 430 468 926 1350 1230 1272 629 1032 1004 1227 37 1022 466 510 28 164 214 914 1417 483 1350 1168 1403 206 1105 1009 1268 1388 164 972 217 456 615 338 1333 913 639 1251 761 687 947 1032 1341 1209 913 621 1357 1409 1105 1087 428 128 301 1253 1063 1089 913 72 1118 163 719 188 690 1094 691 831 553 80 1137 1302 531 270 572 799 1167 1026 795 871 231 6 800 644 576 1320 913 1413 101 401 856 556 651 1147 1385 644 163 583 1029 841 1350 679 556 1229 15 521 363 588 295 864 124 1059 1396 735 598 1120 613 281 159 803 1062 525 1013 1073 1065 95 556 132 500 146 1039 1164 889 487 195 477 800 228 37 1323 1385 1113 1320 1354 428 898 738 273 507 453 1147 556 591 1336 811 542 1202 1014 1032 590 146 1320 704 29 390 1125 891 997 1121 1320 164 1229 100 519 461 1311 347 738 1053 1338 93 556 163 456 833 1029 188 338 164 441 812 433 803 129 1403 1356 727 428 933 902 233 748 738 1320 1246 1094 1230 1373 548 807 1344 497 480 72 521 1011 681 104 91 438 244 1338 1135 1006 1147 910 982 1225 1006 1177 446 661 1417 491 1238 1161 1409 1105 881 1350 1019 132 1065 879 936 1094 491 817 1253 1094 738 545 1348 468 615 1226 1373 1027 351 507 1320 235 563 43 643 1032 1238 913 1001 696 964 290 380 804 181 868 491 1147 1015 856 779 371 36 1121 901 1402 146 138 684 1330 286 1190 309 640 87 541 1032 1269 1320 84 428 492 1032 1281 930 228 37 732 811 912 426 209 1226 1350 152 164 164 1205 72 736 1108 907 736 811 1142 777 435 990 14 1241 1094 947 338 467 493 429 1224 211 556 482 1147 99 1226 1226 696 59 692 468 727 521 709 981 274 110 1147 66 275 197 1032 1262 556 1105 273 510 145 1380 467 1197 913 870 24 507 1357 1065 1383 1265 593 1338 1236 860 1396 274 542 459 458 1074 98 1095 1147 1357 280 1396 1249 1067 123 913 1189 1094 1421 700 1125 1068 449 195 590 1408 1156 1365 632 468 207 482 856 1032 488 107 806 1382 108 318 491 850 705 507 225 783 60 377 704 105 1094 76 309 1179 545 1159 736 1384 1289 290 780 545 1232 67 726 178 477 1222 801 857 1119 72 1205 889 321 926 552 817 182 1141 150 1046 702 769 1105 1147 503 791 802 137 375 1376 180 1396 1006 334 163 1397 766 175 1358 491 942 1255 1141 1136 1211 301 1120 979 749 1006 913 1268 233 239 1229 713 808 1105 1403 111 679 690 1051 875 246 615 1242 164 164 1350 1350 839 590 1024 1342 1320 207 1230 468 1082 87 752 901 1009 1370 741 834 669 477 510 29 713 983 413 1147 366 969 833 700 648 556 172 1320 818 1073 99 1143 468 246 33 512 1340 242 1316 167 610 747 315 1232 615 1032 370 257 414 852 1230 186 1415 820 468 592 1411 1218 831 24 556 33 758 503 144 1304 826 852 1357 913 278 1082 913 468 556 1230 146 947 545 581 1230 617 1210 780 947 259 1229 135 947 1307 257 793 1230 685 1409 164 979 91 1338 1073 472 947 894 696 1426 474 1016 1406 1001 1147 1396 541 1299 1156 919 826 468 163 382 739 195 1349 1147 626 1073 668 939 1336 418 834 913 556 195 902 913 492 1070 472 1136 1389 1226 1006 205 1309 386 190 410 428 738 1403 1229 1104 503 507 52 310 787 1 397 592 1257 456 465 717 1141 783 1065 78 1363 579 422 1269 713 880 1133 282 115 1112 1089 1006 249 22 717 521 1155 282 1305 121 948 195 841 335 1127 570 277 492 1167 41 955 836 1277 138 1396 1226 1060 981 880 805 125 295 345 1391 736 1032 645 895 681 607 556 761 1229 1282 186 839 1338 944 919 897 738 1232 556 1421 1141 1227 1425 738 393 938 1338 913 468 83 20 1023 1067 1006 396 310 975 971 1235 861 163 913 981 161 521 500 481 468 1037 1258 178 801 1338 164 1147 1016 452 639 809 1320 424 16 114 445 456 1229 556 510 1080 1096 508 1403 503 73 913 1406 561 1229 1073 583

proba init 0.05 proba clean 0.45
956 300 669 712 874 162 883 1353 168 1085 590 340 1113 647 702 307 117 1199 1313 342 1272 610 239 114 874 996 402 547 969 1096 1167 630 1345 217 1027 953 1054 913 1300 110 246 377 988 1257 24 362 1139 1246 1283 960 116 256 117 185 203 1238 474 266 1405 710 891 120 258 1378 671 369 713 31 443 87 957 268 983 868 537 745 246 432 420 673 71 883 1139 680 1406 917 647 483 427 673 1365 656 730 1141 832 861 377 1096 709 929 490 446 832 1375 1301 630 1184 1294 111 736 1101 1396 713 151 671 270 1074 510 251 1337 798 1217 470 676 1163 850 1149 1146 438 1341 304 365 249 855 633 980 849 1224 1195 678 516 457 285 1011 38 29 103 717 1309 883 1323 713 797 399 285 1385 1291 1072 1103 913 428 588 547 1105 619 922 702 182 654 827 93 481 929 474 617 165 929 223 1005 1329 988 830 677 1261 1123 783 1290 474 586 913 911 988 165 645 496 1323 982 972 1189 464 901 928 663 1027 1013 988 8 13 1150 353 861 671 190 443 1248 45 621 199 883 1027 787 580 167 1116 166 336 427 832 455 477 104 1246 28 962 744 411 1413 736 470 67 71 391 125 474 258 782 1037 350 632 580 464 962 1296 901 474 368 547 258 974 1137 1138 809 139 445 1332 185 158 1309 1359 713 503 390 518 622 597 940 983 872 671 685 110 155 277 1364 336 1230 342 651 610 50 821 1246 1204 916 1247 610 1179 644 391 892 913 1180 1358 963 447 1323 985 398 547 797 248 988 610 399 3 141 649 292 867 1092 1051 42 1336 700 470 864 922 571 66 1150 623 913 565 915 580 567 671 393 983 42 400 130 356 1163 606 1088 537 988 1246 63 1042 849 387 1101 713 285 319 1134 1052 402 1163 455 1401 931 961 474 272 258 135 668 878 1306 913 1042 258 1412 1152 1246 490 75 474 902 876 1221 811 800 290 417 443 1246 128 929 561 395 1067 195 870 1044 731 501 141 272 1328 1360 42 117 460 1406 1121 913 814 689 164 346 1384 610 540 1269 913 713 622 1147 586 392 87 311 929 258 256 474 342 959 411 1289 910 922 1353 891 574 997 977 943 474 157 988 467 671 988 1341 435 335 1012 1246 685 399 469 671 992 546 790 988 1344 1386 988 300 25 438 498 1240 151 166 523 416 472 730 983 623 706 987 356 876 12 957 107 219 990 474 713 317 913 1017 177 687 117 529 631 367 745 18 443 1379 1208 1265 435 913 883 883 891 1036 891 18 438 192 569 1059 248 1415 53 671 5 438 765 615 801 999 418 1174 702 662 736 306 100 881 399 138 1192 159 971 1025 1246 973 1246 689 285 180 213 1323 474 443 476 555 1032 1162 57 447 784 98 1047 285 1408 610 1323 1261 913 882 1369 53 860 310 116 938 701 751 653 705 1074 1323 531 981 1137 301 258 377 751 988 1065 1371 718 7 170 983 1238 304 980 713 1231 430 1405 141 1144 608 470 597 872 194 1070 786 269 988 610 474 474 147 988 671 713 1353 622 949 629 457 547 474 399 443 821 872 1323 1323 851 913 474 922 621 860 283 87 402 117 347 1419 853 396 122 527 929 1405 988 1013 805 524 325 493 531 848 474 988 623 398 171 655 58 1292 438 423 808 1362 876 367 336 1096 988 648 839 1088 1096 372 310 357 861 883 1325 937 399 493 333 1246 1392 81 1235 765 797 1203 363 1340 61 201 487 988 669 1065 103 1006 682 1075 50 610 705 960 1151 246 621 705 940 1296 834 856 748 1099 922 548 1311 1317 438 736 176 913 1277 269 949 539 1312 861 311 290 235 29 368 892 351 825 929 738 1035 950 830 1246 861 64 441 997 549 393 240 24 437 631 246 1082 432 346 1389 891 610 470 1246 1278 231 78 891 1286 567 1096 843 685 780 1028 474 273 1140 963 164 610 1107 322 1171 839 663 874 1136 610 817 856 995 988 247 759 227 922 635 1175 441 344 168 34 689 1163 661 988 622 1003 477 912 1070 474 651 1224 1430 918 329 1270 454 42 713 610 122 399 227 1390 1413 347 1246 867 757 883 612 1116 979 1189 695 973 888 1163 61 474 797 9 1093 639 474 1063 523 806 1032 716 474 745 10 474 690 474 799 1348 1357 1344 474 399 1257 1411 1040 105 1405 983 971 676 430 338 553 1335 470 891 610 929 1264 989 406 929 547 74 622 913 971 617 1420 913 622 1121 1347 377 919 474 1372 670 165 508 1364 1246 800 23 731 69 388 932 1037 1060 334 368 1370 1311 610 1044 1246 630 923 1329 1046 716 913 399 904 1317 1172 778 671 671 1264 883 238 693 314 851 1246 34 464 35 1368 817 796 1357 1183 1156 1331 438 988 538 961 150 343 104 913 947 1203 294 726 497 1100 775 1316 922 292 118 874 713 270 1324 797 554 861 1324 563 929 474 988 1246 87 652 818 227 1074 1133 265 1197 891 1425 1411 717 256 1101 1299 1429 970 713 110 988 637 399 991 713 864 134 336 398 399 402 474 1144 610 864 1412 1245 246 1383 1419 1090 399 57 191 839 208 218 1415 471 12 429 929 753 977 1330 1378 325 532 337 1161 665 891 702 1167 1320 1246 12 832 1221 302 1120 772 75 108 1398 474 713 195 121 713 36 18 929 474 1148 73 456 1169 1192 883 208 929 474 258 499 1120 1168 117 658 448 1196 474 920 1313 547 632 406 1271 159 176 4 922 474 892 476 1385 988 551 1134 1377 426 202 117 511 51 458 1022 762 32 474 3 1150 913 819 227 923 1065 959 913 944 1101 928 913 441 713 1304 1123 1373 87 308 454 474 1375 997 1308 419 1106 1323 713 1391 1199 148 1344 1415 42 110 943 804 166 87 58 1306 861 35 913 282 1399 246 973 24 872 861 610 1290 1310 35 206 1160 194 1301 719 1034 986 222 123 938 308 269 484 438 312 1389 1097 1132 1370 1323 78 988 474 338 654 68 636 246 486 474 1317 607 547 246 885 988 621 336 839 909 641 474 443 913 1323 1240 438 983 913 1323 513 261 21 438 1310 1088 173 438 474 628 1143 1323 1009 1096 622 628 1124 335 1150 1338 438 712 754 671 1241 1039 809 642 315 443 607 651 842 577 712 343 437 535 1421 1324 151 962 474 1150 613 219 246 693 268 149 1234 922 1019 916 630 777 1246 988 435 1195 474 400 1258 951 352 1317 602 1169 164 706 1226 547 891 873 1246 1180 1101 1298 554 533 1236 90 373 117 272 486 429 51 730 713 422 470 56 267 368 669 513 625 474 888 227 742 40 404 622 575 208 1187 577 172 517 531 638 474 630 531 186 691 743 501 418 59 474 265 77 447 929 673 949 1382 70 464 110 316 1135 104 304 474 792 817 1148 1317 1158 955 474 929 522 568 456 580 282 117 921 1416 1309 1246 1235 1183 454 983 861 784 500 1150 474 922 759 555 399 950 509 1036 322 448 1218 837 247 502 443 1316 926 1317 1029 1153 1286 627 1158 902 1238 2 610 988 1369 550 269 1328 285 1199 87 676 223 405 891 547 764 1413 346 368 580 735 951
1240 60 965 1308 273 1303 719 154 820 872 780 1148 849 1298 149 185 372 466 209 201 1429 514 363 1369 1272 1007 483 556 1381 441 730 86 610 798 525 55 1083 801 815 146 1051 476 956 409 756 179 1206 1357 437 874 1360 200 864 286 476 196 707 256 859 1001 9 697 676 1400 984 851 355 73 193 443 849 164 955 610 610 513 1298 870 211 829 1108 175 1344 1416 1292 846 881 1351 537 1240 1371 1371 1202 365 1123 906 372 863 1007 1139 730 1078 635 35 437 769 483 1280 1360 1050 506 610 1023 493 499 885 580 873 1429 733 24 1422 476 90 657 751 518 858 814 1285 772 1128 197 111 1400 656 1369 581 993 1408 1360 1386 1188 1068 679 1297 556 1206 355 426 449 505 753 24 1422 654 292 556 1102 41 1305 80 901 820 241 699 711 238 615 678 961 640 937 1301 535 135 1324 805 224 1115 983 350 1422 224 711 779 323 470 1400 275 1193 711 719 1360 1168 449 1172 940 1219 1306 437 534 248 291 1429 711 1188 1149 730 638 1013 1400 309 1136 305 707 1109 770 1048 517 412 587 697 849 417 556 190 333 159 730 1179 604 1262 437 648 549 430 476 476 573 60 437 433 372 159 405 1004 476 1230 984 1371 707 1136 897 360 372 556 159 695 433 342 639 49 713 924 123 1400 1270 1207 90 1233 1321 242 245 476 1108 955 247 698 1013 443 1059 1183 346 1411 1370 500 24 1072 433 1087 1178 669 514 760 443 582 831 532 1429 1425 1331 612 42 105 449 501 635 1327 930 8 839 1291 24 1425 476 694 854 1007 1188 543 250 437 14 155 1206 1215 538 1240 421 605 1356 1002 1400 250 479 436 1143 955 711 443 1028 1292 1017 849 40 866 711 476 670 1316 1301 617 437 955 1188 821 883 1043 483 474 393 1382 431 171 1006 786 1142 22 712 1050 84 477 378 460 737 646 895 975 1215 306 1191 1108 1385 585 855 1040 711 90 372 1382 849 54 1271 1372 1357 795 1188 1405 1180 1099 1073 740 974 556 1016 774 1400 330 399 524 1067 21 1309 450 159 4 715 880 1077 464 1360 354 756 443 441 849 159 943 452 828 1184 1383 103 912 1342 2 1335 404 702 111 1123 1246 133 956 283 101 956 843 812 631 888 829 350 730 599 1092 1075 1053 1429 711 467 101 998 24 356 787 84 41 540 414 496 1359 711 833 955 177 82 500 941 863 501 368 1390 379 74 1203 955 159 849 528 849 1195 157 633 1429 992 610 652 90 1240 1352 855 334 1212 1090 543 941 911 932 1278 667 793 987 354 342 1108 355 594 881 1340 138 437 159 369 459 219 424 1319 902 1240 437 539 228 629 668 367 57 1360 1151 736 214 703 1422 753 445 449 443 90 1412 1322 487 1188 847 70 820 92 800 837 220 698 449 999 833 1086 957 8 1123 577 350 113 1422 1360 66 833 745 449 1078 310 1360 30 468 930 200 1129 971 1001 894 108 833 955 38 1228 1428 355 712 849 216 1007 836 1323 476 1007 447 610 881 1128 588 711 1234 372 350 858 739 312 588 1291 711 53 268 90 62 557 375 448 170 9 449 449 1060 55 98 558 290 78 816 443 483 1078 615 442 1188 901 377 934 849 1405 1400 1422 911 1272 932 494 1096 1422 1207 711 703 221 828 944 1420 222 101 1162 1285 1108 1360 1229 1392 692 711 1429 938 588 448 1388 915 292 1033 59 1179 443 452 1186 938 394 525 748 1062 372 833 1253 41 485 205 691 449 797 84 971 478 364 730 66 473 443 1057 726 1429 753 1315 836 1081 753 1118 679 858 613 434 1108 1422 812 1424 1188 223 157 1360 10 410 585 1089 556 1128 437 540 722 352 441 1288 1395 1191 1017 742 784 389 86 680 1191 164 489 940 889 849 1339 641 717 1411 1249 795 67 272 605 640 507 358 483 1005 1188 1244 574 553 1360 93 1144 1007 20 1324 970 109 357 857 483 1422 276 1191 1044 644 563 857 233 525 372 753 933 1178 1278 487 707 1422 608 799 703 610 1164 768 348 730 711 267 1149 277 1116 1336 831 849 828 742 83 965 1143 862 199 24 243 556 1351 1422 187 692 730 962 730 209 174 605 77 1400 982 362 1422 955 1062 1421 601 528 520 1320 443 1021 1219 1108 408 562 1180 1012 849 1030 1400 37 1177 233 476 483 159 997 1129 272 931 644 24 412 955 998 90 500 707 358 1167 491 564 877 849 294 1174 1074 1084 62 390 1422 491 1108 610 675 316 1315 786 921 1205 596 1188 159 346 843 947 723 1099 883 1017 844 726 1422 359 1368 1378 769 79 1135 1321 558 102 173 1197 316 1355 947 1410 1331 780 1363 664 169 200 350 1429 707 600 438 355 913 1114 372 944 697 1388 502 1365 134 345 603 1188 24 106 711 399 849 1093 1200 517 372 744 1357 1307 558 383 610 875 974 1128 1329 617 839 1136 1129 159 476 983 556 547 33 849 255 1400 1191 443 1429 1358 354 644 1117 984 862 950 65 684 636 1013 506 1152 148 319 1124 796 589 1054 89 1429 1409 911 25 87 1085 1128 254 565 1168 485 459 24 1121 658 450 1015 927 355 1188 615 1089 360 817 1385 118 1231 621 94 478 1072 1278 84 84 999 536 1025 803 411 292 1359 821 580 1282 906 9 849 278 616 395 28 754 1188 395 1262 1083 955 1332 722 849 355 781 981 1371 949 637 1428 318 696 161 1035 1378 476 1360 476 282 1181 726 952 1400 1376 334 1054 175 240 1271 354 1269 1283 1333 525 443 793 1188 159 1300 606 1291 223 799 937 1072 438 214 1002 1308 73 412 730 315 1221 372 551 971 1400 314 730 1359 640 372 756 1191 1023 619 1281 473 1014 1422 757 881 702 318 526 418 449 90 954 1206 248 900 983 956 1045 141 652 341 443 524 437 644 564 537 1429 820 117 352 820 151 556 1041 1232 730 67 923 140 343 1128 1333 1371 564 879 421 908 222 215 820 970 116 24 102 24 1031 449 956 320 381 90 1178 874 1169 341 193 50 737 1172 223 64 374 589 484 923 476 935 690 684 90 372 449 439 126 955 1069 449 997 663 1387 1138 763 9 1118 1372 610 1345 859 449 1188 990 1367 1259 1240 818 730 711 625 999 707 239 814 423 1001 1188 77 1384 279 1054 471 230 767 779 443 401 1235 359 931 476 713 730 333 420 136 1323 689 984 372 1414 1422 999 55 711 1371 711 1422 644 833 299 1002 1347 9 101 1407 463 890 1188 522 493 771 659 1162 1183 792 80 623 892 9 1417 69 1222 740 334 1240 350 573 951 1422 476 1128 831 883 1252 1079 1154 518 1295 964 1139 1247 782 843 1287 287 24 1288 840 788 25 610 809 999 114 983 633 496 1188 426 1188 161 483 109 892 239 1046 1415 1077 717 1308 595 126 930 277 676 952 101 1422 558 224 1427 18 374 1306 187 1040 921 1188 3 49 399 783 393 874 890 167 610 955 115 610 1422 830 610 767 610 857 559 1041 7 476 1421 1157 1108 476 531 880 90 1350 640 33 61 864 81 264 849 610 923 354 879 711 730 762 1249 1422 1188 1096 443 141 383 476 659 1308 1422 1145 1098 730 483 730 756
1280 1354 703 1003 63 781 925 618 1306 1164 225 625 778 378 613 293 1062 755 548 225 1421 768 231 1430 63 115 768 275 598 1406 926 479 11 1057 369 1216 893 1195 1212 1113 563 248 568 480 57 758 1205 168 688 893 479 1150 748 244 268 975 638 471 258 264 1113 544 952 611 509 821 618 1403 1195 1064 1187 367 687 889 11 516 622 143 1123 953 1250 1098 1213 43 820 1428 13 511 1373 1208 1265 171 37 435 50 107 1113 1278 1188 1195 489 787 910 558 868 416 971 267 778 241 776 248 1290 1429 883 1354 1286 1201 735 1352 1275 479 1005 1270 145 936 1309 131 473 1044 1033 319 136 336 778 894 218 987 1109 359 778 278 472 364 1331 1145 1257 104 33 37 282 1091 689 496 1421 510 1285 1035 410 734 1270 686 656 918 680 1120 480 778 47 706 282 59 812 544 1404 1113 425 82 232 926 1207 768 778 832 590 51 1100 231 139 1056 926 480 624 220 556 282 394 161 150 1348 563 93 530 661 288 480 479 1199 489 814 580 1025 156 80 378 180 400 1207 574 325 880 590 835 755 479 480 364 1265 832 212 694 479 1233 1275 326 756 1005 358 1005 1074 1051 1085 1078 11 952 121 1388 301 703 1288 1036 120 1145 225 63 769 593 952 590 1383 1261 1135 474 275 618 1198 897 1340 281 568 775 1230 30 312 248 1250 131 166 601 289 395 1058 1339 1422 480 1265 661 256 11 889 51 398 1341 813 237 224 238 685 5 288 892 694 1102 193 474 282 1195 168 900 689 1116 1053 11 27 346 186 1052 888 89 731 377 840 1364 428 614 1002 60 126 1208 258 28 1195 1024 1279 1397 924 522 386 1203 480 303 386 1325 379 359 205 261 480 538 1234 600 525 1270 968 1337 1013 775 1027 385 1022 145 1195 205 1093 1007 1113 1056 952 1298 995 984 854 434 231 952 694 180 778 7 796 1113 593 1250 480 1423 79 644 480 369 610 1102 778 707 1063 1301 1326 988 1013 275 1241 257 102 42 216 275 1030 300 645 1226 1195 139 1021 1256 688 609 768 1057 24 1195 1063 144 828 439 936 778 963 778 952 541 1113 1080 734 298 775 946 361 483 754 1156 826 1386 1044 1113 986 480 381 1207 480 1144 1329 171 690 1219 1113 1409 1207 674 775 5 288 480 1320 439 480 729 1156 184 854 191 775 198 860 1419 480 382 390 1175 775 1348 1019 356 1007 342 890 114 746 962 91 205 778 1200 778 270 677 619 288 1156 44 591 1270 115 306 694 1365 778 199 35 1207 918 63 481 552 1055 509 439 24 1250 1032 1364 1085 187 275 52 365 220 1260 248 1222 840 1190 891 1158 473 594 1426 1195 373 1096 778 301 252 63 843 303 1195 997 282 422 949 493 1402 439 34 1121 79 168 41 418 953 702 220 282 1013 590 706 336 1044 386 601 271 668 154 385 1350 314 546 282 118 76 198 869 952 689 79 64 26 1255 522 11 1265 462 279 535 936 733 1186 1192 1113 123 23 421 1005 1174 541 483 1217 1208 206 480 237 1113 775 1061 601 601 795 534 480 1083 873 823 558 422 271 1037 1087 1064 282 63 247 688 1242 773 364 728 839 1183 768 128 812 991 820 774 36 426 778 654 341 1042 596 327 334 1112 118 479 365 480 645 530 1430 198 304 1155 1040 337 316 1250 775 878 480 1180 480 288 1349 51 163 1207 1328 1130 329 186 341 775 1110 533 732 321 661 739 1266 1157 116 20 187 1004 368 267 1306 480 1421 752 795 661 971 148 482 11 492 116 1238 1129 400 396 760 563 1013 1339 716 644 1153 1250 426 374 1068 479 661 1310 645 846 548 153 996 875 805 944 694 1092 522 1144 846 223 393 502 337 912 207 1158 757 515 1165 84 1348 114 493 777 661 1360 622 694 364 952 150 364 768 751 275 1349 1078 997 655 190 257 479 758 1059 747 1191 1249 621 1019 632 760 768 1067 1019 106 1207 939 1369 1285 11 1060 548 1075 1095 113 1086 1044 1207 1007 15 1245 787 11 728 213 1311 489 480 1027 357 1068 1255 329 666 778 51 530 275 320 1368 535 1069 375 768 364 145 270 1075 370 489 381 779 1385 71 275 81 1101 1272 31 303 1112 145 891 1113 647 1014 950 281 422 472 181 282 713 1037 1113 279 1207 1239 1074 459 148 255 1356 1119 1093 1060 1037 1187 677 957 16 620 1425 1270 1113 443 107 81 775 908 768 778 642 786 667 157 1427 272 643 11 1250 483 848 1113 522 561 1088 1376 966 43 155 249 746 1421 233 556 249 1013 1331 501 386 530 275 214 476 497 848 563 768 1394 732 651 368 1255 289 817 364 1154 209 112 865 115 1173 1421 256 115 140 731 1326 1161 704 1139 1348 85 1268 118 1151 134 509 1013 1210 191 480 1282 778 1211 1022 1138 1113 97 343 706 908 35 11 1320 601 271 180 419 63 152 456 403 689 289 275 331 45 624 1113 1011 775 496 1421 150 439 1144 1156 275 429 1207 986 1359 1250 1043 337 404 99 239 497 234 1207 1131 1118 1421 611 543 205 480 1197 556 58 957 101 11 756 87 552 1207 1269 995 79 866 251 817 227 1252 43 1216 509 639 775 400 479 1007 778 826 1286 934 1037 468 473 1093 159 245 511 544 904 825 522 778 734 145 1171 783 1035 477 778 502 524 949 1030 1379 1170 775 1255 734 841 51 1233 518 188 667 970 952 1318 176 282 1304 1312 480 771 685 372 650 1405 884 102 439 338 439 792 445 1113 674 775 631 1013 1236 279 1037 517 275 1041 867 1286 1413 958 846 199 422 520 226 953 749 1113 835 55 865 1195 1335 344 446 1113 817 978 1307 171 115 831 396 135 1014 1186 751 105 621 778 282 1270 868 288 1024 482 1071 1121 400 689 1060 1079 643 1099 1242 601 1291 689 288 568 1142 510 398 778 817 768 51 489 201 791 275 826 1084 1107 742 165 1265 1374 1007 592 979 760 1113 1247 51 276 697 479 282 1033 480 1113 507 234 112 459 923 54 1113 317 103 745 135 316 305 400 480 832 216 1178 606 1270 926 282 597 1130 699 764 282 1329 1273 202 855 1220 778 546 954 653 284 701 282 1013 778 1425 1392 1208 47 489 480 636 812 1207 681 561 1427 1042 987 149 1207 314 655 1366 710 701 490 768 81 825 1168 1416 248 665 489 489 652 819 489 175 932 24 88 994 65 934 480 583 480 282 297 1113 661 64 1059 522 320 760 1198 816 303 1330 1297 1273 578 421 904 76 270 531 878 144 1082 270 677 822 1369 1208 1159 288 482 1113 1005 1420 1249 1300 706 410 1249 1113 1421 1176 361 694 949 609 331 778 86 52 750 755 118 492 873 882 1243 483 1005 1363 863 610 693 1115 768 51 1354 778 497 752 1204 773 242 741 51 1409 400 984 1113 1182 118 256 780 931 926 1113 486 479 1397 169 649 592 677 1149 154 1207 201 68 926 167 812 172 1132 1189 275 1113 121 483 949 32 817 1325 778 74 915 1250 962 1027 317 1270 1039 103 522 1315 926 1 313 759 471 480 439 768 480 489 719 867 479 1013 195 730 1426 645 650 1195 783 386 215 1375 489 509 489 1140
203 369 98 30 566 18 878 1258 352 1252 1132 570 395 812 570 1308 1345 444 208 489 660 579 37 886 792 793 1093 450 1126 983 35 571 1151 785 1081 814 80 522 1006 692 433 812 1151 503 341 1331 1085 1343 836 174 692 435 149 635 394 745 208 205 1332 119 83 198 1201 1260 140 957 297 72 522 1206 1030 697 493 1151 566 824 405 1414 715 302 23 1065 613 711 632 226 54 40 938 486 865 902 1066 1075 563 170 468 654 400 522 1101 566 824 1119 1076 158 1093 1009 692 711 267 1342 1263 156 1053 1071 1060 130 12 466 297 1269 863 254 362 1001 1159 203 947 838 338 1395 702 324 692 1098 628 1153 678 429 1269 437 1208 1152 1210 924 599 1402 19 1424 571 628 1204 297 1208 487 1344 323 1319 1004 1216 859 943 358 617 540 1370 990 816 140 972 223 1333 407 962 593 511 597 880 692 208 1090 1269 294 35 1353 1190 35 1351 692 47 1370 917 119 300 571 824 1335 1010 579 902 1348 730 485 750 1370 294 1128 1196 433 507 916 233 1410 623 732 198 880 532 652 315 35 714 793 1208 576 1152 1347 1260 527 1417 1201 970 902 828 1323 1196 1069 1324 735 1059 1027 1292 35 1370 566 840 1260 677 1298 970 14 1324 1238 1264 96 41 1027 323 1341 1187 287 1389 732 431 634 330 1110 1041 88 194 627 1105 354 1257 387 842 957 362 1355 690 486 854 539 1156 363 361 1357 579 1107 1051 88 732 540 297 579 681 54 694 863 54 13 701 60 983 571 522 697 1347 1204 830 179 579 297 159 1341 613 227 532 1208 971 732 35 760 1386 1085 359 1212 454 349 294 522 432 1124 35 683 1096 420 1314 1370 927 420 561 365 1406 902 578 1370 759 130 269 816 502 1331 772 294 35 667 387 126 317 522 902 1358 493 1417 1198 816 1405 818 507 212 347 989 586 362 192 566 1208 1212 1417 206 301 1216 1211 12 107 1370 1395 821 902 692 667 192 628 587 536 1208 880 1055 843 579 830 1034 732 781 1278 294 694 522 489 747 312 323 902 579 667 330 522 616 294 362 191 540 1389 1077 522 1319 130 1417 921 1033 519 836 496 289 488 208 1403 1392 863 742 323 49 1370 138 880 1370 910 99 408 6 1190 1038 297 880 379 441 1192 1250 1370 1038 1088 1034 124 1206 697 306 591 566 1142 1390 146 1370 692 311 1029 35 1122 258 884 1039 631 1319 578 615 1382 32 902 1173 162 1382 965 1260 540 735 918 241 732 1078 359 1257 362 1112 692 765 754 732 994 140 1144 697 902 931 813 341 673 1101 605 405 355 1300 943 416 1379 54 1260 192 101 814 47 1076 846 297 1422 54 433 1061 1269 12 680 371 1001 697 522 198 571 1181 1125 697 730 1169 1208 1002 254 435 858 604 1189 824 579 571 728 692 507 191 1144 746 597 490 1276 1033 197 895 694 1239 571 495 294 1269 1288 1222 1204 362 1268 1061 732 798 323 629 675 824 655 57 726 297 1034 294 566 1239 57 310 732 397 263 309 1414 617 1370 579 692 566 961 732 473 549 818 1370 1417 952 1220 611 323 297 1099 370 83 571 1087 323 54 1417 1011 1152 140 1215 762 1093 709 1372 700 907 1379 883 25 54 1081 558 816 137 798 1338 824 495 294 323 732 1416 35 1325 725 242 960 697 54 273 1270 1201 931 688 1234 208 1309 230 697 330 732 1033 188 35 781 1125 351 297 137 54 833 605 445 105 813 1270 666 1261 1213 315 95 1397 1370 1354 759 540 265 1155 1033 288 579 35 89 627 1396 142 688 539 790 1208 572 808 566 732 1422 160 730 91 294 715 1200 208 828 1298 982 1335 115 997 921 1026 1132 517 348 741 1275 1044 1305 577 417 640 933 1168 294 995 342 1425 824 292 1101 29 799 195 941 1152 1370 1384 1152 579 636 732 544 521 566 329 1340 1208 1389 247 1097 813 185 1266 126 54 315 1364 1093 648 903 156 732 1390 679 1234 579 1322 710 1072 843 881 149 427 732 81 870 1404 489 1151 293 664 402 1398 208 63 615 827 963 568 601 522 344 52 28 572 785 983 732 110 579 44 297 1120 1217 511 113 540 396 985 878 1156 1220 294 566 920 776 1256 362 369 1417 1383 54 1003 200 169 1021 832 1204 279 391 669 147 732 1417 20 1417 261 854 1093 1319 441 297 584 1417 579 767 540 402 1396 296 323 35 578 1288 1174 323 579 119 292 363 597 54 365 35 816 230 461 697 756 1208 732 694 1272 794 1162 84 780 895 824 35 798 944 1080 1375 428 1329 420 1360 208 555 918 1169 54 982 579 646 832 158 54 985 14 1160 1152 297 1078 885 1058 1153 1201 362 54 816 495 297 368 1094 692 560 1081 1159 109 495 613 335 571 1208 597 355 1370 1421 1185 1417 213 569 1389 1225 1052 534 294 1132 1329 1417 732 131 1197 1041 140 466 1309 1261 1204 772 749 263 54 1063 692 1260 1292 1202 362 697 452 1056 35 633 715 732 735 1370 608 1237 236 870 170 611 1064 690 732 612 297 362 327 1373 497 1106 1239 297 1231 1417 1239 579 1201 310 235 1389 1407 651 790 297 1208 379 175 1010 124 767 566 804 1395 692 1208 1339 605 742 1361 1103 954 697 481 1356 866 204 545 80 983 1425 83 1211 1136 1005 1035 1299 1102 692 1104 573 77 681 1140 674 292 692 922 21 732 889 613 1218 585 1340 1417 268 340 1096 732 697 575 1226 578 1417 741 387 802 940 617 189 21 185 572 766 1417 99 1154 130 1208 388 824 1208 594 1349 1260 37 828 617 520 1080 1315 323 35 716 633 798 1086 507 481 59 522 822 1277 916 35 981 566 323 530 1326 159 1314 634 1208 1165 602 1188 880 549 571 1413 1173 1281 602 1101 772 621 690 1204 125 1311 1145 1389 507 964 640 1204 703 780 1292 113 1096 625 130 579 1037 125 1383 258 802 1 548 196 772 891 270 620 818 419 4 363 323 30 697 173 126 135 571 762 1370 147 1118 524 177 105 80 1340 1417 1149 422 645 346 455 208 1042 258 732 1201 476 566 502 692 571 967 355 364 1184 571 25 1320 97 697 992 83 400 697 566 846 448 571 1208 566 19 1080 149 1397 989 1370 355 934 208 1259 298 929 527 325 507 732 982 310 635 165 979 268 984 1144 297 385 1290 1389 1417 581 696 471 1260 1101 1033 35 204 1270 443 35 158 1370 824 1370 910 38 1417 244 734 267 83 950 797 540 115 1208 718 1000 112 192 568 1101 1101 615 441 445 83 1034 858 1092 99 130 304 1335 17 196 1269 310 540 433 560 721 1042 342 1212 260 1256 12 924 908 732 708 1201 787 521 221 1288 495 1389 1347 158 495 957 1187 537 1208 391 1017 1417 1093 1045 373 220 1323 1123 1208 38 823 690 12 1223 47 705 1417 279 1342 450 498 404 870 1417 840 872 763 439 1417 1189 522 274 1014 732 1063 196 587 35 323 378 696 807 1101 323 533 1004 354 297 1326 192 407 35 854 253 903 259 1274 550 557 579 690 142 870 898 1426 1129 51 1034 944 579 1370 1101 1150 1210 1208 1208 443 190 1380 657 1389 522 473 420 35 116 1101 566 1410 1150
780 1277 1397 203 837 19 483 1267 201 703 977 418 1260 1412 949 749 794 519 964 730 1247 692 304 565 586 267 1252 1121 1360 369 19 1384 793 1366 809 906 27 383 426 1267 1133 872 1293 1234 487 484 443 23 779 433 825 659 36 503 1085 1170 835 608 563 1326 19 116 1316 1397 1281 596 1391 307 782 910 401 16 367 211 1140 1382 572 523 19 1405 484 674 477 118 698 1277 1243 1418 546 171 80 439 711 722 589 667 1184 1070 608 383 610 263 449 1310 251 657 101 39 561 1388 1041 867 1225 545 17 1065 1051 1238 910 1025 19 1293 608 1388 699 358 682 521 1140 494 99 1097 999 246 678 953 755 934 300 1218 811 1334 196 74 780 1281 698 1268 1293 698 2 1390 346 276 196 202 638 1058 388 1175 1388 19 1247 329 362 450 716 1140 533 1041 18 586 489 835 1397 90 218 798 786 614 716 1141 539 104 1201 19 850 933 67 1243 553 716 1240 652 1321 2 891 544 240 1338 32 483 347 1282 324 716 196 457 398 908 27 1210 953 1293 237 142 823 711 1056 1077 687 187 1197 1260 927 960 261 698 1267 544 835 71 1191 1129 696 850 608 346 608 532 771 1070 224 835 1267 767 739 532 893 1097 16 1226 181 1064 368 19 698 1267 1058 1166 37 225 1325 716 880 422 885 1210 1057 37 106 526 646 834 948 554 115 806 17 73 1070 741 187 109 392 1097 776 951 692 64 19 649 1083 880 286 692 425 1243 730 324 1243 714 841 271 1194 2 818 1281 195 1043 196 862 692 1209 1388 600 334 1027 107 373 1218 613 608 17 608 932 708 829 163 1260 1040 568 899 1314 1065 1377 1345 190 358 716 1136 917 680 699 655 615 906 716 968 1396 1366 1003 1388 347 413 1292 670 27 630 688 699 568 170 204 113 835 302 571 695 1355 551 1204 1127 253 1170 1199 711 238 427 758 953 825 855 1121 119 20 366 716 1388 634 846 568 355 1118 281 835 1298 799 700 532 789 1052 378 694 700 1015 689 504 106 568 1119 209 1228 835 1025 621 1410 485 1400 563 55 184 128 1370 611 345 568 1267 564 835 750 810 82 1084 533 585 1425 523 1340 629 311 1062 835 10 716 74 352 716 19 538 489 796 856 1077 19 1315 756 1187 1294 324 716 1339 128 1184 1261 1209 19 1247 1388 1077 1077 1397 134 716 689 301 1370 835 1338 1224 189 106 1338 1281 702 705 835 1267 1267 429 945 637 608 102 1239 324 1374 786 696 1388 446 38 352 1119 1363 953 155 1149 839 848 252 1245 1139 876 128 895 1151 949 1205 1223 195 724 609 1267 601 1243 1118 711 1077 425 1170 59 362 801 618 114 383 1420 132 1270 608 16 1251 196 568 1244 2 835 1388 274 278 128 627 1070 116 87 594 718 712 1171 692 2 483 1150 1190 972 428 1407 741 1281 1377 810 1423 765 458 159 2 1012 666 1077 608 716 964 855 716 1229 1026 1018 1058 81 796 520 47 678 787 1097 166 1077 715 570 1258 608 4 138 1265 751 1097 110 716 692 1293 1217 49 466 1317 9 121 716 1059 711 1388 788 835 1314 1388 829 1244 2 250 1058 1366 835 487 1192 970 580 24 575 47 1177 964 694 144 996 1251 1188 1085 1408 325 1077 304 47 1013 1012 495 1058 716 1361 1104 310 1077 264 385 19 1243 726 817 1077 617 1285 1299 716 324 496 19 608 324 810 133 698 1200 689 563 992 194 594 835 1101 972 178 1198 199 154 385 357 865 984 1005 716 746 1421 443 1037 794 810 1040 692 71 483 468 689 441 370 689 566 1324 63 658 250 1111 1140 786 134 548 350 392 1294 907 379 1314 453 545 1118 1097 488 167 990 1077 1394 716 698 941 343 1360 614 1321 845 1056 825 457 816 238 1095 1125 1339 1210 287 735 23 1208 971 310 658 692 608 700 608 852 1129 683 263 91 825 494 1183 784 385 835 771 1243 40 35 692 1085 963 825 1368 1062 751 1338 692 834 1319 774 1397 123 971 722 700 291 819 1077 297 1307 329 166 230 1060 716 939 1166 608 220 940 675 568 1077 1240 700 670 971 460 1399 1097 692 1247 1040 115 396 713 1121 183 483 750 551 514 675 174 791 950 636 1107 699 343 835 999 583 1352 900 558 35 1390 1191 277 689 835 1260 57 1119 1062 835 776 290 794 1267 423 453 875 763 1281 716 560 867 533 1388 1058 836 827 1089 73 387 692 54 1085 460 583 987 1137 813 1269 1398 680 285 95 371 397 1 1014 436 1294 385 1012 166 1095 1338 918 837 518 1292 273 268 786 621 1024 759 736 385 766 349 692 562 700 657 1243 924 1324 74 331 1240 795 683 435 624 1281 1170 926 1097 743 1424 351 849 728 195 1152 1142 1005 1012 1266 1295 843 1423 1016 1213 716 432 374 116 174 648 773 175 15 914 410 711 786 835 211 759 749 674 923 339 971 1281 964 1401 698 675 1243 956 1159 1039 825 1009 324 673 128 1281 1392 1039 249 1042 27 830 934 835 1041 467 1056 435 455 1070 1365 1077 400 200 1059 1061 872 1422 171 1097 52 835 205 692 1041 19 19 1374 1267 175 137 784 665 53 343 1176 639 784 477 561 1202 1243 19 1077 448 356 809 608 561 1192 776 931 608 1023 118 83 981 602 861 1260 1402 580 1067 308 897 835 363 882 375 770 1125 125 1196 835 163 1270 923 19 503 1056 751 451 835 1106 85 85 900 995 356 980 101 835 1053 1164 580 1399 813 128 1091 128 899 1129 835 423 1070 1115 340 1267 224 333 1410 6 413 1365 19 1127 286 397 1223 1058 182 705 349 304 376 608 865 1214 568 1147 506 1085 835 15 825 1058 1384 1247 47 1018 814 701 1201 902 660 1137 510 847 1388 395 991 1293 1277 858 1372 984 1160 1282 825 1059 165 1281 502 538 964 324 359 1093 1057 608 1293 952 692 19 721 1403 1073 1388 207 1097 768 1216 1409 608 798 648 674 1086 343 1058 374 19 319 606 1232 2 241 716 835 653 330 926 991 450 436 835 151 983 567 825 943 716 1257 239 237 695 83 1077 1388 335 2 984 1356 1388 836 2 1056 129 214 1249 779 119 154 19 835 1070 643 2 1022 435 834 156 71 1108 834 716 29 1228 40 192 1127 101 498 944 1070 1304 1206 608 1073 1323 650 1388 221 1029 906 1208 1332 608 835 834 1133 1332 601 839 810 1078 608 281 1085 1356 657 716 81 716 786 711 835 868 2 1097 1346 827 700 1015 1350 284 712 189 1386 711 98 200 513 1386 953 1304 79 1121 724 794 1038 576 185 1202 324 13 906 608 1097 213 538 96 306 1388 835 723 1397 1141 701 1088 1058 116 250 1033 536 761 1331 1012 1278 835 657 488 1056 608 1032 1165 700 1097 835 819 19 1420 511 91 1393 147 1320 144 1366 19 75 895 90 805 27 1012 259 640 791 1409 1046 724 371 1312 514 1281 1261 79 444 1356 700 1070 1157 706 873 69 1006 246 41 1291 835 19 260 1152 1097 526 711 1098 500 1218 1371 905 1082 875 1388 1255 1067 1077 568 1174 834 372 918 536 291 128 692 716 1389 949 386 1042 603 1304 68 1388 660 301 284 1024 615 214 408 1195 442 1391 192

proba init 0.05 proba clean 0.5
438 270 710 36 969 1279 632 108 1315 618 781 83 1219 615 97 482 1037 926 1013 809 660 899 210 1167 1322 506 563 401 298 432 1070 1364 1044 1385 887 1088 1170 495 1175 1382 1388 1382 1006 880 1037 536 560 642 812 1156 1028 29 1365 1240 1407 1349 900 876 493 928 409 7 187 1128 156 1417 409 17 495 718 1219 223 1368 979 1093 363 1388 886 1202 985 436 813 322 262 938 172 139 36 567 438 1399 304 1401 1257 626 401 1020 1257 260 952 321 322 1272 195 446 79 665 402 1028 1190 1038 1215 642 946 1191 1078 961 1219 217 1056 409 1028 1360 1190 429 359 1353 198 695 402 220 364 1191 1368 448 768 347 1268 1283 1317 439 86 200 213 36 911 893 1015 1297 813 807 642 1382 409 200 1127 48 552 743 495 1190 960 401 1315 316 409 1417 979 553 972 891 1422 952 979 1240 514 1312 1429 1320 979 1174 1388 1028 744 841 1274 1414 990 907 139 634 1321 495 698 1129 1247 973 1195 278 906 585 1184 855 301 488 865 126 1315 523 138 401 495 889 212 659 897 1237 493 1123 424 493 541 48 1219 200 327 127 1389 242 896 979 1028 1169 460 417 1415 508 756 251 164 859 285 824 1020 1275 1028 527 296 178 535 869 195 270 673 801 351 401 432 979 429 161 280 1350 1164 1282 115 1425 1329 1101 642 172 698 813 1417 1132 976 344 1367 36 540 392 217 302 1368 519 553 537 493 1130 245 1033 434 864 1070 409 1110 312 1099 853 660 139 393 429 370 1193 159 69 134 1289 1382 181 958 332 409 1190 342 60 511 552 200 1320 118 490 145 913 1333 47 930 438 1038 15 495 1313 280 12 1288 36 634 1368 1396 165 1253 262 429 1015 460 43 1396 475 22 139 1191 1190 1028 1368 200 1028 367 1353 380 429 663 460 687 1378 979 941 150 1427 944 861 1201 495 416 166 393 141 287 200 216 979 1400 569 865 1210 776 30 1396 1190 434 460 139 487 141 947 480 1250 200 993 934 1233 1011 493 779 1335 1266 787 421 763 495 913 1192 291 979 460 843 807 855 495 1338 149 1144 721 1056 139 258 1219 460 821 1405 343 485 62 296 80 359 83 941 1116 83 856 941 979 1396 747 896 37 289 388 218 89 623 421 979 409 1266 942 307 187 1418 865 996 373 1127 654 357 1234 1201 1190 1190 154 404 1276 1396 139 1368 213 979 906 937 489 979 859 1121 994 83 979 642 460 1219 1371 844 1358 1290 388 1203 532 979 493 1190 342 398 50 319 495 1359 813 183 116 1356 46 410 460 841 1286 1410 1144 1272 1013 1338 1268 994 1029 36 995 139 548 141 869 643 438 34 315 391 438 1099 479 899 1256 434 514 503 746 200 1382 833 1146 979 1190 1234 732 896 200 1376 393 1315 1127 1264 1360 385 701 122 1333 1382 783 429 1282 135 790 23 961 190 184 730 1191 665 952 392 1009 156 1078 94 1382 393 1396 406 704 145 979 731 1368 1008 914 994 642 409 1219 292 1080 1199 792 1100 441 336 288 1173 1088 316 139 1190 1020 1156 919 705 1189 83 1198 1396 1123 558 1190 270 979 1360 1190 63 997 131 560 146 139 979 1368 1115 698 1044 718 872 555 1358 951 46 870 1064 497 139 1008 22 640 777 210 354 232 853 200 979 1396 209 563 855 214 1396 1031 1234 139 693 1120 1028 62 849 1024 1396 1251 780 671 247 1339 911 23 507 813 460 280 409 942 958 979 391 380 30 156 790 738 101 1388 703 1352 183 865 1201 342 412 719 523 397 373 1020 816 1375 645 1106 640 964 1285 656 200 1020 665 19 15 320 1067 1172 1175 200 471 495 855 180 1196 984 1238 401 812 156 393 173 156 1190 895 376 952 731 705 1141 1281 434 150 339 231 353 906 697 1045 1201 503 491 1388 393 861 606 1227 1070 1042 23 784 741 493 200 1249 882 1028 1028 209 880 136 170 979 1352 1099 58 1094 994 643 937 857 542 1191 1388 1352 991 962 1021 1182 834 1305 977 687 493 1027 819 899 625 73 76 1395 1151 523 1396 317 536 679 1085 688 793 495 159 462 1235 1412 992 149 799 493 985 1171 409 1398 904 1285 523 434 340 748 813 393 876 1338 631 308 1391 696 429 1205 979 1308 1190 922 718 979 1208 118 1126 1373 349 1138 1219 745 979 804 979 225 92 773 33 979 409 761 379 690 1388 493 1368 829 1190 979 514 1122 1210 406 1349 195 304 973 467 1429 648 270 1042 856 900 626 812 1220 495 1164 1220 104 392 194 1020 589 1393 1128 906 526 926 15 155 976 95 758 14 209 1065 526 83 139 1078 971 1048 434 850 1099 29 977 638 1214 409 621 924 563 381 156 429 25 401 383 409 1333 1317 1028 1337 906 1070 1256 1079 249 270 390 200 186 1095 80 743 1219 293 596 1082 1388 416 154 233 1339 1344 916 1364 101 1190 922 673 67 1344 335 1415 1382 725 401 973 1099 139 495 725 972 718 387 325 24 517 347 1131 429 1191 495 1127 35 39 1016 1207 963 246 642 139 957 893 409 254 708 711 1116 762 578 114 302 979 792 1199 1362 675 1175 1388 257 1376 1247 409 200 123 920 481 921 1190 1156 30 755 139 200 979 1108 548 1201 403 1156 1253 1099 439 559 118 618 214 579 206 36 1219 120 429 574 796 642 979 1189 270 699 1368 58 683 1219 1020 888 621 225 443 495 813 447 362 979 314 459 354 126 745 334 828 837 979 1002 1382 1423 156 316 1192 1234 1346 209 493 979 597 1229 693 200 118 883 779 523 66 411 1340 107 316 1388 1190 374 979 1199 523 495 210 290 1149 17 1014 495 523 19 1065 979 434 1028 979 599 1016 1187 737 1028 200 769 1103 413 497 1345 1193 1190 401 898 933 1042 161 869 139 340 5 374 718 1123 248 679 845 1382 231 1315 1388 233 801 495 401 136 1428 859 478 41 1190 1280 868 1377 566 814 660 259 633 611 497 1315 979 1265 388 953 160 711 870 712 1127 1020 1190 423 865 244 30 844 979 941 882 688 1388 137 529 466 1260 979 82 193 629 1190 495 321 1236 958 1368 495 36 970 370 1000 810 749 1028 438 1234 979 143 1135 791 200 1028 7 196 438 429 859 1396 1136 1129 94 36 815 1402 1085 923 1374 855 842 608 23 496 978 1190 944 508 1354 822 467 1003 979 523 741 1358 1388 855 458 640 812 1131 85 1132 927 267 434 1396 882 383 979 22 558 227 1028 148 618 493 495 200 582 258 83 141 1111 191 602 643 413 1154 657 1127 750 133 690 147 438 435 1242 854 200 382 709 617 954 121 491 1190 1020 270 1057 29 393 317 170 404 853 388 883 24 861 164 1388 979 1335 1325 1205 1250 382 200 1070 642 979 317 21 640 1219 465 1019 200 958 677 139 149 971 139 652 979 423 1274 1274 570 1068 431 629 952 271 493 479 200 486 1208 517 1314 493 434 680 222 36 1368 562 484 1390 434 979 1193 503 1192 409 1102 141 474 559 168 1253 344 151 198 1190 244 36 1156 495 592 1073 592 1189 495 1127 826 750 339 523 543 669 200 200 665 718 1190 1050 998 495 435 170 217 510 523 587 523 26
1025 372 397 1002 942 658 1002 1288 837 1002 356 950 480 341 973 1048 748 1247 1037 1071 965 380 1262 1117 942 973 876 574 32 1113 409 1127 647 673 927 1391 1043 93 870 912 409 157 893 124 278 311 1046 952 703 366 1127 119 942 112 1268 212 973 1354 1355 478 731 1232 54 1118 1349 1234 1081 117 516 472 509 1113 661 1073 1024 1417 409 1079 1130 873 1303 331 361 994 772 1030 809 1225 329 301 331 1329 158 950 897 1401 304 1113 155 644 270 506 1073 928 703 1140 871 687 269 896 1261 157 493 1151 770 847 171 570 722 1222 714 30 751 9 20 747 154 782 847 340 95 1342 973 661 24 278 593 839 549 49 383 254 30 714 110 980 862 80 1024 331 939 493 244 656 30 547 973 1008 524 1317 9 350 31 1366 612 714 668 539 350 501 1406 954 917 542 1283 1026 669 823 607 118 618 625 1113 712 1036 1273 1303 345 24 809 118 893 198 1163 1373 1337 1367 74 270 713 703 1002 270 640 1377 893 30 696 13 1307 574 508 6 179 862 973 751 158 1002 542 740 973 719 911 30 549 714 1058 1149 768 1026 973 70 703 1386 926 32 380 967 453 184 703 500 973 156 1152 891 1391 1374 1167 708 1137 705 223 942 1113 574 264 693 722 721 510 714 1132 686 512 24 801 1000 493 253 14 331 636 157 1155 349 994 545 1099 1309 649 607 661 477 308 1243 649 380 468 1332 343 973 714 1335 380 378 809 1428 1066 809 734 580 274 1237 1171 409 705 1198 181 1426 190 380 649 398 66 309 1407 597 1171 658 708 703 544 197 1124 1111 153 301 258 1318 568 263 973 1301 1213 851 43 558 937 118 270 447 826 1203 365 1046 893 1113 1210 959 1057 9 703 661 1127 973 334 90 73 259 643 15 732 1034 943 1360 1019 967 352 909 284 538 374 725 836 158 453 492 681 25 1395 381 152 1031 764 1291 319 9 341 1081 809 288 1144 327 722 508 30 920 230 1356 559 262 1 918 973 520 973 1343 1353 1205 67 577 412 698 380 365 58 1078 23 232 1002 1064 276 809 893 38 1241 112 591 1125 1328 261 1178 687 96 1248 828 365 847 448 929 1263 989 893 928 753 893 714 1396 1046 1283 1161 1237 649 556 1004 940 702 883 893 752 815 1248 796 360 276 555 1282 372 1237 781 277 893 1009 661 270 489 994 533 909 770 873 37 527 239 824 493 1191 1113 1374 893 888 202 714 754 909 1263 879 9 462 1232 169 1127 268 1002 331 973 1005 942 1028 276 1294 30 268 1174 411 1261 1390 972 276 1173 703 986 1069 809 703 158 1210 173 969 703 911 529 274 525 615 342 1346 250 555 942 62 1113 346 945 1084 472 9 276 427 128 285 1365 1070 84 263 175 1127 1194 380 790 1002 809 1131 334 105 880 221 218 1382 328 533 1243 411 1062 1171 229 225 1237 243 893 11 781 893 120 1243 440 415 1417 1396 1018 667 1323 493 350 909 1237 1113 1386 774 818 1312 172 1122 67 92 612 893 380 1001 1033 1401 1128 717 785 907 893 914 891 337 1078 399 415 514 152 1113 910 658 402 809 1108 954 714 501 1197 544 174 458 623 1290 1127 568 1002 259 243 1055 24 1243 1237 1135 812 1389 51 30 705 893 885 1072 270 1237 1029 514 276 809 717 1410 1002 727 731 876 1124 1206 1022 1171 503 973 102 992 1366 331 1310 973 1246 522 1170 953 810 83 1112 750 341 695 1244 26 1371 1051 746 41 1227 783 429 1423 246 425 744 1113 1402 1000 1137 1038 487 546 591 949 1127 318 649 660 1179 1352 314 909 312 30 1243 1064 828 270 914 40 1267 574 65 703 1202 360 1015 17 491 148 995 648 876 679 1318 1197 947 399 685 1430 442 701 645 1193 921 1020 409 1353 714 1126 623 714 380 671 394 1135 831 973 801 381 538 683 285 1207 1273 1141 134 756 809 343 1371 380 26 823 246 1243 703 950 90 380 315 371 158 287 849 276 1091 620 75 685 1339 950 1263 429 647 207 290 893 1387 486 1096 868 404 97 59 46 616 1046 102 1342 1418 248 649 380 1273 897 1035 1330 1117 153 217 271 745 331 752 533 1016 1223 973 290 670 401 412 163 1323 1283 410 1185 1159 1127 1248 1328 350 454 973 55 82 703 382 359 1429 1065 569 316 344 91 1013 386 419 409 1042 661 843 9 1293 850 467 1186 26 655 380 585 91 1127 55 50 888 342 624 252 1006 1016 726 1063 1314 1167 1127 336 973 950 116 429 1311 269 760 827 970 1127 1051 596 684 1017 1019 907 821 950 394 327 380 187 1028 1377 809 680 511 1147 714 327 341 1092 602 973 649 466 883 973 12 1379 1308 353 288 1207 997 936 1384 1251 998 1305 384 1127 1008 276 893 409 991 935 11 123 409 828 1051 909 973 724 776 787 691 673 1367 495 501 1415 877 649 428 393 574 857 809 1192 1051 24 973 900 1086 276 1280 364 511 368 504 350 799 832 232 1407 98 1076 1002 429 493 1067 893 1237 218 502 110 726 17 709 801 1152 1297 631 407 380 1240 669 237 1152 191 640 386 175 1127 400 326 83 321 157 1026 868 1073 1051 1171 1218 1231 187 997 860 1099 276 731 8 530 1323 1393 549 104 955 592 864 1175 1090 165 1339 493 1171 392 911 584 661 909 686 1082 649 889 1254 1291 658 758 331 83 922 812 646 909 828 525 1113 651 1010 301 1206 24 778 127 388 612 1347 826 1007 1270 361 30 330 327 273 424 132 223 1428 1011 857 319 297 1171 612 1364 816 96 77 893 728 730 87 1113 119 1105 24 1257 1049 1334 375 1263 278 948 981 321 973 440 680 973 1051 1243 1038 275 352 716 840 9 99 1046 808 761 847 893 751 539 24 961 1162 872 703 1043 885 1019 604 1415 409 1385 969 742 574 380 276 768 1398 1283 1283 10 902 784 55 689 300 1135 1228 523 697 1133 1304 301 276 270 734 30 1182 1034 834 488 659 1281 361 1079 878 296 71 909 438 649 965 447 1060 751 935 973 1395 421 792 9 118 678 523 276 661 1182 632 1002 1281 690 276 1337 1113 459 276 515 649 909 101 30 1113 1297 374 301 1117 768 253 449 268 835 973 750 599 588 998 1244 270 789 1047 779 1198 722 252 92 1046 1224 921 1019 157 146 768 270 115 409 270 1369 577 1069 96 26 1359 1410 794 841 704 692 338 587 1243 1153 1168 1235 909 285 714 863 1113 748 21 443 158 137 262 379 1281 441 809 276 338 936 836 618 92 301 1294 688 77 945 1344 714 599 1282 524 1149 281 121 688 1109 12 674 199 943 561 888 649 921 97 1170 1406 1002 1352 597 765 780 22 283 1127 1042 493 588 1044 1171 261 321 331 914 31 655 1046 809 276 1052 751 707 1026 1029 99 591 487 780 118 438 319 30 240 314 797 107 488 1341 912 893 882 349 118 358 661 1274 877 1276 1343 1263 96 619 845 481 550 158 1113 1088 1399 322 525 1035 1001 9 96 275 515 401 118 167 1201 1028 1050 926 470 380 893 768 502 377 30 30 1051 538 852 973 597 1036 682 43 604 88 270 618 768 278
984 731 151 146 1236 147 405 935 651 1016 571 94 110 963 400 1185 160 919 1404 1210 779 873 1076 586 1236 960 381 554 1078 1385 639 1037 1133 814 722 488 702 1410 1361 1133 1130 935 737 688 197 238 866 717 1163 1111 1037 274 380 261 983 319 353 97 675 875 1062 1019 737 520 1244 694 1264 472 942 876 402 854 562 129 1133 1272 1130 298 639 935 344 400 358 593 1264 681 852 775 935 1131 1112 1126 1076 921 990 590 351 590 202 983 245 774 293 540 1307 762 381 1383 1184 782 1317 1290 462 587 432 1357 822 967 779 1411 639 1037 426 782 97 1152 707 1133 707 935 1250 1264 729 430 909 515 380 456 448 263 1369 1260 912 993 146 1390 1036 866 334 312 1242 1118 935 35 1037 1243 252 1357 530 1410 782 639 991 15 872 554 820 994 1239 982 1385 524 191 747 158 995 653 146 244 963 1404 590 628 390 989 639 1375 524 909 852 1016 1250 983 212 498 1242 798 574 245 218 618 967 245 568 779 1290 1107 384 835 797 808 516 763 1417 871 932 635 580 1324 570 1027 784 713 776 936 1290 350 1112 472 953 1300 1386 1307 480 1365 815 422 1044 636 1369 691 282 28 351 353 536 641 504 954 972 361 260 1008 1375 897 901 1264 710 351 97 935 669 554 563 281 858 909 62 1239 782 989 1385 831 28 504 51 975 449 1269 266 590 1264 398 697 1290 1112 1058 96 873 1158 1162 1224 627 554 604 192 369 852 935 779 852 1306 1153 1028 1075 1242 142 1323 868 935 755 1065 873 1264 782 1170 656 1160 935 1037 1167 367 524 432 667 1079 836 1386 162 1135 488 137 648 967 661 363 146 473 654 983 1133 245 935 97 731 1345 1153 1019 222 989 328 1021 782 915 654 1316 164 841 545 499 97 983 1198 534 509 351 458 673 419 486 196 49 541 662 812 1136 875 1133 1319 1352 1133 793 883 293 1425 300 66 903 782 641 116 852 1126 1204 398 687 709 1037 98 864 511 41 418 5 402 844 1365 803 1381 983 939 1385 389 351 1241 1352 626 245 980 1264 390 244 646 554 852 234 852 1126 967 351 668 1366 986 989 209 654 1228 635 1357 1029 1348 128 351 851 792 145 406 1156 639 1286 1094 21 1412 351 639 1176 886 989 465 779 1299 962 1276 967 444 1341 639 320 954 279 927 981 1101 640 782 654 245 1184 218 852 810 1133 140 685 1264 1001 530 1289 559 451 118 25 332 910 554 779 856 258 426 782 1259 1110 190 176 541 875 1387 177 967 1236 1054 903 624 1006 100 406 1146 554 971 276 1322 130 821 1126 245 852 454 1076 500 511 442 956 1421 35 453 852 976 198 967 488 944 1091 419 1037 935 346 1242 351 782 227 24 398 1037 1314 300 235 362 765 673 940 873 1242 96 153 59 97 862 379 220 1328 1185 152 245 97 129 989 1242 1297 384 1259 426 1019 935 300 33 1029 700 1150 351 6 755 57 1250 435 782 1117 88 1116 1341 1019 547 426 882 457 666 1385 1264 209 1373 1344 1050 1133 1248 1404 1276 389 351 995 411 1076 782 668 351 35 1374 667 1133 1242 1047 351 852 728 654 724 751 681 876 381 139 635 935 1037 1204 244 1082 1152 257 909 1404 1133 1022 1001 384 1338 777 351 515 963 1404 245 779 1079 463 639 852 929 399 1413 1112 1290 116 652 779 757 639 852 737 1003 736 1184 99 1365 989 1264 922 590 899 1092 1025 757 810 109 1175 788 1262 239 1185 216 231 1374 1029 970 831 904 968 604 873 1184 488 692 1365 722 129 1365 935 1037 532 555 370 654 1171 244 316 1404 1037 317 455 967 245 864 743 914 514 586 383 211 221 329 761 776 724 1189 37 1037 886 1047 858 109 951 1268 962 218 384 811 912 1021 777 1130 586 401 1141 557 1223 873 640 246 330 1027 915 1187 1173 771 590 1369 712 698 551 233 261 852 917 790 96 887 917 1212 967 559 968 143 873 32 250 1103 1404 1165 1022 1228 967 337 1402 148 1341 1133 987 419 575 1121 1045 124 490 384 291 935 853 983 535 1227 67 218 329 1417 46 1264 873 935 35 1219 1336 915 91 900 695 373 228 827 221 419 442 19 772 227 97 1240 351 935 760 1233 1190 921 346 929 967 896 364 1144 957 558 1133 1124 834 265 533 381 871 702 35 364 1341 902 247 554 654 407 782 351 1404 309 557 1322 351 873 607 623 212 592 852 380 1298 889 1243 126 462 960 1269 737 321 1390 1318 1037 1295 1037 88 1105 1184 296 299 1062 1037 258 385 494 1352 260 571 273 1034 1365 967 1075 419 848 762 852 829 1114 924 1165 35 999 1002 1196 43 1133 779 1303 967 815 1364 956 44 791 63 218 959 312 849 590 788 707 344 1058 215 503 959 1423 15 590 429 909 512 935 1001 390 1177 268 1306 1073 782 1037 245 1236 473 1101 1344 935 437 1179 1324 852 653 1404 909 1023 876 779 317 646 978 351 1228 1168 967 1175 967 289 271 360 1048 977 1101 1333 843 737 721 35 779 765 737 935 1290 194 35 1365 351 1250 948 1351 639 639 1130 1269 712 300 35 1037 757 107 965 1294 580 737 874 844 852 1037 317 413 62 462 250 364 981 1376 203 451 669 935 1133 226 1366 1062 769 321 97 505 1322 613 1037 361 1066 548 654 1338 478 9 351 737 611 1355 639 749 316 1043 988 922 1163 246 720 967 980 967 967 347 351 909 935 540 1155 1316 646 1184 646 1368 1264 1133 55 950 226 1016 1126 1195 441 135 583 370 520 639 250 459 1179 1317 351 636 825 541 725 1037 1028 1029 909 983 356 711 454 1133 935 1170 351 1088 967 1355 244 244 146 556 788 406 269 248 1242 782 161 280 954 407 1289 1316 230 935 909 181 876 554 617 1394 1334 13 779 853 1130 710 1281 244 1134 873 639 167 121 110 225 606 507 1013 257 1022 466 566 62 750 390 234 737 141 639 245 969 1202 1242 1298 967 12 782 247 116 1363 449 233 351 604 1376 223 1130 900 879 489 1290 342 586 700 1249 782 177 1242 653 344 654 541 1242 766 149 1217 996 1219 1062 595 639 1404 1115 1153 1242 1037 590 815 483 369 97 299 967 1221 750 1352 1404 212 1037 454 857 22 245 700 353 513 257 1162 1238 873 27 1404 949 982 935 351 644 242 1246 1130 245 695 492 891 654 1277 135 762 850 1195 364 137 1032 351 1156 826 1278 1062 926 1026 554 209 477 687 388 807 573 93 297 128 1219 709 1025 1062 526 1219 1219 1257 279 489 1166 104 377 1037 41 554 85 967 1377 167 11 351 507 1182 822 1419 249 1404 1161 1081 1264 590 275 1184 1359 233 1133 762 180 897 358 394 1037 959 245 351 381 639 1352 343 969 397 738 959 987 1266 639 458 112 1250 1365 570 1083 1271 66 27 244 221 1129 1037 274 568 55 1404 39 545 1185 635 1018 428 813 590 782 70 1418 847 272 351 639 1365 466 1264 1088 293 789 1107 959 1363 626 308 609 782 409 1163 1404 1180 244 245 808 1365 1133 538 646 873 494 151 975 34 1037 370 1013 876 51 1023 554 983 1405 316 1184 1036 245 1004 21 291
861 1131 1394 1168 1333 104 40 78 751 123 847 805 1112 497 1406 451 746 77 1127 112 1293 1060 1171 333 766 693 197 267 337 968 783 849 84 755 461 878 670 319 165 1328 751 744 773 268 1344 25 84 926 46 1062 495 429 1057 235 121 196 1229 1255 350 270 471 957 623 818 449 1429 246 1327 911 732 825 550 562 725 1043 347 124 1114 941 1172 1340 477 459 251 238 1314 923 519 223 660 371 704 681 789 366 267 224 100 330 1112 26 357 366 369 1422 952 197 530 949 991 1149 1232 562 380 1260 306 1409 371 777 579 1137 243 330 1271 720 1304 222 1220 581 1420 497 682 63 562 1157 666 1028 905 216 1403 1390 228 380 371 563 938 267 441 713 304 1108 567 744 324 602 667 910 669 1213 493 587 187 267 751 58 543 773 244 675 328 530 298 863 121 868 943 400 252 883 1320 529 374 984 1270 1272 445 596 194 19 1112 477 773 992 653 1410 191 347 493 770 645 1369 40 938 318 354 268 713 708 1105 435 267 474 345 1341 315 347 1413 318 716 1374 126 602 405 1112 1169 164 1104 995 839 639 1262 51 256 950 1327 311 330 114 330 610 909 565 1372 224 131 644 292 1259 269 787 809 851 184 223 753 550 267 1424 669 1319 551 1143 940 318 933 1025 1283 640 599 1271 1282 1249 1325 1012 1423 1340 562 965 1296 371 303 1260 512 562 164 476 95 976 1060 910 1150 304 318 855 895 1060 798 923 1374 125 923 1385 1289 889 1396 1216 1043 675 781 1303 424 434 1060 1119 942 759 959 1080 824 1058 910 33 998 369 943 756 543 208 75 151 600 1112 137 1024 602 486 1377 998 562 773 549 435 365 1239 447 950 84 773 550 371 576 1160 1385 869 562 1252 367 989 339 758 1040 923 950 295 1256 224 14 520 1272 763 990 1355 383 541 1192 1385 764 669 1304 205 669 117 1340 268 254 71 926 268 1271 1248 950 1112 468 1043 692 1400 730 416 322 918 721 956 310 268 267 1229 343 1229 1327 1112 634 128 698 224 950 1060 468 1303 1015 1035 914 329 274 408 923 1018 1112 978 371 224 268 896 1261 371 549 543 1041 318 1372 530 406 473 224 1327 773 1065 816 773 259 706 84 697 564 943 1119 322 553 1054 268 875 773 656 767 268 353 352 241 1132 1271 529 134 863 1214 773 549 562 1333 669 659 957 1316 669 875 1125 1011 251 224 562 950 405 908 923 877 1229 145 725 1022 192 926 1271 484 445 761 182 923 40 1360 318 771 62 1229 1234 950 1227 198 95 1340 249 990 243 902 1011 409 581 549 923 322 602 891 287 677 205 1210 1119 178 923 93 1217 894 259 365 1007 203 861 923 500 743 224 1271 548 1327 956 388 714 851 751 341 581 596 347 1060 287 40 923 1026 71 394 1121 1411 289 1164 333 744 1181 1310 371 1414 1419 678 134 1282 1412 1303 727 4 1132 197 318 669 1192 562 347 1221 1011 234 564 608 356 445 1345 549 330 529 1370 1041 1320 1033 1178 268 1060 1398 669 522 71 612 251 818 268 592 127 565 1154 224 1119 733 1277 1151 1115 1333 131 923 224 543 1411 1154 1219 1144 197 289 1292 816 647 421 363 270 1112 171 490 322 854 717 938 347 564 738 669 773 390 1081 938 134 1254 512 1088 923 1263 1340 365 251 164 516 268 88 804 626 111 1229 654 918 1222 924 1327 327 698 1009 923 750 1274 600 734 408 1327 939 1325 751 344 756 1390 268 311 1138 820 743 112 494 921 1060 804 1196 1327 1327 1413 733 462 159 415 77 138 1108 543 1340 1329 467 191 800 1330 838 1182 293 140 797 1268 267 1197 1021 1385 343 210 401 11 1199 1112 1207 160 1274 1022 652 901 117 910 685 1134 347 558 26 951 33 1275 1385 762 482 625 533 1060 171 322 604 1052 348 251 1091 1157 1322 691 903 77 546 223 318 923 396 297 197 658 302 396 529 625 751 225 1060 938 1282 1323 322 1203 1174 300 543 1150 963 798 684 505 369 715 1087 1105 11 1258 116 926 829 728 15 923 942 529 84 243 243 1428 318 238 1060 157 469 125 1201 15 1105 995 1151 1256 608 818 343 347 776 318 544 672 61 30 224 744 768 341 551 943 771 510 963 513 1327 884 1339 355 669 340 1395 973 1028 197 1269 1048 1119 1327 1025 996 530 749 562 614 1271 669 535 1411 283 1260 669 1060 1112 559 588 566 923 1341 174 903 1428 1340 705 815 1230 354 438 311 471 688 251 339 1011 347 564 721 1231 230 149 141 1073 284 906 529 1158 1071 251 923 219 1060 641 849 952 923 793 37 168 47 114 669 322 306 762 289 232 923 267 462 150 1266 116 550 1362 645 1123 1382 860 1015 597 1021 915 1273 28 803 37 767 100 450 495 1275 1046 111 11 117 640 669 533 1280 543 244 1288 334 403 673 550 744 283 267 343 923 1112 960 270 550 803 224 126 980 1022 555 362 1301 529 101 594 441 590 267 1000 1127 193 73 1051 833 1223 308 1386 897 610 1076 164 1205 115 1327 224 1143 1060 949 281 1312 222 1036 1150 1183 1119 729 1016 346 1397 530 1203 653 962 1281 1112 908 622 1119 295 1033 1141 1327 1017 472 529 376 786 523 193 99 732 89 1112 611 116 562 214 332 224 352 265 989 562 488 568 1112 669 215 1310 285 941 1430 760 1100 1112 224 541 650 13 620 550 633 268 238 669 179 1413 199 1152 199 697 1413 994 1213 543 224 122 887 371 888 8 347 1327 990 1156 691 1270 576 447 751 924 48 224 550 42 1397 1427 169 1160 584 1282 923 751 617 984 228 999 755 669 90 1333 1009 650 1105 539 70 514 17 129 528 1182 1208 257 84 146 26 800 773 1413 1061 1191 345 787 682 1228 817 17 560 1155 751 1275 1382 1060 1075 267 1060 941 1105 1076 986 1100 121 611 590 660 200 1223 1046 929 1168 495 751 669 200 941 428 552 976 20 632 268 224 1271 1019 1235 111 853 717 224 510 632 776 1275 238 1237 1413 164 322 1062 897 669 1271 1413 509 1124 939 562 1123 836 40 251 734 1229 640 516 195 431 669 303 1072 826 1274 550 354 743 682 169 1105 1397 1078 1246 529 1278 1246 279 1275 345 1178 938 648 1093 1330 1168 472 1271 141 84 411 1014 325 1239 224 1105 26 657 1275 26 473 731 211 543 847 946 952 696 1041 107 489 1410 224 241 912 848 367 827 1364 84 1102 697 1112 882 251 910 1225 26 26 115 815 919 549 268 1058 361 237 1028 28 1388 784 96 534 330 1383 1364 676 507 980 1430 224 939 1291 954 1385 1245 472 1063 1257 958 1021 520 1151 1185 170 224 952 848 1299 978 960 721 787 1430 669 197 941 515 1232 388 238 995 1330 645 1112 469 1303 1413 1150 343 1117 960 641 706 1278 249 224 1112 550 1373 1012 669 433 466 767 166 322 1302 318 318 669 562 366 669 141 26 224 543 252 190 712 1146 689 550 1099 327 1340 984 245 470 1271 387 312 322 1259 232 938 1390 1401 235 268 647 1060 773 26 370 1068 73 39 1178 1095 909 175 601 336 749 1296 1209 1254 26 602 1105 962
761 351 331 1398 774 159 114 1017 223 923 1356 1134 813 975 202 304 472 851 1104 412 612 93 1171 552 821 745 819 1014 910 1 443 1123 1411 816 189 831 1247 1119 874 150 1304 522 1411 811 913 411 174 914 428 836 193 623 786 907 201 977 1121 1143 749 405 281 1060 1392 1326 388 601 281 514 83 276 118 704 1109 1411 380 43 1304 1248 1118 157 1398 1114 139 1134 576 306 947 1102 1281 1053 198 503 92 1134 803 559 169 1172 844 813 113 864 803 7 599 1340 917 754 193 1109 851 92 1109 1134 393 54 60 1051 494 433 281 193 1123 733 1152 1049 515 1413 606 956 41 393 214 1109 956 1281 343 167 85 172 850 1359 1123 990 888 1014 43 1281 1342 1114 378 1176 1281 281 444 1001 1281 1373 1272 610 1109 654 252 574 1309 656 811 418 1270 240 520 433 813 628 1020 291 1347 738 1121 1142 811 1242 193 464 786 1289 351 786 1260 947 807 811 753 1089 110 378 43 596 113 43 996 1278 1000 1387 564 811 1123 952 113 803 1308 610 553 691 250 699 1409 1121 1107 614 448 786 113 1235 1123 637 990 198 1083 113 1409 193 81 585 901 696 1045 201 942 990 113 1388 1089 571 1083 851 116 819 727 389 503 411 351 684 81 904 444 1083 1373 1152 1281 423 443 811 1019 1135 1260 1190 241 733 1051 1023 1114 1014 92 1398 937 1138 11 1040 125 747 1045 1109 1334 198 1387 656 93 90 1421 1215 595 113 281 786 1020 947 1281 564 947 594 1422 1016 1300 378 193 1272 770 522 197 1301 93 281 1109 201 151 1016 1281 69 1243 171 786 1078 736 526 406 995 368 1053 388 1119 1398 1121 786 1187 1228 908 1109 811 1116 113 1281 303 813 232 851 811 428 1051 553 411 1109 193 1109 271 786 124 1281 897 1152 1119 369 337 193 481 991 765 484 157 43 817 1218 1340 779 779 720 1058 503 130 786 1229 1398 811 1007 779 300 811 733 472 1421 813 1325 593 411 298 579 827 1121 696 109 122 656 811 520 1121 578 745 705 1119 794 1389 254 1373 1067 93 848 113 610 895 141 1121 1344 902 584 233 813 1083 1140 1373 811 201 656 1051 1270 153 559 1387 542 877 1428 281 1373 476 811 427 1121 811 443 1121 1088 1240 1215 571 281 1121 942 1051 811 564 811 84 1344 811 106 779 1361 456 733 1130 1250 195 786 811 576 1109 418 786 43 818 224 472 43 348 915 1134 834 1109 1083 428 354 125 865 1121 443 564 479 1065 656 1109 126 1104 779 1230 947 922 1114 25 1121 900 1121 456 606 1388 1344 427 1398 1183 11 443 1274 570 669 1083 113 947 1125 278 1220 699 1215 790 911 281 665 813 1121 308 1199 1215 564 1121 1300 444 1119 1380 378 1373 733 429 1029 1344 1328 838 779 807 811 1100 639 43 93 378 1121 428 766 1059 104 600 764 836 1016 696 1425 1387 411 1051 378 101 44 11 1207 811 1281 779 811 877 84 880 1373 584 1109 43 327 147 1109 998 820 714 344 244 1260 1028 1251 411 419 270 281 1108 811 403 428 1138 166 303 206 1134 1077 811 55 278 1109 138 1373 281 1007 30 510 378 124 1373 947 58 1109 990 972 1135 933 14 794 214 1281 627 126 48 517 813 718 1260 1181 577 748 1014 43 872 444 1373 811 840 786 113 582 611 1134 112 947 433 1398 193 625 392 1017 811 564 75 1123 687 11 284 1298 43 1114 612 1051 281 1014 947 1313 1387 804 300 1155 877 1008 1297 773 813 313 1331 811 1419 877 1398 318 113 696 1270 93 43 129 1383 1281 1409 411 408 1281 597 1304 912 586 656 1398 1181 662 1275 1123 1387 610 819 354 55 1353 549 709 281 621 779 56 193 734 811 1227 813 342 504 1360 1227 1215 657 1374 847 928 43 43 1338 113 105 433 371 1060 990 709 843 84 93 1292 211 32 951 393 822 133 1136 193 1085 870 97 1134 667 772 947 433 65 93 1181 675 1242 811 411 1175 43 93 113 818 545 288 84 420 807 1024 886 533 918 1134 1065 1398 785 193 113 811 6 320 735 84 1281 182 535 1274 519 1000 680 1186 769 307 281 93 1281 281 1181 452 1238 113 1215 662 1121 1114 146 116 43 448 292 179 752 1152 1323 1373 1281 1421 1060 942 386 187 305 638 1191 724 701 813 1304 44 227 378 543 201 782 1083 571 281 868 411 1390 1134 656 1109 1270 733 1373 786 803 92 254 84 93 632 210 677 1311 813 351 662 1181 1077 1398 1413 1077 529 745 705 572 1281 126 1087 334 922 43 43 418 478 199 1292 14 650 1181 38 492 939 1309 1134 813 467 93 785 1215 349 947 84 1121 1281 990 281 328 662 1420 745 11 779 947 745 233 281 473 172 548 433 1281 1175 1016 193 570 351 936 684 946 945 811 727 560 1046 1134 283 521 308 1281 927 388 1356 93 885 463 1109 1281 331 217 513 1331 1179 1281 62 1098 116 947 813 584 1260 789 355 195 389 1344 1014 786 1028 1301 1060 193 811 90 994 820 1001 1254 1398 1428 502 1121 574 281 43 741 1155 1121 807 1137 281 254 631 726 786 366 687 1161 1304 614 1375 779 281 1350 1281 1278 442 1134 594 193 300 1084 947 1123 161 113 789 872 1262 1222 1058 421 1211 846 1134 1281 472 1259 384 704 1115 280 1330 1083 1281 1081 1123 428 351 1139 1109 662 1127 813 1262 1160 536 503 159 509 1114 264 813 915 914 465 819 811 1364 1267 811 1073 602 742 1281 202 717 1357 1344 1103 1344 36 656 883 729 501 276 811 1083 43 699 996 84 819 13 1123 97 28 199 21 1373 786 113 193 259 472 431 877 1259 1119 113 57 742 1065 971 193 1373 868 745 1014 411 193 1087 1387 724 301 93 224 1423 1109 1109 1012 957 488 897 102 1409 1281 680 218 201 1304 915 572 745 492 873 203 1304 241 241 428 593 93 159 113 784 979 323 1121 227 355 1296 433 1374 643 817 1107 404 1106 1373 1198 1272 943 1106 1123 378 243 811 571 733 328 85 1370 213 158 571 406 784 89 1304 433 811 1147 1156 786 594 1358 786 733 1082 378 328 806 1109 827 378 977 7 328 1121 1144 1348 1005 769 177 803 1276 378 1123 854 1014 199 667 1152 113 811 386 469 343 448 1047 656 1304 444 1281 113 1134 111 1272 338 264 733 93 907 703 105 492 819 1332 113 1240 1300 1304 113 696 786 1004 1134 1181 786 185 811 1215 811 1181 92 227 1387 614 281 1335 662 211 443 1119 1123 1044 743 1134 1363 1215 113 113 799 543 264 130 811 195 515 802 768 857 275 564 493 352 1045 281 1016 452 1380 150 632 400 351 748 1121 779 279 1025 1042 193 443 105 443 43 193 1059 1373 1417 637 43 568 1159 444 443 656 662 1251 1123 105 170 1134 198 69 727 157 947 962 1281 1409 916 1167 611 193 702 1087 975 589 1373 813 1123 956 150 662 803 634 1228 1174 656 1215 1179 82 786 1109 668 677 193 113 1373 503 92 1163 281 444 1025 390 786 404 113 201 719 890 733 175 803 662 641 1185 1014 522 33 707 811 1344 93 811 113 428 270 1123 1123 702 456 800 740 1304 1119 1308 1181 43 43 113 145 113 736
128 507 329 149 233 291 229 128 135 943 35 941 500 1101 1020 351 405 1244 1198 112 37 544 838 928 233 1176 80 395 1216 649 124 209 1354 293 664 1219 91 418 371 149 1167 850 1249 295 749 189 685 1032 1269 647 149 516 839 635 903 1141 951 847 1153 1176 91 1368 1240 1406 1217 405 918 388 847 450 520 1061 971 183 1249 951 1167 271 291 935 891 1176 335 666 395 950 636 1381 198 128 1253 91 684 1278 1078 395 1249 1387 321 500 1337 55 1078 966 707 697 1379 665 149 1038 501 976 971 1228 514 598 1416 249 1138 856 918 209 107 922 1295 1317 405 733 5 1093 962 363 601 971 149 1183 1262 251 229 380 185 596 229 1283 647 280 395 890 359 1176 501 266 665 918 1249 801 661 1144 956 1419 1261 300 395 100 212 468 909 229 575 233 540 861 500 305 1406 1052 355 647 85 149 405 1167 1217 1249 249 291 799 7 621 149 859 909 398 729 84 888 951 945 335 168 107 187 335 601 349 909 209 210 717 1078 395 1324 380 1281 215 405 583 1318 494 1259 978 1354 1368 812 209 435 673 1071 1162 290 1245 209 316 91 252 519 107 930 107 799 296 1195 632 1249 636 229 729 567 1121 874 91 426 389 491 1055 1249 395 924 350 449 7 516 1181 909 756 268 1020 1292 1153 971 1198 515 143 1259 68 891 971 27 907 335 1391 918 711 971 435 1043 1322 468 61 684 211 282 601 124 918 1 638 1429 181 598 839 406 466 208 1063 536 665 611 395 850 229 1090 1048 918 892 107 528 1154 1305 154 570 1407 107 1396 989 232 956 124 128 1024 1010 1319 895 1020 351 1162 1217 1080 842 909 229 335 207 513 500 761 685 909 1217 509 1300 809 1307 581 971 229 1198 521 966 80 969 270 202 729 1011 1249 395 1176 471 1147 1425 1424 724 1052 1270 697 442 1249 1062 91 745 374 891 1284 270 50 1138 154 237 764 566 500 20 690 1304 529 258 229 1318 519 929 460 468 359 335 1061 916 477 1081 1197 331 886 1284 330 1202 1327 325 335 1324 295 844 66 231 1061 149 1165 500 1320 1417 1249 589 448 468 1198 1284 1073 69 601 325 1169 855 1079 1249 629 909 1349 335 909 728 793 685 434 799 405 918 1318 907 1198 842 807 909 742 259 589 896 298 1061 976 851 229 967 1406 74 233 149 971 335 405 168 352 683 294 168 540 457 247 1164 971 1063 1217 1403 1167 252 1334 1193 522 683 1261 468 266 622 1317 1130 229 149 494 1176 601 85 233 132 1061 1256 1295 1103 57 891 1177 488 686 1324 349 1101 49 335 459 600 945 228 423 128 530 1343 918 189 500 943 406 229 1118 451 245 905 1061 1216 856 503 513 740 683 1375 348 229 653 801 891 1138 457 229 951 1107 1281 637 149 65 230 1392 847 538 506 757 519 335 1023 426 1022 248 1201 972 601 1083 507 665 995 909 1049 1095 1217 1249 160 971 951 522 1063 971 172 1299 405 290 371 908 107 227 579 801 1170 1176 496 909 37 149 1198 701 335 1046 552 1223 909 567 218 1101 81 1249 918 335 264 405 477 12 1073 190 552 971 1107 233 73 450 80 894 114 357 229 1193 404 395 500 58 1020 1217 1249 261 1146 951 383 209 919 909 725 708 335 834 1369 258 1061 1241 97 891 229 1084 435 226 154 358 404 291 831 405 1411 1287 405 1176 337 229 918 232 973 1368 443 4 912 1217 225 395 258 1167 500 1241 396 909 1301 821 208 601 1333 519 455 1245 405 1398 716 665 830 990 485 1208 229 1245 334 405 581 891 85 40 93 209 1417 1375 477 335 1171 991 839 1176 986 1217 1190 1022 1217 1368 909 595 500 770 229 936 347 653 601 374 684 835 168 951 200 1337 1362 1288 1167 590 415 953 1309 1090 765 1422 910 743 1229 229 896 742 91 149 725 1028 1142 258 546 601 352 205 11 656 368 352 26 1249 935 1167 168 1087 1000 229 1067 892 576 1061 1039 335 658 658 1376 916 542 1249 1072 146 697 909 114 1064 1044 1095 693 367 29 1081 488 685 655 73 1063 601 918 303 323 918 1161 341 1407 25 950 471 372 1176 569 1270 951 1386 601 229 450 244 770 1249 850 294 849 450 831 1273 548 1256 91 778 1198 500 856 1198 1191 1184 229 1008 1079 139 1245 918 778 452 1219 1167 35 971 1194 1399 389 405 1078 289 494 80 567 933 595 229 647 500 335 1354 623 894 891 1396 977 229 335 1081 229 1107 1030 1245 640 290 951 405 261 948 859 154 1307 330 618 1189 725 1383 683 1247 500 1424 1024 536 739 697 843 1095 85 1105 1378 918 54 1249 1378 1176 1217 697 839 1176 929 918 297 400 149 539 1368 124 310 982 104 819 428 229 1050 1061 909 984 1153 1368 1268 293 1167 1318 123 683 374 395 686 1198 859 788 774 189 233 971 1268 229 665 845 395 992 1339 500 1249 1020 229 450 1017 1061 1354 1249 716 585 985 601 1220 589 74 91 1291 859 494 435 1236 5 233 1217 918 208 971 83 1325 435 769 918 1414 540 1310 229 1027 918 291 320 960 647 472 918 1249 705 770 15 103 893 229 235 1287 149 291 1198 114 1140 469 676 778 1061 1224 601 75 786 665 1189 1063 1425 1217 1234 534 490 1326 658 971 1249 183 573 507 971 659 406 500 149 528 927 91 291 281 1176 1146 500 1245 975 1340 1052 1176 1061 1400 772 1084 671 295 251 395 1217 1204 387 405 572 335 468 1303 1396 619 321 154 91 951 778 717 1421 631 286 291 62 1167 422 589 1249 1249 910 765 261 1249 558 1262 1195 212 1254 824 996 1249 1090 203 732 892 1176 943 189 1383 1261 929 1188 485 733 1022 501 1145 786 685 993 1337 524 468 406 1179 964 683 450 149 4 795 1176 665 793 862 1167 396 1314 320 395 351 291 101 1296 442 1094 809 660 499 705 867 802 415 5 225 991 1167 652 504 291 335 104 209 155 655 909 1245 81 232 35 989 1144 545 1245 683 1388 395 1167 437 909 528 435 405 229 1361 1146 406 149 64 1367 1061 971 567 919 494 909 593 1061 950 229 74 1061 1198 1256 683 1055 229 229 1176 1395 128 143 782 909 591 208 601 61 1254 468 443 229 1252 335 1117 435 1290 1026 221 485 619 685 658 1330 1153 603 1245 320 1337 920 1167 1337 519 376 57 976 16 998 697 233 731 909 646 1020 1198 709 311 1282 1217 437 783 556 621 1383 785 395 885 684 303 1337 1337 1314 473 1057 1061 589 1314 293 91 1329 128 255 1125 971 1249 107 1364 1230 1176 1066 646 177 1245 911 208 1386 693 814 1270 1368 127 918 1022 92 405 1319 1167 1043 697 261 494 1038 695 154 124 335 1217 301 291 186 551 1247 540 1281 1402 345 272 291 295 406 196 1245 438 1217 528 663 1124 859 1198 500 209 35 557 1249 405 802 602 26 468 621 601 601 456 971 1375 1249 229 1337 1047 291 802 1253 918 91 842 1249 401 1209 891 801 470 609 127 1004 1221 1217 745 859 335 639 595 205 589 159 1263 909 1337 229 645 209 229 340 450 657 477 521 482 395 803 405 1376 1337 1217 994 85
312 113 763 731 186 1187 978 382 579 833 742 167 735 247 190 748 762 145 859 1356 649 762 1022 279 186 432 299 739 1013 929 696 1066 1112 1262 669 1165 954 735 9 125 817 1401 747 1023 246 389 1166 19 942 1194 1066 735 1269 408 207 413 1037 596 1259 935 950 600 834 466 762 801 1120 13 735 750 669 1217 602 1258 1194 355 817 650 950 19 792 207 747 167 214 637 1262 9 694 312 1180 1397 14 167 1353 739 1037 501 1036 735 747 323 1353 36 140 1005 310 1201 79 147 1151 202 602 592 134 92 373 36 34 57 950 1066 1036 465 755 1013 847 1131 279 177 680 663 405 838 78 722 172 1039 886 1300 762 136 1066 69 1101 299 479 1265 391 25 1038 865 1118 866 1066 513 1068 879 1013 735 255 950 739 579 316 1314 371 762 846 287 929 57 735 341 1329 1194 446 1128 1342 1016 881 1101 125 1065 119 950 878 762 439 1262 504 608 735 413 866 841 371 345 747 1170 1026 978 747 1202 616 608 1066 579 747 1401 739 735 357 391 133 1035 32 14 978 1007 198 762 1340 735 14 275 670 1180 331 1178 1194 762 650 1013 13 910 1036 106 1036 1315 207 1235 1402 1037 846 510 1110 842 19 663 716 1068 641 488 186 125 739 331 1037 720 370 1012 366 236 186 1015 439 547 1037 602 962 929 778 1402 778 1200 602 537 865 747 334 125 1036 602 1269 1180 229 1067 762 753 323 614 405 696 762 762 809 622 769 616 1262 452 476 101 453 577 735 184 1053 1118 125 839 762 602 937 979 763 101 1059 1066 511 608 1036 41 1036 34 602 449 312 828 672 735 1154 14 875 1135 1406 681 602 608 385 747 1272 1196 758 1232 963 608 125 611 1262 359 915 758 602 1066 186 620 1165 672 755 735 1207 766 101 1037 768 846 265 14 453 920 164 1138 933 452 755 243 167 372 1037 850 194 526 608 256 1201 20 465 614 1393 1262 1328 891 1279 1013 1125 1066 598 72 713 948 665 1112 747 349 528 432 562 735 1356 929 174 1037 1277 762 191 747 735 1085 469 1342 896 322 1262 755 735 1013 1243 1037 402 167 959 438 1372 602 700 405 748 602 79 128 1037 425 608 690 747 608 950 942 1112 337 614 762 950 755 623 462 914 616 608 423 896 156 1265 221 950 920 1033 1141 96 968 762 348 1262 602 747 456 1252 220 974 1063 403 1323 922 1115 1037 602 945 1194 1042 735 1036 1243 486 616 228 430 448 465 637 147 741 489 735 125 864 190 1342 186 1112 1358 844 1194 896 861 758 287 865 968 279 827 131 577 747 1262 64 14 641 1228 312 468 329 866 6 735 529 971 1342 614 1036 186 518 1066 735 766 1050 1037 465 456 425 896 1066 624 256 579 621 177 271 1043 762 1386 1342 1194 1036 755 1112 923 1148 634 101 755 747 627 743 374 806 316 1243 405 268 1358 1401 256 608 63 454 1117 394 627 602 1165 1293 619 602 663 735 14 1194 1107 673 871 1141 108 202 929 663 115 608 762 1194 1037 1110 747 50 167 627 608 385 713 382 868 1037 866 747 1230 1194 900 994 642 1262 1037 602 744 1081 662 202 996 587 100 1365 1066 597 1342 913 1262 841 439 125 1307 258 707 247 21 1066 1037 608 785 762 747 963 629 167 950 1262 57 949 762 1036 1421 95 20 616 184 950 1036 405 1027 676 291 1145 69 167 866 221 501 138 336 771 57 327 1121 1032 1284 699 213 811 34 803 920 1121 726 405 1382 1004 110 762 268 409 425 1118 726 1213 1024 1118 1066 1377 1161 1194 602 240 1342 1194 762 1066 509 735 881 747 622 713 591 739 663 1356 452 1048 681 759 1343 1107 735 184 1066 784 319 614 405 1130 650 144 1417 1131 1306 747 1354 57 1231 452 127 566 414 689 33 594 614 1036 221 607 773 376 1397 762 785 426 113 167 317 405 1421 57 264 762 1342 441 978 747 14 1210 1364 762 324 327 755 1122 640 1269 763 747 14 891 533 167 202 831 518 479 747 608 384 1271 1036 93 646 154 735 1024 1141 1334 1289 1013 380 608 663 762 1035 866 1342 595 675 69 614 363 1189 1140 1129 599 1328 983 405 804 616 755 184 1037 544 624 1297 1258 1065 173 881 396 378 425 1037 735 755 1037 924 110 595 630 79 1013 481 866 1179 1015 14 1231 221 602 1130 1162 1078 456 1401 1088 152 1360 762 735 1396 1153 1094 735 201 239 1342 402 651 202 1293 125 747 448 125 1401 1002 167 1066 971 1233 1043 1305 787 560 1066 292 231 1342 1013 785 1067 228 437 1262 715 762 518 614 1005 61 636 1342 635 1112 866 217 1194 1270 432 762 1342 609 432 467 641 90 1273 167 57 1170 696 101 142 48 1069 1410 934 884 279 608 831 735 1338 167 361 1231 572 1212 296 125 14 762 167 778 602 310 914 186 602 1269 125 1118 733 739 80 108 1262 762 221 311 327 616 1358 896 125 300 1332 261 405 851 1012 792 1109 1289 1197 488 1343 984 1262 221 1197 866 335 602 1194 981 388 762 663 112 1037 1144 762 128 950 950 817 137 419 256 866 1066 514 184 92 167 465 1194 647 167 1262 1066 762 1265 1288 761 1274 1218 418 637 1141 1036 1124 1128 818 924 1353 1338 735 717 440 1199 42 602 1066 173 861 1004 602 876 360 1062 927 6 1286 832 950 408 854 781 735 1037 1268 1138 1337 432 125 936 1048 786 597 221 504 1053 1121 571 896 456 896 747 830 1037 390 762 52 1066 81 217 335 1112 1394 331 17 950 785 435 782 602 1037 1320 978 851 294 1066 1036 1121 184 735 338 971 59 1037 1001 148 1331 1013 432 877 1342 125 167 405 300 1123 1194 432 1384 495 924 1112 35 745 1046 608 1262 846 428 78 770 372 1038 14 1123 616 616 579 1231 639 1036 1194 739 762 950 747 1264 944 708 797 663 595 1046 57 733 700 170 14 1320 579 866 63 950 747 1006 125 1228 505 608 1037 588 769 560 798 459 1004 1037 1138 1313 1053 1231 382 1080 333 1416 1194 17 1022 164 465 245 731 295 279 602 567 1094 978 601 1274 1358 839 1338 1354 950 462 31 417 18 1066 762 432 256 312 1408 747 733 423 401 1141 1278 720 404 1231 1066 993 747 335 871 851 588 110 323 1013 1112 332 692 297 956 1037 1292 31 508 1231 747 1345 1331 1000 602 1342 762 1005 1240 614 592 1342 14 1037 355 562 663 2 442 1206 348 735 1066 1215 768 167 755 614 747 747 799 797 624 621 635 174 271 116 1119 312 915 616 602 1066 871 663 101 432 813 63 396 1037 351 763 1342 452 901 103 681 791 57 1215 1374 456 34 1257 1037 1005 339 1112 1036 230 1066 696 747 1037 1315 950 764 669 437 1167 229 514 1170 1262 950 446 1262 1234 1037 1261 1194 710 167 1137 1342 1037 758 1066 970 63 1289 234 692 184 811 432 614 214 424 2 602 1406 202 1342 747 1037 602 202 264 663 1066 457 507 1392 1354 711 839 1029 1119 465 375 33 763 735 1342 747 517 580 1407 373 896 1013 414 747 694 405 1066 1066 1415 916 679 1407 613 735 1053 1342 456 1410 747 1194 747 282

proba init 0.1 proba clean 0.15
482 392 696 971 1063 359 1318 365 194 1164 576 74 151 320 1393 478 503 713 955 466 439 1346 844 976 1063 275 1063 1237 276 312 1214 1080 92 1016 63 1330 952 845 215 715 97 1015 1262 136 67 471 1015 689 866 224 1262 1278 933 943 812 914 1185 979 1207 412 90 179 869 1288 1262 729 140 1361 845 969 151 90 209 869 715 254 39 592 118 689 1376 275 1262 74 1430 1117 181 962 1015 482 1165 1367 1399 74 1037 1237 715 715 800 888 1262 840 254 923 201 642 1063 797 682 453 947 579 1238 74 143 327 131 1288 1291 637 1214 784 723 453 139 122 922 150 360 1175 468 242 1076 1320 107 1015 980 134 1005 1025 1120 350 1080 618 1107 427 88 1015 1221 524 1187 228 1015 1214 1080 1222 1015 771 1374 845 453 1197 1237 129 1336 1390 1358 503 382 1063 1108 637 151 488 721 939 362 670 798 520 715 97 847 507 1158 526 392 276 847 181 520 1358 845 1308 1125 1187 254 949 1262 443 586 916 1262 955 782 1358 1080 924 1339 715 1237 845 657 1221 1394 1185 1096 1213 1025 869 768 715 177 789 342 222 618 682 1288 1339 427 955 1151 872 1361 560 521 13 521 893 1339 765 1339 715 983 1080 365 1288 689 1352 889 857 392 656 1254 639 1237 241 715 254 1015 1118 1390 1185 116 645 107 523 1176 755 503 1240 1287 1339 579 1376 1386 1296 1185 1262 715 1214 762 981 222 370 955 380 1346 621 32 209 1185 1390 646 1224 764 181 1015 782 181 1139 98 541 1369 1187 672 587 779 1015 652 447 1346 646 453 1343 696 802 1015 1080 621 1185 1147 731 521 1015 66 273 482 151 507 845 79 941 553 1331 715 1157 122 1358 590 1262 1015 564 151 260 949 1358 503 1307 1016 205 453 957 819 1080 113 1047 1015 122 222 1278 761 365 444 771 219 275 880 83 1217 754 1002 1042 94 755 309 503 1384 1269 598 580 1376 136 808 127 628 136 453 209 861 789 553 955 903 955 211 930 1185 171 94 720 380 136 1262 731 1315 507 1033 845 475 683 34 771 999 1346 553 1262 1367 447 507 520 1038 1390 723 806 845 1386 1049 771 136 708 380 650 1243 506 921 592 777 380 513 637 771 827 869 1227 1262 1262 1214 798 284 1283 796 715 1339 184 816 104 136 782 1358 301 630 136 35 546 1230 520 453 503 102 701 1161 1063 715 71 1262 1407 317 142 1209 904 554 427 555 74 598 1215 460 90 841 789 29 1288 1390 782 409 1033 380 453 1017 188 968 1421 845 138 884 1262 798 1063 576 1230 768 1344 718 723 1376 482 1018 1116 258 555 863 1336 1262 181 494 193 1379 1298 482 554 234 1214 471 181 453 596 1120 209 805 798 832 1080 500 225 1187 771 453 1230 1291 260 578 627 695 237 136 555 98 254 1346 1187 798 723 310 215 1135 368 681 549 981 1121 1262 1073 1033 147 1187 487 507 102 1002 212 1015 1069 352 939 1185 1192 715 1284 1141 254 1367 555 547 787 151 507 503 915 456 723 1268 424 921 820 242 668 1358 494 90 754 166 1262 681 74 1353 1262 55 1326 453 3 715 14 1262 991 190 1187 1187 771 181 598 758 618 1063 471 204 1063 752 794 1015 676 921 1178 219 845 812 107 955 102 783 1339 254 771 1080 771 1358 535 715 1262 102 762 74 1230 181 637 1376 955 1130 222 400 1358 782 450 1230 521 869 846 1344 1407 892 761 503 1214 1036 1187 494 798 763 1314 1085 1366 56 497 493 1041 1051 1383 136 448 991 1382 155 1339 1121 1106 276 1407 949 1086 1294 699 353 632 1015 1305 513 535 503 380 1376 798 25 913 1080 283 845 275 1262 656 36 1284 1237 242 869 475 602 955 1221 926 92 1281 567 1080 335 306 209 279 507 621 1149 833 254 151 1001 201 637 57 151 618 347 628 618 1346 521 1185 309 226 1080 329 136 288 1080 289 791 112 74 771 712 181 637 1296 1346 812 584 1056 1262 884 387 293 1346 1339 503 291 696 1070 347 696 1262 840 520 801 74 715 90 1091 847 1339 1358 1339 841 409 367 1015 872 845 671 1268 1185 1116 347 1209 1185 380 1346 1015 494 8 33 789 1339 209 25 798 275 403 380 254 617 869 1064 343 929 567 771 1015 515 141 478 272 784 1181 1203 1416 1361 9 151 1185 598 777 1206 289 1343 1063 449 955 494 1095 1144 427 494 1390 1388 518 453 771 1407 99 579 859 421 1346 789 812 434 670 471 392 25 955 1353 1376 921 1353 503 1262 1033 1134 1015 449 74 1080 702 254 1407 1094 166 1425 1080 641 233 798 270 1262 428 161 74 845 1278 1346 1292 986 1329 181 1084 798 1015 618 1214 959 25 1337 275 754 100 862 275 939 646 233 1309 503 637 443 1010 426 724 855 392 496 1314 494 1230 1358 507 789 112 74 352 723 1351 1015 1209 507 1005 1141 921 1185 242 1015 471 1063 15 347 427 1015 228 1237 1157 181 846 723 107 116 1283 782 1230 1038 427 955 983 1282 983 980 738 541 741 947 520 1074 1202 1141 715 1262 102 1214 1095 527 869 798 222 1111 242 1401 771 1291 646 785 494 853 857 1063 270 643 1214 1080 1015 567 50 74 1138 869 700 792 181 1080 715 1404 6 442 543 1111 1230 29 44 604 715 1015 503 1209 931 400 151 699 506 1267 1015 274 1080 17 392 615 595 25 1013 697 955 869 1269 276 1362 845 275 43 151 598 983 1321 1288 275 90 715 136 1009 771 107 1015 779 501 1205 1038 1407 1038 1262 380 715 1005 880 1074 1080 1310 254 1203 1143 1262 1288 858 1301 740 921 37 506 771 715 1339 445 1065 1080 1152 580 107 845 1339 422 812 715 396 955 442 133 275 123 471 90 567 39 734 1016 1346 229 1187 453 864 1015 464 161 1271 689 715 1015 107 227 1036 215 427 681 275 782 782 928 815 76 115 1265 1237 1346 977 1339 1316 388 453 798 242 862 1271 637 130 1038 523 299 723 1226 869 928 1230 1262 233 1080 1187 864 136 443 940 257 1204 905 1108 254 771 461 16 779 1199 1131 1119 543 222 715 90 1106 1064 453 715 1187 115 1230 453 415 1187 912 85 1209 1230 319 1326 461 1230 955 914 1381 1187 1080 967 275 807 482 1001 1339 1358 1036 34 955 955 34 380 466 589 1015 1262 74 1257 917 561 1073 453 653 1307 397 882 1369 1288 771 1339 471 1369 602 1262 1121 888 723 506 812 225 973 1063 209 1358 798 579 771 313 460 726 349 25 1185 1390 845 503 737 749 74 621 986 1396 1386 753 325 763 1230 136 1199 452 1282 903 482 754 782 905 837 521 1390 1266 275 562 761 453 771 392 696 798 826 1228 1185 722 90 1214 1104 1091 1407 513 869 869 437 1058 64 1041 233 1080 568 1262 25 1063 597 40 789 74 764 710 507 443 715 556 1015 186 1325 715 341 90 356 167 78 520 1035 151 1080 625 198 427 955 849 916 974 380 715 520 520 715 792 394 715 1080 1262 771 506 921 511 646 512 1057 276 1249 1019 1376 1343 9 907 453 1214 1403 696 845 520 1262 1377 151 715 136 1038 1346 1358 1339 1009 129 1080 1080 591 291 453 1287 798 845 779 389 1407 1101 1262 503 1339 253
645 737 579 160 836 875 489 1306 343 557 7 155 883 659 978 791 1191 1204 615 896 266 202 1176 805 192 80 395 1134 532 91 257 927 915 1230 724 200 497 115 712 663 172 130 381 381 1030 1003 1034 578 583 122 972 162 1429 905 160 684 1147 1172 1395 873 257 181 1233 937 116 666 257 1385 115 616 883 1356 1415 1047 1394 1100 172 1193 43 1117 2 80 1148 23 166 750 663 454 1 645 1247 1298 635 524 223 1324 1394 250 133 115 393 828 621 585 272 43 174 23 1186 1194 932 111 1415 1235 116 789 1014 470 1386 1138 257 429 249 1415 586 372 1038 1394 251 816 140 1415 1306 1415 235 1059 963 743 331 168 278 1394 927 632 213 440 619 65 482 981 297 552 115 481 927 497 1202 1116 538 116 1002 43 436 343 939 1314 381 329 1054 490 23 1138 1299 1394 937 1332 922 197 1030 221 1147 900 429 1408 1394 43 89 1325 899 663 221 379 1030 705 235 297 1 1359 588 231 1394 489 726 584 675 379 927 146 192 565 1134 116 345 482 355 1015 249 1088 3 915 1266 984 1210 883 559 661 632 901 890 237 1394 907 984 575 1385 1370 856 1036 1336 862 1353 512 523 1191 1387 927 814 1047 1250 80 155 1359 197 613 1136 1394 1134 1326 1191 586 1381 712 1385 634 843 1107 667 975 678 257 508 607 848 840 293 2 1118 666 116 925 663 257 6 1415 923 955 391 828 202 530 1254 179 634 257 460 202 758 283 511 675 663 987 269 1014 19 297 115 414 1388 1213 226 1172 202 257 1247 329 233 1014 115 927 1262 930 1390 597 820 479 43 354 1247 240 841 115 1386 503 969 1014 379 945 1415 381 957 588 47 586 883 575 473 379 972 1221 663 254 1002 1345 1415 927 972 950 115 182 586 115 575 203 984 1394 524 80 264 992 330 498 422 43 1138 876 360 1394 399 896 1394 1260 2 381 1282 1044 880 381 567 1394 575 115 631 1191 1025 174 576 977 147 571 1422 465 1212 381 388 1070 1374 80 1015 115 636 347 13 1394 575 202 1295 359 718 257 231 221 326 26 663 1094 115 1298 432 1191 648 91 115 24 588 43 416 1147 677 23 435 80 1394 651 381 117 116 381 257 1325 925 277 114 516 43 1398 116 491 381 675 379 925 326 381 1400 462 43 366 93 1394 1394 937 1064 381 663 1415 809 1394 231 327 1104 1191 231 910 619 985 1394 1415 575 1356 146 883 330 1429 972 675 1402 1394 898 1415 750 943 33 335 1394 489 1429 452 321 133 829 507 575 582 326 565 2 1006 116 449 652 217 854 1298 588 663 1100 1161 717 1073 407 272 742 161 637 115 1139 1162 1186 314 289 162 1102 927 115 407 297 1394 304 951 259 326 285 370 1044 343 381 68 389 984 224 297 486 1394 562 586 220 91 520 1210 1014 945 67 475 1401 614 297 1162 189 634 700 162 1189 1044 379 969 925 634 1394 1270 1415 1404 1071 679 552 80 883 260 1191 374 507 1172 1309 941 1337 1153 80 939 379 111 1356 1394 801 925 116 1373 1247 379 1060 577 1415 633 516 1269 1415 1338 1191 297 67 1394 663 1394 43 632 1253 1424 616 341 314 833 108 499 1286 120 1408 663 160 1394 1191 1191 634 440 892 59 927 1394 381 1054 925 588 18 979 1409 43 663 1138 2 130 1407 577 91 1147 675 515 43 1239 1407 1098 721 951 454 259 872 257 282 671 166 99 1069 1362 876 131 1078 1409 876 546 1014 1122 458 650 1119 1344 870 1415 1334 984 202 951 1148 1018 294 249 984 1422 115 166 1191 825 1018 43 2 1030 151 1067 927 584 116 1147 894 712 854 1300 1134 1415 932 1284 887 876 482 1295 1274 905 459 927 274 235 648 984 349 266 1206 231 475 883 393 283 1138 172 261 632 118 95 632 202 1064 65 379 462 927 925 1014 326 927 421 784 800 1409 1394 311 283 1138 371 202 160 1233 337 925 9 1101 231 202 1175 414 430 634 212 1429 1066 381 143 221 98 1164 1191 1356 1102 604 1185 379 492 1246 771 1017 719 215 115 1394 218 1071 1098 1003 1156 195 257 202 814 600 51 1052 900 680 584 486 201 80 463 816 383 378 1269 1325 675 586 883 1394 1074 349 317 616 690 1410 429 757 898 1385 1191 883 1206 1394 716 1191 757 235 932 225 365 271 252 1186 143 23 766 1415 473 1002 1394 951 131 111 299 1394 202 883 160 166 475 283 737 1395 925 1089 2 1353 838 1394 80 569 975 330 972 23 927 391 768 951 634 1330 969 927 1015 919 1030 554 1147 856 629 1358 663 1418 202 1102 637 43 283 1352 321 799 632 756 1257 151 848 80 257 116 1429 80 1370 460 919 373 1394 1138 1401 478 1014 555 772 737 919 166 371 902 379 894 883 143 1102 3 1394 748 115 325 476 143 259 1394 602 1415 1386 86 10 679 1430 763 115 1390 1134 1225 283 663 365 1059 690 616 675 507 326 605 1394 404 615 615 125 381 851 1324 1098 221 1298 177 552 663 925 98 415 1330 679 1394 115 181 899 80 875 1394 520 202 1205 257 43 172 1032 778 1044 1035 927 789 382 1067 23 283 728 1019 1350 663 927 934 16 198 949 1215 1006 503 417 768 457 1278 914 1394 732 1333 876 883 984 586 1118 656 552 927 892 737 915 1415 1053 1095 883 1394 143 249 153 43 550 80 703 1147 1394 642 426 299 379 1356 393 381 962 1394 1113 115 1021 1415 939 326 951 326 1010 373 516 822 391 1167 927 1298 383 500 1401 1341 662 784 43 939 431 969 43 1394 1416 209 125 634 927 1407 231 39 115 1318 1053 160 1394 679 257 1116 758 80 440 513 1356 1394 254 168 535 960 375 1122 1415 8 1411 1223 393 879 193 663 209 582 272 616 1178 1408 1018 80 675 675 343 172 678 189 1186 1134 202 43 110 507 615 1402 578 1415 1244 1131 1138 1058 393 975 984 1086 343 1394 283 43 588 180 927 297 37 381 41 907 1046 1225 1089 737 383 1394 151 991 1316 172 995 1147 249 755 1394 1356 580 1390 1002 1186 297 792 191 1415 949 297 489 1387 599 507 854 1186 166 43 1191 761 1075 297 927 923 1370 969 645 586 821 379 1305 13 1147 116 830 416 172 429 495 588 1358 574 615 1409 618 1142 237 914 1175 435 1416 395 1394 739 393 1121 1159 393 290 997 565 43 160 1429 43 381 441 381 1030 143 1394 584 1088 1415 475 151 728 610 115 1186 560 415 1407 1020 1404 393 393 977 620 522 972 246 891 367 1053 930 645 1230 675 679 1191 465 1415 1014 80 146 1051 71 1394 737 579 113 547 63 135 831 1356 257 791 830 951 154 1166 1394 43 992 1136 133 919 927 555 552 1394 780 43 516 826 94 1140 522 928 231 663 43 129 663 1075 1394 287 1356 573 202 178 221 1394 198 927 1269 806 1394 1191 728 214 269 258 681 1311 221 1394 1415 59 1191 927 393 1394 43 298 848 80 634 738 972 60 838 2 614 50 735 1415 55 48 151 115 221 599 1313 883 1394 381 326 202 381 393 566 1040 927 927 525 616 49 508 141 115 1015 1339 951 118 393 1191 1381 622
247 1294 51 811 690 313 81 430 92 81 1423 908 1289 659 1188 30 18 1400 782 1168 1297 528 1419 246 999 720 292 728 681 429 666 738 528 648 961 845 341 586 1334 564 666 84 1076 907 1092 522 948 1340 141 676 607 1149 58 782 142 1123 452 591 860 659 142 270 748 224 18 205 548 211 586 150 956 564 1325 403 528 1317 666 857 563 48 799 434 722 908 785 712 124 56 118 660 928 282 796 908 923 784 1402 659 287 586 1249 539 173 183 97 909 476 301 142 746 833 796 1325 908 1098 937 804 918 800 362 548 738 353 1058 471 948 200 1430 887 281 501 1289 829 1325 562 809 1391 1110 1103 345 18 460 738 849 333 728 681 168 376 681 56 648 338 548 738 1077 1302 1402 640 1281 1058 669 787 1202 674 818 147 18 782 719 159 362 445 1402 129 260 2 952 648 333 35 666 564 1190 265 266 1064 265 823 124 333 1076 586 404 103 56 782 949 112 99 381 217 728 782 1031 1076 738 1148 363 421 119 135 2 315 1264 594 22 796 787 1202 1044 265 659 50 738 25 48 397 430 738 1212 564 212 987 211 936 632 989 287 1406 1310 1406 701 1402 430 738 966 1301 1298 643 598 880 691 291 313 961 681 430 1430 471 1310 246 131 782 186 385 373 409 925 1325 410 326 434 728 782 201 1325 205 1098 453 564 1105 632 1325 1313 1208 782 408 528 582 894 564 1386 919 397 528 1415 1235 519 726 124 602 284 487 1065 56 1149 1177 1163 84 437 1318 528 548 429 650 871 1071 519 738 503 782 287 1098 287 744 1262 1082 1110 555 1190 586 644 796 265 752 1031 941 1325 1137 641 112 284 382 1165 341 1404 1076 1204 918 124 416 1058 1427 1325 738 265 782 519 632 471 586 639 966 189 1402 322 1061 962 796 954 626 801 684 782 602 476 564 1133 1303 1402 403 1373 1011 531 391 1347 1019 1058 564 639 124 586 18 347 1052 1397 738 782 145 482 1185 818 682 722 452 1397 1190 353 586 798 1192 1143 1402 61 528 586 1351 283 1405 1190 333 626 1319 124 349 50 430 1313 1402 647 1132 818 918 1102 684 44 782 586 908 1136 1289 1402 211 1152 30 35 1076 1258 506 487 418 252 1402 548 782 1101 410 1076 128 1076 1060 626 1023 1281 706 717 1361 201 18 1260 129 1034 537 124 1325 1249 1402 1352 955 1250 1430 463 387 1286 908 1402 1325 639 1245 335 50 287 1237 1372 939 550 997 818 1058 479 80 602 23 801 659 434 782 262 690 452 1237 93 824 940 91 907 306 736 244 887 379 144 1237 112 124 353 796 122 351 738 1000 1297 548 390 586 586 135 142 564 287 564 224 738 338 1280 56 1402 1058 717 211 974 642 1099 602 59 1076 599 828 1400 528 56 600 18 855 115 925 1122 886 1030 804 466 1379 419 940 918 56 1136 1190 782 737 782 338 602 1076 999 1031 127 528 926 1325 378 923 1268 186 548 524 796 1212 414 124 1276 782 305 1193 1192 818 753 1076 18 1245 18 85 1295 1295 908 220 1076 700 1412 1248 361 1402 548 1222 959 142 56 56 291 124 1402 1325 1244 1034 1099 150 694 467 1322 1376 42 583 81 44 124 661 1129 782 1430 1006 728 1200 1136 738 1087 1076 57 18 728 1260 995 908 717 124 362 1208 18 1105 699 843 1076 1090 56 10 1199 35 301 1038 265 434 211 628 548 728 1029 18 183 773 1260 1427 1098 861 908 666 354 1015 498 239 1204 1245 1217 675 651 466 1388 528 265 655 211 211 406 928 961 1197 642 675 1105 1212 174 1040 648 954 1066 738 183 128 35 9 857 413 107 303 1289 1199 602 973 18 434 53 1161 649 40 738 1107 1426 564 299 1190 582 1423 659 378 766 1249 886 362 666 602 940 762 1165 170 528 287 782 287 84 738 644 264 230 738 1244 300 498 908 1226 675 957 362 1382 528 1154 735 1207 782 382 666 43 528 728 1245 1224 412 329 762 1250 35 796 333 754 908 528 1303 859 718 1249 1076 1278 943 287 722 1038 106 50 1430 118 782 276 762 1065 1018 548 528 699 548 586 382 50 183 564 600 648 434 1373 2 1190 375 159 929 78 471 24 1402 417 288 345 150 1265 136 905 3 702 211 1160 634 35 18 329 1402 213 1058 1203 1001 1255 548 1076 1107 796 908 447 1325 294 1325 1402 1212 106 525 216 782 528 50 954 380 1283 586 569 265 1052 528 121 979 606 18 35 65 53 1313 347 628 738 281 1167 265 662 564 170 738 756 48 1241 959 722 67 1381 908 124 642 528 859 564 909 381 702 333 344 240 548 1402 954 773 381 18 602 195 434 936 548 48 1198 564 362 659 849 1174 1136 1363 632 56 642 585 887 1076 1268 50 270 908 617 18 49 338 990 1190 796 528 1402 457 1325 690 390 613 601 762 18 338 1414 681 1257 964 124 1304 1247 564 150 954 1237 626 728 265 196 927 35 425 1129 188 782 28 333 102 121 200 124 782 634 548 809 582 782 525 264 414 548 211 1402 414 528 175 471 891 666 1170 327 385 548 738 766 1396 336 908 855 954 338 628 124 738 18 1245 1204 855 538 211 504 45 348 287 908 370 564 1065 1147 142 1317 1146 341 1395 512 418 738 642 710 1210 1325 954 1284 60 1212 648 981 82 883 134 434 550 241 1402 1271 1152 297 782 1204 18 1076 601 886 480 531 429 367 410 1277 717 626 722 818 738 349 1259 1232 738 197 1416 211 1231 722 182 1349 1351 1307 666 1236 411 1402 961 437 801 745 738 1105 687 850 718 299 327 353 997 414 18 692 566 1157 728 1209 564 1177 183 427 1167 338 564 56 1058 94 782 1255 1249 594 1076 124 970 207 92 150 18 1263 420 1167 338 405 918 666 733 287 305 398 528 54 1249 880 1181 591 782 581 1381 594 362 353 88 1176 796 887 666 1402 1026 519 112 762 738 56 1112 1076 1402 568 327 170 1138 165 775 1402 954 29 1005 666 785 1417 513 583 1402 175 1176 1402 1058 142 56 219 887 1325 801 56 1408 937 1065 1237 698 142 1045 717 1430 1402 375 56 738 961 728 1236 1039 471 1249 205 887 276 35 299 249 818 666 1072 1094 728 908 1276 608 191 1148 1013 337 1240 420 729 585 287 1402 1249 1039 1065 666 57 466 265 973 763 653 265 909 883 564 1076 1241 796 1402 183 755 389 142 954 771 705 586 642 704 534 908 582 843 1249 1249 453 1402 1148 142 577 779 675 1303 535 782 779 594 1252 642 1276 1289 734 849 253 743 1372 1402 1326 1250 648 602 408 1226 270 593 548 962 538 1039 1136 666 1402 909 532 1425 287 48 738 411 75 1430 131 623 365 50 908 1138 328 1331 659 124 679 578 124 173 18 478 1136 1139 593 154 333 1402 266 738 447 743 642 1295 1188 1079 1358 818 564 333 333 265 1325 734 1036 738 564 1402 684 1316 1070 548 1427 1096 1204 1402 670 591 176 510 37 1058 796 890 954 586 333 728 84 960 1402 314 626 528 1076 1249 1202 422 738 738 848 150 1261 228 1358 586 1207 151 265 666 1274 56 1249 102
601 65 490 1201 112 1022 1318 412 32 1205 525 689 860 1004 600 227 600 360 1190 1405 123 478 369 1386 66 645 956 215 478 1250 883 153 937 962 154 39 790 811 879 937 763 1054 600 959 134 929 407 1110 626 713 937 606 362 451 1303 301 600 1208 523 1242 1186 77 294 1228 211 464 600 808 1292 1028 860 644 633 252 614 334 763 580 1022 125 366 1074 350 755 755 504 684 797 1054 601 441 644 894 689 522 486 662 447 1208 1389 1354 550 522 1324 895 1167 1241 1429 721 1313 232 1087 633 1337 211 885 499 860 715 1045 883 153 1208 987 1315 794 618 259 1163 1054 1208 730 766 1103 613 522 324 914 146 81 1297 1254 153 123 6 904 1095 642 1169 1074 1347 633 1054 883 153 438 1054 259 478 853 306 54 1276 358 1225 981 71 937 350 211 1250 946 853 121 350 874 965 802 1011 489 636 1417 153 1190 259 1022 705 1191 156 804 489 71 1201 254 189 1347 1159 1049 383 1341 827 53 383 779 1054 941 153 1045 1354 522 466 716 1367 1206 360 600 1033 1011 905 427 249 165 77 860 937 1054 123 1071 679 1354 259 937 165 478 323 1027 1208 790 1208 770 1354 499 1000 211 758 153 753 1127 15 1122 1232 342 684 750 112 219 324 157 259 1315 1054 1303 469 217 431 958 613 53 1082 1228 1190 1250 1074 847 1087 366 633 464 211 517 1337 883 1208 633 1132 388 779 981 478 1417 1097 977 217 883 1389 937 34 915 1054 1054 1088 1104 82 1411 439 1347 1170 953 714 1054 937 336 478 883 1232 650 255 606 1054 153 604 1190 1208 541 1208 886 730 412 899 228 937 937 663 1352 1318 843 797 320 730 1345 290 320 653 1411 55 702 407 1345 600 1040 123 827 388 1240 730 153 724 748 1054 82 1315 937 644 130 165 724 215 800 692 1102 599 1241 580 1139 606 762 292 259 1126 1186 259 167 366 339 370 762 1313 1345 1293 937 243 937 578 442 345 478 514 937 350 1311 1346 1208 981 941 350 1243 1203 600 1299 937 104 1250 493 259 334 478 1373 734 1060 633 1190 489 963 883 1028 1190 937 478 293 1071 941 1354 981 245 930 730 1028 1108 27 1228 1190 352 1071 1032 71 1256 1228 71 883 1011 407 1056 981 88 1354 1011 301 1190 941 1054 71 810 963 941 1144 150 337 934 1327 427 427 1372 895 1345 248 633 383 427 957 785 5 259 344 188 899 1138 1115 730 644 860 734 1390 1208 295 883 1054 65 907 981 987 353 208 657 211 1054 279 1074 1365 1011 544 1421 316 775 574 963 758 366 600 848 304 1379 899 1240 813 383 243 883 715 427 1301 1263 832 504 883 172 546 554 1418 327 1350 1208 1011 1250 153 937 12 1347 259 730 1025 731 963 937 29 555 375 941 1295 925 165 478 1347 1011 613 1208 697 1064 1365 1228 979 1257 1206 383 433 958 1290 1347 1174 566 350 707 217 77 145 1345 36 702 1020 259 70 633 1285 836 899 633 29 860 211 600 950 1021 1208 217 265 1064 1250 29 1225 71 883 613 1428 1177 636 1228 1091 449 1345 413 1292 987 1054 88 883 730 349 600 1347 1134 259 937 868 730 123 1051 494 1028 43 214 1190 1054 1319 1087 875 215 916 1303 613 636 259 1014 805 846 928 153 259 1345 350 687 383 1130 900 900 329 775 380 366 427 1293 1180 1011 1345 713 871 1022 1208 600 526 639 165 1074 620 139 883 1190 1318 883 779 302 1313 211 1010 1060 1392 45 398 880 544 941 617 252 81 378 366 1156 165 478 165 1290 1161 837 847 165 1389 1054 267 1190 864 600 730 366 1011 27 636 153 779 580 1108 383 471 842 388 500 730 432 1012 260 427 142 374 205 876 29 153 1084 189 464 165 350 1117 662 77 165 864 911 951 259 763 551 123 217 744 450 478 1208 566 1208 354 153 217 244 532 153 350 157 894 46 259 764 1084 552 662 478 1303 932 650 1011 827 1355 211 478 78 515 1296 636 27 830 1057 981 423 489 427 689 64 348 969 1094 1354 1345 831 644 1208 350 1054 456 937 427 48 407 387 478 217 217 883 478 1054 883 1039 1318 1250 1354 964 708 1011 1048 39 772 692 956 1417 197 591 1315 29 259 1054 334 1102 358 615 215 1 206 1186 1425 724 860 1031 724 965 1071 1376 650 941 478 1149 883 1425 958 1228 883 981 633 465 1293 259 636 522 1087 1303 259 478 987 1303 267 515 1117 1173 58 350 633 366 439 449 211 217 660 937 1345 380 447 153 1072 1058 917 136 1024 782 153 127 570 320 478 350 322 405 447 1151 442 478 716 584 167 837 921 1011 1054 123 883 259 35 459 329 1428 488 924 1415 345 883 1357 81 804 363 77 922 1360 116 14 923 661 267 883 455 71 255 860 614 447 851 613 1108 1054 1087 937 170 259 1071 1338 730 1054 383 249 633 907 937 1054 792 1047 482 790 690 689 116 600 1028 555 292 963 211 1062 1228 1394 1228 580 941 226 781 958 489 358 1311 633 854 350 427 883 1065 633 259 1054 798 950 29 1194 211 950 478 41 883 1022 763 1103 1103 517 883 153 1054 29 538 1083 1393 508 333 14 722 153 427 1214 688 659 1208 1425 1075 1326 217 1208 1384 1054 119 1395 522 736 860 165 1027 633 1054 860 153 401 431 520 633 1133 20 860 724 435 1292 50 1022 67 407 325 151 337 365 1410 1108 941 937 279 941 1061 259 333 1054 714 211 1225 963 27 963 350 981 937 732 478 237 153 1059 904 781 304 350 545 267 1022 1225 123 782 972 724 1040 1142 580 88 153 1208 272 613 937 1354 956 1303 259 1054 150 259 223 549 106 663 153 1054 779 923 1007 478 937 1347 987 413 407 1335 434 444 695 1094 1054 873 1063 1028 494 421 1228 349 1054 1319 557 763 227 1208 600 726 478 88 1354 502 1242 1293 1011 730 748 31 1216 701 288 953 165 1306 545 259 317 1022 383 1031 153 1347 1177 941 642 987 3 1155 419 1313 340 1071 1188 1011 714 763 755 350 30 1257 259 937 687 427 1293 613 1347 662 588 730 580 1347 126 1254 171 1003 1240 937 267 571 636 687 365 1347 153 937 1395 782 601 1315 1354 1345 703 709 449 636 1393 981 21 621 1054 383 79 1208 1190 686 747 987 478 407 636 922 1054 1208 1071 1354 1117 646 763 1354 1015 663 120 730 1303 1376 698 71 831 1425 1011 1087 1071 779 161 730 1396 1152 674 1261 1129 937 372 1311 67 97 633 1226 1259 776 976 1078 958 941 608 1333 1186 18 601 1428 384 633 153 1208 730 390 227 349 680 207 211 753 23 1011 1012 1409 636 172 697 883 26 261 165 1324 249 259 215 905 165 1208 1244 153 396 383 259 639 1022 88 860 561 23 806 572 77 1386 1022 1120 1088 70 259 1331 153 330 210 652 489 724 1386 153 63 113 259 636 1179 19 248 217 856 267 489 259 730 522 259 153 899 259 1022 1087 797 883 512 198 600 123 839 366 650 355 1027 1293 1247 806 636 937 489 34 188 161 705 941 963 478 71 1354 873 724 153 153 1009 1028 395 188 1046 1024 714 320 165 110 383 600 1354 134
150 1414 916 23 422 1294 276 890 3 533 171 476 1100 278 508 170 508 210 1192 1263 554 393 1153 1427 422 1053 847 350 378 1060 581 886 270 480 1358 400 829 820 144 476 869 91 1313 306 1071 1165 478 793 1069 371 476 873 476 758 1189 1386 1100 891 1195 283 892 318 964 989 886 865 508 844 539 766 834 289 655 1080 476 1125 276 662 1294 1265 1360 1146 678 600 346 1297 1014 13 984 1373 1389 531 345 1145 703 408 886 769 1318 763 581 1102 1313 840 1035 839 847 64 1028 487 696 1416 177 876 184 1071 1221 276 500 305 925 316 771 1328 1078 1024 238 1123 574 777 1303 1400 45 1234 684 91 312 722 1083 419 754 378 639 692 23 53 970 1184 794 985 569 172 777 1400 639 274 287 377 516 78 487 817 1341 3 1111 1143 1212 91 1118 851 410 305 516 1254 607 882 408 1134 282 766 82 769 508 1359 1385 1294 696 1286 222 1014 731 1212 1211 156 80 569 11 1429 1024 57 82 1353 647 1192 227 1212 639 3 581 656 350 1304 228 794 257 508 768 1382 1388 36 1289 476 1382 1100 1366 1345 999 983 989 581 805 1192 375 1044 1239 688 771 954 771 966 1261 1054 539 886 1236 1360 359 989 904 12 531 438 826 821 953 547 350 890 405 24 243 1189 383 1375 22 656 684 66 1344 1218 473 1193 320 947 561 1360 141 810 89 905 260 1418 935 1266 1295 188 1192 1143 886 1020 498 1352 1313 218 1182 476 25 1014 202 1382 1014 337 1139 451 1277 569 873 869 1118 777 1249 1071 561 1400 487 359 309 223 1410 639 1020 25 1062 917 1125 478 1330 1100 896 1219 1377 501 1129 616 630 844 1212 1005 721 1212 1283 1024 789 575 1100 1044 1206 1212 508 276 1359 1106 487 211 936 639 632 458 854 847 579 610 1044 793 368 886 1322 1192 1168 463 619 858 179 626 304 546 515 1192 1119 1421 886 478 1360 1212 1293 1112 173 1212 487 173 1044 1281 1213 1192 1407 1192 1009 639 1192 358 274 497 1143 952 1260 1360 265 1313 754 319 706 187 732 886 1044 543 445 1024 1331 218 1273 1415 1129 522 476 310 1281 1044 276 886 743 1266 1143 276 404 716 1016 43 445 1143 86 1400 886 400 1212 719 1396 1212 1247 247 235 1356 1143 886 581 531 89 957 1237 1292 1212 61 935 13 1171 1212 522 30 509 36 36 368 476 1212 476 25 1024 36 440 1370 225 455 806 1192 1260 859 886 890 1044 476 206 430 41 989 1357 759 225 595 1143 487 1279 825 38 250 886 150 757 40 996 851 41 522 1044 1100 342 1362 1360 508 653 218 827 1260 1147 538 1024 10 761 302 36 1094 1373 927 1076 1400 757 1014 995 161 348 129 1083 861 176 639 1260 972 569 886 487 522 1171 354 639 1269 908 3 1173 549 1046 625 681 569 384 1313 82 688 1419 809 1064 558 451 1266 1024 466 104 276 569 1023 972 290 796 1313 777 858 1212 10 469 1077 821 476 11 1095 168 1260 513 1400 1100 1002 1380 791 6 771 76 1011 981 187 1400 193 1212 1192 886 886 1131 508 793 440 976 1212 1085 112 487 629 886 849 487 1308 508 569 569 1345 1014 886 864 414 851 1281 1019 847 249 868 1005 639 1013 1055 121 1100 1189 684 1192 510 1338 200 200 1023 639 256 1212 130 476 1024 1120 1321 751 522 1014 305 1360 36 548 987 782 1212 520 744 1294 1088 508 1266 848 963 1365 265 1333 1400 75 1014 886 440 1195 173 443 627 1314 145 869 1247 801 1209 1156 1207 10 23 1239 1360 1266 905 476 1142 1206 400 939 1272 476 265 684 316 1132 107 508 978 1360 996 68 476 639 694 530 43 1024 1085 891 496 350 1400 1284 1234 1353 36 794 225 1281 316 694 1097 10 683 472 476 152 1020 612 1047 194 160 285 1311 305 1131 951 1359 400 1288 469 314 791 892 847 1245 508 1059 408 774 476 659 869 976 1010 832 1313 1014 305 612 847 1189 922 1146 1192 1165 869 320 630 308 1055 1425 341 469 522 1045 1143 783 731 36 476 1426 23 604 803 581 1212 871 793 285 469 346 335 1100 36 76 364 744 635 225 649 1205 1221 780 1400 1265 820 705 581 1273 225 282 1192 312 485 194 1380 1313 704 278 182 757 886 192 1328 548 845 886 928 523 307 584 400 405 1281 66 886 1000 405 1078 764 847 876 1192 662 718 807 783 1372 1143 496 501 487 832 759 1329 901 1189 886 295 1281 1189 316 257 1014 629 476 1192 1084 1360 1327 920 886 1192 1377 1018 929 673 428 886 59 91 1220 157 55 612 316 476 1170 1189 1060 469 860 316 895 1014 886 68 302 1055 839 1014 469 996 968 511 1400 63 190 839 273 1192 924 1014 868 1109 737 1170 481 839 305 929 947 451 1023 1180 1414 569 316 639 522 1212 119 50 1378 951 405 476 43 371 225 1377 783 886 405 637 487 763 1024 851 24 954 1192 777 275 350 1305 1014 316 476 684 1418 585 57 522 404 82 1192 683 706 1236 939 57 650 364 366 731 906 668 1313 476 179 36 992 320 1324 121 796 1212 476 1400 265 886 421 476 1152 728 326 399 1085 741 791 1400 639 504 686 1163 264 487 177 173 1333 476 569 36 1415 861 1425 919 1130 701 19 1272 213 180 939 212 1285 1159 1231 1281 128 1070 1140 155 573 639 751 1414 1068 166 1236 648 1154 405 751 321 531 1294 1314 183 1163 1100 886 1236 683 43 1212 1388 476 1212 944 886 684 476 1118 535 1049 699 582 410 508 1143 886 1014 1396 276 639 946 194 311 994 469 989 1044 1294 538 869 1423 1118 886 476 581 1316 821 886 828 10 684 809 581 319 1189 832 1071 1192 1021 772 229 282 1129 1380 476 1066 570 1188 1126 378 569 487 879 1206 555 1190 1405 1212 781 777 684 225 1167 498 82 243 1188 777 1026 3 814 1048 771 476 350 1314 1294 581 6 991 487 1071 1400 820 1405 305 358 1079 66 23 989 869 832 10 522 1024 1188 15 569 597 656 886 487 778 219 10 173 194 886 225 293 1118 987 346 797 621 1109 886 1217 49 886 487 476 569 506 522 288 831 569 1314 5 77 522 970 1095 316 522 886 1412 225 569 639 165 1309 1411 1373 1106 581 1212 87 1134 1192 1192 979 1143 737 639 989 1024 1314 1304 1257 23 600 487 609 994 1031 792 1082 107 886 581 1024 994 1194 1024 1266 1252 476 75 1189 476 839 1212 915 1212 596 783 886 271 1115 1400 218 1191 892 1220 1067 639 316 373 1166 1020 1222 180 879 428 845 1243 508 1059 1328 636 328 665 1373 64 115 239 886 771 1400 451 479 861 10 229 886 1414 725 282 1133 14 743 1279 111 523 1285 1005 1408 1023 476 886 839 1023 306 1329 1170 639 1368 1400 886 847 1294 370 1100 870 318 1350 736 281 1014 522 1150 942 1399 886 502 1023 1181 428 1100 731 886 769 984 284 822 476 1192 158 1410 781 1260 476 738 731 476 487 244 476 861 1260 886 1037 511 438 1400 65 1192 508 228 1309 1360 981 202 665 487 1036 1250 36 586 731 1024 409 1281 476 886 347 1049 1212 438 1101 793 639 639 476 1049 641 561 913 319 1118 1028 157 548 581 508 581 1071

proba init 0.1 proba clean 0.2
242 1136 1174 752 293 484 913 513 51 714 976 1284 61 133 1093 966 821 865 125 1069 454 931 157 615 293 1309 1317 1354 931 1423 861 323 249 714 133 1210 742 583 991 192 51 1146 216 216 824 1429 1257 1161 359 523 821 714 344 801 902 1401 55 1266 753 1265 861 249 978 1317 570 1314 927 250 583 70 61 821 5 1361 523 732 263 631 735 484 237 1118 931 1085 159 136 1134 632 137 1002 1278 486 322 1284 682 1354 432 754 1352 61 927 680 142 389 1312 946 1317 884 821 1012 877 1146 1286 625 105 125 913 125 1366 207 861 523 285 249 891 69 308 1096 182 461 849 1133 1027 1286 874 1002 1104 826 452 1250 455 323 130 503 752 1284 1354 129 328 1118 1036 424 225 861 249 61 686 1203 644 583 1402 860 1354 51 694 440 216 988 1397 293 898 207 61 323 732 523 1285 21 913 733 572 754 486 340 323 445 300 821 306 435 241 216 583 72 521 1128 638 1006 131 931 902 913 1341 504 80 216 679 821 927 276 1354 927 444 249 748 280 898 322 1392 464 690 931 630 61 1328 216 503 237 1207 927 601 821 1265 265 691 420 744 902 744 787 50 941 348 323 778 266 69 125 1180 1133 969 1429 300 82 158 821 1354 235 323 1132 728 102 1336 536 440 522 874 1337 650 861 125 434 1118 586 1146 237 978 1021 583 673 1061 861 74 224 216 1425 504 440 931 801 293 1162 249 861 931 931 908 1134 650 678 1134 94 455 204 49 506 714 123 452 225 1321 122 931 861 260 902 58 1112 1060 1172 1299 125 902 414 780 166 302 1211 251 61 851 583 1429 19 931 575 235 954 1286 216 1269 1082 356 861 61 265 1257 216 821 125 1392 306 254 340 1286 130 821 817 1303 1331 237 583 265 70 1265 148 1354 368 220 1080 1212 736 57 225 219 219 322 559 328 1151 735 675 237 216 61 219 379 216 260 1234 265 583 645 441 1310 946 1295 130 1032 1180 1380 1402 799 1356 838 55 1221 55 43 583 538 1428 618 323 265 238 695 499 583 861 340 1429 393 715 285 1085 583 235 125 323 461 73 440 125 1073 440 749 457 944 440 125 1133 963 367 216 236 130 216 861 338 1257 402 951 249 861 32 432 125 787 240 216 1424 93 216 611 219 182 699 978 323 137 259 931 293 1200 5 282 821 931 367 1103 1096 931 323 504 1274 323 1286 265 61 321 61 81 55 1411 822 1336 276 440 260 937 927 219 130 583 735 1118 1215 227 293 55 182 265 523 884 285 237 202 910 1135 182 1307 1234 235 688 1134 1293 322 454 839 474 1010 150 861 1200 61 583 773 697 1162 659 656 309 523 583 1267 136 323 198 944 848 441 726 349 219 51 500 1355 130 226 238 649 913 285 331 981 627 1280 487 502 8 201 763 484 113 125 41 622 1227 570 1269 410 225 219 216 740 562 363 323 421 1286 347 732 1235 34 861 61 1368 523 722 222 285 1148 146 749 1354 1133 694 216 403 523 323 1145 572 352 440 1175 216 1316 322 400 1247 323 741 1101 133 523 430 464 464 1134 323 1286 503 293 1096 1291 1317 461 125 1305 130 896 948 167 61 781 874 572 1096 157 39 843 622 130 323 216 391 931 1276 3 996 214 182 1134 207 237 931 1423 216 397 216 1166 1108 484 1320 55 352 1180 931 1118 1052 125 861 125 1054 821 504 1352 679 570 658 1354 1181 51 61 1424 626 216 521 440 1030 504 633 1011 1265 931 1265 1006 745 166 898 1052 1351 995 130 125 1015 523 456 237 913 523 572 130 504 583 571 816 463 849 58 1354 1133 570 219 924 570 249 1165 237 61 1327 790 16 995 1162 1148 888 315 771 931 1420 870 927 700 207 263 1339 503 1408 144 503 931 1010 715 169 176 821 764 1215 1181 821 380 506 882 1392 1316 831 1134 207 889 1317 1142 434 902 216 419 51 931 931 294 832 427 572 815 372 245 1197 895 876 1132 1284 1409 1386 499 1314 927 216 1301 123 340 486 225 963 583 760 144 1257 34 649 49 701 861 931 1164 861 57 934 1023 927 1162 913 1331 1118 1011 924 1420 1011 822 933 129 1240 63 323 936 428 247 887 323 130 571 1423 284 1209 323 61 604 323 43 323 629 902 1317 393 1408 861 1309 720 100 1070 292 1286 631 260 323 572 28 1233 148 323 931 61 356 130 395 61 300 931 125 860 237 854 1175 1319 216 331 130 727 821 1033 281 773 946 931 157 1234 873 130 837 639 365 621 429 1198 1337 1284 61 372 931 984 1162 37 1134 163 755 1344 503 861 1412 523 1007 133 861 219 154 133 1277 861 1030 1250 570 207 490 665 765 622 598 300 458 130 1293 182 216 190 235 1378 999 1246 285 1086 307 890 1227 895 931 844 886 1133 644 1429 293 1184 129 823 225 726 1354 512 1134 61 285 874 616 709 1370 186 1222 345 821 838 495 915 138 1351 423 1072 1095 1012 1349 937 671 972 293 1287 861 931 387 523 716 562 722 1133 1233 323 722 931 1338 861 725 1061 21 21 219 861 130 264 15 737 440 153 523 1286 101 898 1168 521 1409 821 1370 1409 837 735 626 995 1331 1060 763 1023 1387 370 175 61 134 181 5 1247 600 323 956 300 1096 61 903 962 61 323 120 100 968 484 583 1118 416 61 323 104 779 808 1423 821 1382 216 52 323 874 1284 320 570 694 674 202 824 1249 440 656 1085 821 125 216 235 1420 245 147 1227 406 821 1190 694 51 873 476 323 931 503 138 157 235 785 440 874 583 927 773 870 323 1263 821 323 53 133 81 1429 876 1033 701 440 133 238 523 828 260 234 1257 879 927 726 841 898 276 874 37 1015 461 1025 440 133 437 1228 51 283 809 744 523 1354 931 484 927 549 139 853 907 1133 704 726 207 469 1317 1228 1046 340 51 323 15 902 449 964 1136 192 934 216 817 1397 813 386 435 202 1420 323 369 864 1354 263 159 216 898 265 821 125 645 931 260 1152 187 1316 182 1286 1255 1341 861 138 49 182 764 680 1247 182 572 1038 905 923 130 821 187 873 441 449 927 216 182 48 1175 572 864 454 263 24 1228 42 77 747 125 390 1352 1071 238 1257 572 774 1126 821 323 927 927 837 318 927 1180 931 285 440 125 931 749 293 1162 216 667 895 323 504 547 1133 50 1226 715 313 583 130 471 369 875 322 420 927 927 500 735 1352 821 216 69 579 451 266 1146 670 516 1060 323 744 1133 154 234 774 185 859 323 300 903 292 219 223 572 1203 51 861 326 482 931 622 821 323 1314 622 964 326 380 130 242 1133 570 1317 484 223 61 211 1084 1172 116 1013 1134 409 98 898 705 1114 996 523 52 1033 1305 867 1223 61 1396 1291 369 323 572 1124 654 823 523 567 118 381 931 1286 349 1127 1201 927 323 1273 739 927 1133 93 322 821 931 881 237 902 929 1298 58 118 1169 572 583 1274 585 1262 61 210 216 503 238 216 927 1022 152 130 130 83 1291 160 1386 123 583 768 454 931 868 927 523 927 1024
1192 574 1068 164 920 1413 716 714 44 716 728 559 1062 1391 56 782 403 1190 614 1329 1094 1407 690 458 1076 1049 152 284 137 1135 1191 250 342 1374 1117 1267 395 141 1255 681 1191 1290 450 63 642 14 342 1129 1007 956 290 305 276 719 220 1146 668 738 382 165 199 1006 290 962 1243 334 731 1166 141 181 829 1183 149 615 582 947 1191 1339 401 180 1342 989 1062 714 175 765 422 729 817 1192 1221 1026 250 559 93 210 242 233 738 968 14 861 695 1157 1220 747 462 576 222 309 638 1275 149 1014 1029 642 624 1285 160 66 22 456 159 309 758 60 542 1127 1009 655 1265 1170 1125 149 1205 1067 1016 558 301 679 222 242 642 944 1238 259 379 342 711 989 616 469 642 973 456 658 792 1305 832 141 309 969 947 92 1418 1326 1379 906 1062 1384 1115 66 141 242 1062 646 422 1137 1374 701 1062 241 456 614 624 173 574 289 692 422 1362 450 141 501 1313 616 14 31 406 414 1246 1403 14 317 115 450 798 16 1052 1418 1150 141 1121 319 631 1231 640 250 261 190 1210 276 1021 1165 250 602 944 1221 714 1328 242 290 296 620 114 761 738 535 738 497 101 403 1116 242 714 921 636 1016 1262 1170 1026 14 574 882 242 483 88 714 242 758 596 566 1006 793 46 1112 1424 725 259 290 823 1360 989 631 276 394 149 334 1235 950 681 22 349 149 989 1221 729 22 1100 252 635 1034 793 558 192 276 1422 422 1130 544 422 1211 258 1079 913 616 55 628 359 642 879 642 306 973 76 1401 419 1079 691 250 808 1119 738 661 738 902 495 702 1192 523 776 422 1081 558 251 849 133 1386 149 7 543 1386 780 483 1211 965 297 450 1059 632 422 432 309 1246 309 642 243 973 77 152 758 422 965 431 962 242 1210 294 558 651 960 320 422 1384 1211 1211 250 1211 1059 240 242 845 799 53 1176 1211 1391 773 309 1034 43 17 1407 668 902 1246 1078 1030 1062 1369 1158 735 441 121 1062 72 405 72 504 422 1329 1409 1307 242 1329 714 1213 242 141 89 614 716 903 871 181 1017 17 714 1060 242 1137 813 21 559 988 898 290 508 119 290 145 420 242 144 450 437 219 450 1025 1362 524 844 813 242 973 1265 1064 1427 450 495 450 983 501 450 1258 1211 199 1319 309 771 1103 1253 276 734 422 309 897 242 908 422 294 254 198 44 1222 290 242 149 714 1167 247 422 738 72 1385 650 294 824 985 309 980 501 1211 545 422 981 989 337 939 266 72 199 257 1234 1023 802 1078 731 318 558 1243 205 1246 714 406 422 924 250 919 381 1192 313 582 973 14 422 136 79 222 1034 738 242 1363 456 422 724 616 242 309 852 1234 1385 1246 346 1211 1327 450 1106 1222 23 1279 616 1377 141 1210 406 72 302 793 23 1079 813 291 111 432 167 616 1382 1041 1062 738 793 342 1211 450 382 1000 681 242 1018 309 458 359 866 290 973 37 250 242 1270 1254 738 793 29 183 915 1170 481 450 64 1416 242 109 450 559 290 688 450 300 250 309 1279 242 446 309 439 1246 616 218 242 422 1421 309 944 885 79 181 152 947 1418 1260 642 376 716 53 141 216 450 668 1072 1217 259 1148 760 456 242 450 1062 276 406 1404 1136 1078 199 422 66 1086 290 1414 1135 1135 450 854 969 503 738 72 813 73 852 989 657 828 973 184 1397 387 522 479 159 779 1083 1282 1078 901 1394 1287 616 450 668 110 609 216 1052 813 520 401 852 223 866 665 924 911 1268 597 387 848 22 1145 929 931 1374 416 947 642 522 141 222 14 300 229 759 689 1170 1329 1211 862 757 1245 511 275 141 331 1027 1007 1313 1034 1309 239 250 759 1138 558 352 379 129 66 1191 1211 944 793 14 944 931 738 7 738 196 731 793 951 510 222 1062 1411 1268 1078 1095 594 422 66 759 152 885 187 346 450 931 107 959 1309 1105 1246 250 450 43 1194 590 7 448 1171 417 559 458 1032 320 1002 1052 450 780 1307 738 1062 1333 242 422 163 496 7 254 497 294 793 22 1180 750 973 1080 346 746 1052 1034 993 1374 989 790 395 558 823 629 1311 512 758 674 242 859 699 967 885 242 764 964 343 739 1358 242 17 1191 277 1131 242 714 1169 152 714 1238 973 450 744 931 378 1240 149 1324 309 242 852 595 250 672 242 1140 17 154 1 1341 422 574 612 1062 1172 1037 595 688 1127 793 504 286 697 884 559 860 282 63 852 831 546 759 123 563 236 1386 670 1062 416 276 559 422 242 778 1374 1034 747 422 856 1189 1318 944 973 515 416 713 1275 290 1211 1355 989 257 973 100 911 1299 66 903 178 1079 1417 506 574 767 1 720 67 450 1208 820 611 570 1298 448 1187 570 294 558 250 326 242 956 309 634 14 343 599 880 22 642 1107 931 134 422 141 563 450 86 181 737 199 548 931 668 39 8 432 1405 999 437 1026 638 340 1153 79 59 681 1062 242 973 535 825 242 1149 564 1297 973 1150 242 328 276 290 138 1042 1191 1137 1137 1211 973 1236 568 720 248 1043 309 695 318 925 563 616 621 371 714 465 738 655 1048 1197 793 738 886 654 1239 1143 160 376 17 662 832 149 1320 899 242 1350 574 498 149 494 821 693 242 1343 987 1026 746 159 989 929 141 242 276 91 1145 133 631 1415 450 104 242 1189 46 790 1219 1282 1129 852 1317 1062 452 242 1115 183 672 450 714 558 1327 1052 1062 572 1015 763 867 386 419 635 242 1332 1052 320 1233 1222 738 852 368 422 1052 227 561 242 642 731 289 159 611 259 14 456 563 522 786 730 564 354 616 309 1370 159 1290 1079 1109 450 681 642 450 294 181 1191 1316 931 249 866 1309 1162 1191 383 738 1099 80 188 1299 1052 1254 387 309 642 655 346 1109 66 738 806 164 164 614 69 242 510 1216 406 1304 250 616 1370 450 584 2 613 844 1102 503 558 242 416 932 282 1191 175 1062 917 599 242 290 547 242 309 1162 616 759 629 149 1107 616 1340 591 613 199 947 1246 690 199 242 360 294 616 642 250 1416 650 1192 758 1052 133 765 1376 688 756 1376 1303 1191 1009 409 406 456 738 704 164 236 309 1173 72 886 580 1062 738 242 1052 250 1181 1191 1052 813 1056 738 689 863 276 747 1026 1034 450 1198 164 242 522 89 1170 676 416 7 1161 141 1246 859 179 290 250 1143 260 967 1182 275 100 1027 999 801 1400 1149 558 1192 830 1271 188 456 738 1337 1079 973 1019 9 309 242 574 1068 1374 1211 587 479 720 290 22 486 1397 852 187 332 242 747 271 72 738 668 642 1224 726 242 152 1364 1424 1263 188 300 600 1020 896 681 743 524 1108 1233 242 1120 456 487 165 702 299 242 422 250 134 1314 242 694 641 839 48 793 1034 175 752 963 149 600 1131 456 1052 242 1378 607 516 973 66 1420 668 754 317 1052 982 675 282 309 1121 1179 416 141 355 247 880 17 242 999 59 1424 450 1052 123 1048 456 1222 563 181 515 838 1191 141 164 1386 852 1380 14 242 1052 642
1051 714 1334 1369 97 1205 1247 1383 481 207 742 479 687 1046 738 961 738 1286 1187 771 1035 1377 1163 398 725 1165 1377 522 839 527 1286 307 901 1426 849 143 20 55 361 1389 569 1058 753 758 810 593 1153 520 1054 215 665 463 1111 1270 1189 470 307 657 486 1237 558 901 588 454 307 1365 206 550 291 1344 933 1350 1370 738 1153 1110 857 521 1089 520 31 511 753 1102 179 674 932 115 1058 1051 137 193 924 479 532 522 307 1371 260 291 753 565 532 738 741 934 192 478 665 394 483 821 237 502 1379 333 424 1028 27 546 191 901 1047 901 1045 58 203 1399 1152 1058 710 196 1063 1370 1286 1058 1017 33 291 387 665 969 36 376 1036 1154 179 901 738 1146 711 912 1058 191 665 254 1250 39 108 55 870 289 522 1223 1320 780 1049 665 731 307 15 546 922 210 570 1048 375 174 1011 1286 738 552 738 450 1286 245 685 264 769 932 77 758 677 833 902 529 1012 1174 1146 1067 1072 1247 753 1258 634 758 665 628 1146 371 522 55 1359 901 420 738 1035 77 1232 738 641 289 999 687 1146 646 376 793 306 1146 1035 588 364 545 686 1249 1047 55 1047 587 1146 1284 1154 307 1202 665 976 1348 520 519 482 250 1390 974 779 104 179 430 307 1130 1058 1189 1286 30 514 1178 772 767 35 237 676 1363 399 1154 1058 168 237 276 1045 753 1371 245 623 1370 793 481 896 1122 1377 1078 245 27 30 1146 66 1377 1181 932 1058 634 932 365 1130 735 1249 115 291 395 1230 225 36 1046 1377 191 919 921 1334 1411 1058 665 1257 147 759 320 144 881 914 946 1051 687 700 55 686 210 742 325 448 157 1370 758 818 753 1058 1130 687 319 829 758 738 1028 703 842 597 665 1370 665 289 660 291 1407 1130 291 781 961 796 307 1063 173 1324 293 1171 1006 719 492 1045 1045 924 901 103 373 307 851 415 758 712 1045 1042 758 577 12 45 932 706 547 976 545 387 356 77 96 648 1377 132 758 753 895 915 738 1094 55 771 415 1049 307 1069 1377 1235 753 55 1003 450 1045 931 801 1035 1131 1241 1042 1028 307 758 1187 436 409 757 1143 1005 1063 319 1296 191 742 307 1002 1049 954 753 758 780 877 901 1195 532 307 1146 77 595 1162 758 634 758 814 931 758 822 1045 174 1201 258 665 251 1025 399 1049 1074 1370 753 307 232 932 1425 25 642 901 288 479 307 237 38 665 527 687 463 527 780 634 1425 724 193 806 359 1222 1045 1073 1035 1247 65 624 461 214 504 133 196 341 931 34 106 738 1199 216 696 288 1072 1275 753 932 540 924 241 373 1051 686 1414 191 272 932 141 276 504 86 983 828 412 665 1058 368 179 307 1205 127 1272 931 1296 800 1045 585 758 1130 1162 532 1377 120 1247 1286 159 1130 1126 1391 30 938 1411 1217 753 1010 1094 745 295 1072 1308 1063 1244 30 225 1045 713 1296 354 577 307 298 1370 1190 345 288 237 191 687 924 738 742 804 1047 30 1291 660 569 1118 729 758 865 307 307 1215 753 30 479 372 758 830 924 1381 124 307 191 753 1085 1072 824 974 307 932 307 1370 376 352 901 1344 1377 622 1110 1058 800 1241 161 522 1241 1189 1341 923 414 660 1154 424 203 665 307 758 1383 742 1146 1199 187 708 1073 932 546 987 588 367 765 1316 758 634 990 687 678 738 1216 769 157 635 1308 289 191 703 1228 307 410 535 35 94 1296 522 708 175 397 537 671 758 792 1296 1412 1063 1146 256 963 665 80 945 1123 1058 1035 765 381 1058 356 1187 1124 738 698 1107 1011 1171 24 307 490 55 1063 753 1138 1072 130 522 1106 738 1045 779 1286 901 1425 901 375 499 665 497 1050 757 1063 1175 924 888 1299 424 206 1146 110 546 857 864 376 30 36 376 1377 144 797 652 649 738 30 528 1058 665 956 176 900 708 531 1063 932 546 888 1377 1189 637 943 753 1377 251 645 1377 1146 178 924 577 783 814 1334 753 1212 364 485 1004 660 1412 733 281 1146 758 1154 258 1047 544 1058 549 291 811 1247 448 27 127 1425 30 191 1377 1058 191 1257 1353 1135 1146 1336 1247 1302 1428 679 779 1376 689 1063 665 326 1045 364 307 1058 525 495 1344 307 1283 63 148 1243 337 307 687 4 307 405 1261 752 921 598 1134 198 191 286 1178 1377 478 486 1370 739 396 307 1002 532 924 1189 307 1377 687 1189 864 1276 932 745 901 1003 1413 146 660 615 307 753 1094 665 1058 289 1261 307 635 1170 228 577 12 888 356 1252 559 1011 1116 467 665 375 708 291 307 1377 516 82 934 932 278 1050 786 376 191 901 1171 927 234 760 1045 1360 522 643 191 97 387 665 546 1067 222 1411 325 1053 280 716 665 870 882 1049 933 510 26 42 1035 921 39 1058 1425 450 924 307 307 1089 410 1371 753 1308 237 127 1311 1058 1377 522 1026 932 687 1033 951 569 1344 1045 1419 931 1377 738 34 1130 1063 832 758 678 556 612 1059 86 1412 1005 1371 738 300 191 1045 237 307 1058 279 742 191 597 307 742 1377 588 206 1268 1286 55 474 1045 191 665 436 237 1158 98 561 1170 1182 769 1035 665 1187 1421 1026 99 235 1020 71 939 30 1392 390 1058 250 65 532 577 687 267 1130 194 971 273 307 1286 1284 287 237 1171 1035 375 307 738 1257 926 1163 334 641 971 687 307 1394 703 986 758 171 416 758 179 307 1350 1058 1244 1258 946 931 1427 931 753 452 307 38 1344 1028 356 1277 387 1078 421 999 1404 352 738 97 166 871 976 307 934 1146 55 1068 307 439 1296 987 55 1146 1134 1189 307 1058 247 39 669 1170 865 803 289 1337 1063 1123 846 707 1170 1402 71 405 441 314 794 260 450 1035 1058 591 1425 1344 1286 1072 1377 369 1058 634 786 452 75 777 738 522 1377 206 1146 166 886 1289 1237 742 485 260 546 951 1118 237 1369 450 81 307 984 1320 753 206 639 156 948 758 307 582 1240 749 980 1180 94 307 1425 781 522 857 179 1003 1035 737 307 588 1019 307 827 1286 573 888 165 1370 317 1131 437 857 1123 1013 1072 289 459 1414 307 1371 1425 1139 356 665 1021 1083 1051 1130 1146 1049 459 873 1187 422 471 526 857 1367 1371 753 544 1359 362 1369 360 1042 1377 421 474 135 343 1058 307 1146 1146 220 911 753 1088 322 1286 317 1189 451 934 1049 740 758 1011 1377 307 2 925 1198 846 1171 528 780 291 665 508 555 479 924 116 794 1146 1106 1070 1310 738 758 880 1113 861 77 1051 760 634 237 307 1047 780 1411 338 66 263 413 307 180 1334 1341 1045 1122 678 780 588 191 97 1358 857 1303 738 307 1045 575 133 968 426 665 1389 753 307 1377 1083 1267 687 804 179 1429 1277 1067 1035 245 225 1035 1235 307 1117 366 218 641 4 757 307 687 1125 396 1026 450 821 438 665 460 30 1371 236 277 559 1370 532 660 453 794 307 267 660 1113 191 930 924 738 725 477 55 921 1182 71 827 944 1377 1035 291 120 753 1058 852 307 758 931 1377 758 1113 569 1326 356 356 546 1344 1257 638 1286 291 1328 23 951 813 753 738 1146 1421
788 661 265 296 574 1362 136 1299 266 713 1122 93 200 1358 682 11 682 1012 1340 327 515 444 33 386 574 1042 498 526 975 1051 912 380 594 998 19 205 497 540 477 136 136 69 136 683 1139 352 701 908 619 296 93 427 768 803 633 374 682 255 916 156 912 21 421 904 169 222 912 711 540 1132 590 322 711 321 136 41 1271 1430 1195 908 860 497 919 181 481 705 874 217 833 788 750 246 708 109 1393 526 964 1154 196 540 1405 1302 246 378 1164 753 892 1427 209 367 448 548 711 1334 169 828 1030 5 938 652 912 863 1224 887 751 1353 496 1221 872 733 803 863 739 711 904 784 739 187 788 723 69 1328 1368 662 296 212 481 96 426 497 656 219 329 912 1368 786 1243 964 1108 734 1342 853 526 540 823 374 887 913 421 542 1310 652 1081 970 1355 574 363 296 299 1320 904 613 682 1372 54 677 359 785 904 874 1320 543 540 414 907 656 676 940 441 593 135 156 1337 135 643 543 667 61 653 148 526 1105 932 384 843 682 628 246 156 594 657 964 1295 200 441 1049 1383 1275 316 721 711 1395 199 715 8 831 899 465 899 491 710 720 154 711 246 1418 221 1409 1428 863 45 352 495 1124 948 964 526 1299 245 751 678 384 803 188 550 667 904 671 258 912 964 1272 863 176 825 860 711 222 206 864 1154 912 797 711 1049 1382 739 374 444 961 677 68 1320 912 496 444 125 874 1172 643 874 815 751 1121 1371 656 540 928 633 69 1413 1016 444 912 1174 789 265 336 660 380 961 106 789 169 1186 360 892 171 823 597 880 540 1010 904 1087 547 543 1302 711 655 82 1245 125 751 200 715 890 543 594 5 1223 135 1021 887 711 380 1040 618 1205 554 751 540 715 1382 658 720 733 421 298 585 696 1372 372 1121 983 63 1355 964 861 499 964 147 860 592 107 280 1227 1274 1375 260 715 540 1173 696 739 157 986 1368 630 1053 835 1005 374 596 1237 446 849 246 1374 540 1212 1051 665 245 715 980 783 532 540 912 849 1320 475 14 93 246 540 608 408 226 372 650 374 5 511 428 1038 739 658 374 1340 163 720 810 904 1184 206 904 912 1400 1369 127 1408 964 912 206 1246 5 843 643 543 1250 587 904 912 574 1359 88 936 964 1207 3 673 246 136 711 1245 964 13 1110 659 964 954 1315 1358 182 964 711 715 1395 1271 432 435 423 621 643 609 1299 374 1117 705 277 985 380 93 156 497 246 236 574 1307 20 715 550 982 1338 1358 682 317 1041 1324 1358 887 60 1245 874 159 155 1398 1416 1115 556 610 496 1056 874 845 163 641 921 899 865 293 82 540 1412 656 720 299 800 516 491 887 829 1366 1309 29 639 380 780 444 656 156 803 457 751 1426 595 1251 803 1121 105 784 845 667 5 656 1283 490 887 100 246 1395 1295 543 711 684 415 964 93 711 176 841 1358 711 496 200 348 682 76 750 1224 144 205 1038 61 863 208 543 444 986 964 422 682 1195 223 832 543 301 1383 410 290 720 496 1205 261 682 656 300 964 874 964 677 824 542 688 1191 306 953 637 841 380 547 641 1344 540 633 904 986 1129 48 380 1014 1283 1368 964 904 1425 93 441 552 1002 579 677 874 652 860 136 433 1049 1051 904 643 1191 677 802 682 159 1409 1299 497 574 964 912 246 874 780 739 1059 1227 986 193 220 1409 939 60 525 1417 904 12 711 725 739 860 452 1283 1368 423 5 552 1237 1353 93 1126 749 380 214 569 682 374 1214 641 1318 93 1368 739 822 1409 1245 301 422 1193 526 863 796 1422 1204 986 419 427 349 540 764 450 848 198 379 93 693 249 711 1237 258 1427 441 739 652 1271 1215 209 246 506 1075 711 1395 435 247 1023 682 1065 491 156 912 893 562 119 954 245 246 874 652 711 444 633 1110 702 904 135 512 150 444 1328 136 388 904 321 497 265 683 951 1320 664 93 136 831 1427 1071 441 543 663 1121 465 684 902 879 540 677 1092 421 1295 480 1371 1077 912 444 416 496 716 29 432 909 138 1419 299 497 31 327 187 562 246 82 358 751 216 720 549 1130 1232 525 720 380 458 712 1025 758 964 200 206 904 1306 771 1169 503 756 863 1271 496 758 667 135 912 374 711 421 1423 245 140 496 101 760 964 444 200 633 380 296 874 200 136 643 576 860 1038 334 803 684 510 380 1102 795 1130 1368 163 559 1245 1126 236 711 380 93 87 131 980 421 351 593 552 432 873 444 1013 634 711 874 684 274 982 3 496 964 1318 446 169 912 751 874 497 1035 496 87 522 1018 652 14 710 1121 1283 30 71 550 380 912 1295 543 552 432 125 690 1387 93 1409 329 168 380 951 444 964 206 863 1395 1245 542 711 1336 156 329 1400 526 611 874 894 93 904 156 595 643 785 468 1425 899 331 751 135 999 155 1244 1352 802 1320 156 1263 219 1154 904 986 496 1128 711 757 1403 1049 258 863 381 552 76 93 178 912 399 803 431 296 478 496 682 1354 883 179 707 1236 1395 772 744 93 899 136 1137 498 693 304 758 400 504 246 617 783 681 1372 888 394 986 200 1165 751 711 396 711 964 131 1191 246 711 1318 1376 424 964 684 961 858 677 1205 497 320 200 411 881 542 1409 543 986 136 1297 481 964 904 136 633 964 987 1135 964 1302 682 374 720 246 1154 123 904 523 132 758 543 399 1338 269 807 692 653 711 432 720 246 374 1382 1160 246 1413 711 904 540 146 163 633 245 214 912 964 953 1395 786 641 863 93 739 766 551 444 1395 1000 1338 545 640 594 469 952 246 345 56 548 1257 701 803 1210 206 261 1395 643 257 397 1181 602 93 526 444 677 76 750 91 397 13 386 334 683 652 1224 1132 914 233 948 450 245 1075 677 12 912 1318 656 1390 904 114 407 1276 711 625 1227 1152 93 1318 613 633 1271 481 904 453 1049 1245 121 914 964 608 803 656 711 1140 711 811 656 156 495 1371 325 422 887 121 677 964 1154 22 656 1368 1051 922 711 788 751 447 543 781 665 1088 1261 665 374 1271 913 1154 1245 1067 403 899 881 210 656 1402 498 1410 177 933 1409 245 466 441 212 297 1429 140 458 93 357 633 555 788 226 620 904 602 951 720 644 655 863 1145 239 69 1172 540 1368 1086 1011 1191 533 762 422 441 716 156 816 594 377 716 716 1059 962 788 259 643 711 1279 899 863 1121 1201 301 266 758 1368 860 265 299 31 751 1330 807 1033 912 1190 476 964 1283 136 964 313 1108 868 281 87 380 450 374 1318 750 677 13 200 552 481 625 871 535 874 677 1291 1293 131 93 1002 1283 1422 974 171 1320 1197 690 1020 9 1322 93 1410 886 437 574 374 1154 693 1320 964 711 349 964 642 830 720 448 1038 427 863 188 408 136 667 354 860 74 394 347 711 231 576 265 25 1320 171 69 387 136 376 565 444 613 441 1084 209 1368 82 93 729 81 18 136 540 633 962 964 1050 1245 682 314 251
606 998 709 1086 368 999 1260 1090 630 1095 58 637 621 89 312 84 706 700 706 289 358 1124 1134 69 742 1032 684 1349 1261 1236 315 191 612 449 1202 1351 975 247 671 302 315 1206 289 183 548 1384 1231 70 1384 377 123 779 1329 1091 572 250 1017 152 328 476 706 123 185 962 191 1363 913 1367 247 125 621 52 757 776 186 918 315 1150 999 1116 579 1260 706 1122 1394 1254 692 1414 1138 987 148 438 597 94 1197 938 191 1236 745 247 706 590 1276 751 528 563 420 241 123 1018 1236 42 951 908 575 1173 1141 621 157 1020 315 123 745 1018 6 1009 111 562 694 1128 1406 1130 869 140 123 22 751 5 7 852 160 954 1236 1229 803 722 1133 318 123 1260 1099 951 1128 557 52 1111 1128 367 1294 238 1018 1213 1240 630 189 1187 1392 1054 185 1112 730 791 247 172 762 56 1219 1024 934 315 706 133 1236 432 401 999 1074 385 683 1265 392 1392 1159 760 73 1099 1384 392 722 599 1276 1232 722 798 1013 725 1236 417 707 1264 683 573 479 123 1342 130 1097 292 1035 1084 230 271 949 621 1236 455 827 1304 470 823 191 123 305 495 598 1134 745 183 745 252 735 1282 22 191 1280 123 250 213 167 1130 438 1384 1020 315 736 1236 149 949 1321 1430 137 584 1187 740 419 919 647 500 1405 951 1373 730 512 940 450 579 1393 499 1141 706 297 302 1290 1246 834 879 942 195 1124 597 1379 706 706 1187 936 960 1089 473 1128 17 247 1305 1366 799 484 1099 247 1303 49 1128 604 1154 1124 557 1018 1197 1239 628 137 695 597 1276 745 952 745 1407 770 1119 987 466 1245 247 1156 288 648 1078 226 310 770 1392 1083 722 1006 732 724 678 544 1392 1236 35 161 1276 1018 706 1018 695 1373 858 1128 684 530 247 678 607 1150 191 1343 1124 1071 628 1351 1012 147 770 1082 1305 796 185 6 628 191 328 579 725 666 1305 766 1392 1018 706 307 247 438 54 1326 1353 498 695 1216 167 301 706 581 532 706 474 137 869 257 247 289 730 334 1321 24 1124 1185 722 247 1152 1321 123 486 1187 439 713 621 876 824 1082 594 816 830 1373 1373 770 554 706 712 770 590 1130 1321 137 1392 354 292 1392 315 1018 333 490 706 191 557 94 1116 1373 976 841 725 1276 1245 620 928 880 1049 1012 1136 1018 119 846 1272 1392 192 770 722 1373 37 1229 886 97 813 493 1327 362 386 951 678 621 800 1167 745 246 1187 276 533 161 1000 1018 1254 131 1305 695 191 630 1260 1276 517 1188 1035 1301 50 184 1348 312 579 151 1276 315 80 706 154 499 722 247 1117 1352 459 908 164 528 445 557 1011 247 1041 798 203 1363 745 725 730 1236 247 1102 1099 191 1018 787 137 343 1108 234 1305 630 620 1052 695 1035 1124 1099 484 71 48 38 1044 1080 740 298 259 841 1360 357 1276 808 1099 803 145 123 1271 740 1206 1305 1392 241 706 131 612 1368 1429 592 478 1320 951 557 621 787 1236 173 686 745 740 123 554 730 1130 768 1392 401 52 191 197 1141 1141 554 1253 1392 1244 749 1018 266 191 728 1018 1185 1236 1099 1099 351 1391 618 770 717 1259 160 125 684 1126 1276 748 695 446 916 1418 247 572 192 302 361 58 722 93 1383 1236 1219 620 1430 123 722 119 1201 1324 1049 414 883 579 706 1150 387 1394 1392 123 1172 999 35 292 292 167 1336 1260 137 1373 557 880 301 191 191 55 1326 706 1105 1309 1417 1235 293 291 1099 725 1012 241 1086 1245 775 1222 767 1236 785 1272 955 137 880 1211 137 137 695 191 1114 123 770 579 934 983 379 191 1276 140 706 237 331 616 808 1060 1130 289 1305 650 622 123 284 931 247 434 494 1312 444 1363 1035 866 597 1104 1236 93 172 706 488 811 315 1305 1386 740 1305 1229 1035 745 1106 745 880 123 740 335 92 123 678 236 1337 1278 1321 785 247 1203 196 684 572 77 755 1276 1276 333 481 1124 722 706 1025 131 690 277 784 706 1149 739 379 443 1254 52 730 1366 707 284 286 248 745 1428 1128 784 247 63 902 438 13 277 484 706 557 1124 1128 557 1170 1314 1167 707 1363 1361 754 1260 1087 233 315 1085 967 1214 616 43 434 172 1128 254 573 125 191 695 1013 485 1311 137 434 621 292 191 646 541 477 1244 684 598 191 557 1188 996 1276 1035 1187 770 1069 1018 612 889 500 1257 1093 191 1124 1167 572 695 1202 247 18 85 1035 1306 579 1109 1075 191 706 1358 695 1206 134 191 191 1319 283 990 131 284 1048 695 783 1022 934 641 56 728 146 829 1167 191 1124 730 706 1260 247 1407 236 137 826 557 612 1142 1243 468 185 1305 632 1260 118 557 909 541 706 5 1064 825 775 483 47 62 184 695 770 1111 1392 196 621 666 1402 439 706 1276 1128 284 695 58 191 1335 1141 1130 1327 722 922 951 277 302 748 1035 1152 266 247 970 123 880 1373 125 1090 424 486 302 1418 13 1156 1280 563 620 1391 438 494 349 599 1086 1286 297 880 379 222 387 951 185 137 1204 501 1130 137 191 184 1124 365 928 999 315 140 140 1305 557 695 1128 434 808 241 1018 123 1373 1373 439 999 603 706 758 1012 1058 604 1049 449 740 745 1129 137 1361 968 874 131 621 691 915 851 1363 951 191 123 1313 267 951 1309 29 621 191 603 750 438 999 645 1260 446 615 191 1280 949 1276 1120 52 165 1392 90 191 880 1128 1057 1092 480 486 814 486 706 844 191 713 1373 1154 1249 268 386 530 197 886 751 318 999 950 198 1213 770 191 47 706 684 387 52 745 241 811 247 1350 1179 572 706 1154 123 1272 429 41 1131 1384 52 695 1276 855 805 1124 11 1099 1018 603 116 1338 706 1035 1234 439 1128 438 530 125 315 1297 1141 618 748 888 630 315 798 745 123 671 1124 999 707 748 1360 1018 1350 1130 566 1327 318 1389 375 1386 1364 1000 630 1321 241 999 1342 904 695 1099 492 620 191 1017 1093 735 332 1112 1156 191 1010 1310 986 315 1299 1276 647 811 191 52 99 191 1018 706 1099 1178 1212 770 840 1099 1035 977 484 1049 1412 1236 746 508 191 297 1096 1099 695 1236 1149 543 987 1412 707 1392 532 800 292 1276 226 1023 315 498 297 722 920 1013 79 1420 788 1018 1124 1035 690 737 655 745 191 707 490 651 315 706 167 271 1287 770 572 131 500 1392 1363 620 934 1292 191 1347 69 1130 895 254 1106 1187 1270 1236 1133 1000 718 597 1025 706 706 1170 630 205 766 620 1170 1170 1352 238 987 120 1002 951 191 745 1187 1031 413 1087 241 1092 191 918 1213 362 1305 933 167 322 52 557 244 814 1132 1364 706 191 1305 313 1035 745 585 695 825 1329 191 684 999 631 621 865 1413 221 753 107 1416 999 891 439 938 191 1416 52 495 1077 993 1054 189 247 994 854 1316 392 1288 537 1082 1021 706 1363 259 329 564 770 1264 705 1077 706 1321 999 822 607 557 1185 739 1236 850 992 579 116 796 917 1018 580 1206 140 350 900 722 1315 1321 1277 620 486 1124 1392 607 421 327 695 52 484 125 52 1098 394 247 347 269 653 1300 490 184 707 194

proba init 0.1 proba clean 0.25
845 1298 316 1150 365 557 1213 585 1010 385 199 917 874 886 489 254 442 692 357 490 658 370 166 707 801 912 1154 700 900 1145 577 73 693 1360 886 651 144 10 1133 673 1141 121 490 519 566 145 1365 561 1411 942 253 927 1334 973 927 538 357 800 616 951 373 1078 1 292 519 543 577 640 10 996 683 673 576 232 232 1221 1141 1235 59 561 1087 29 1320 725 297 668 1144 262 293 25 711 53 869 917 1316 245 1213 165 1277 10 1395 737 1316 141 106 770 1016 890 253 1228 548 308 576 1132 319 1096 282 645 620 775 577 708 439 1228 537 255 462 442 376 1033 251 348 714 576 614 557 1265 1419 1162 575 253 1182 73 876 262 80 1020 464 496 29 199 245 121 577 73 725 730 56 1252 48 1228 349 658 1010 526 577 519 253 1367 860 436 775 319 322 292 584 1415 262 939 1034 357 1198 708 561 172 756 70 322 1255 874 1402 519 10 546 1327 1428 1265 729 1395 302 490 951 862 1212 333 519 73 1010 629 1316 1345 526 1332 1050 431 511 662 869 951 52 312 296 708 874 1395 861 876 83 609 1048 1013 60 375 681 1186 538 1277 976 1277 435 1091 104 1154 322 1 73 511 1143 287 1421 721 301 1298 1363 322 715 577 239 1034 206 46 729 1225 997 1320 774 614 750 1345 1228 737 436 29 728 1212 1087 576 543 863 519 673 577 1198 576 797 207 714 340 370 64 1136 673 519 577 311 370 297 1144 606 333 1144 748 184 1025 952 475 10 497 48 121 273 6 370 577 1228 190 1059 1025 46 73 1132 1174 1277 319 1277 53 439 754 327 1133 667 10 458 611 676 557 262 228 576 561 786 862 764 34 1364 333 1352 519 687 765 667 1022 1228 253 576 73 519 735 553 1154 990 10 640 1080 211 322 975 95 1322 1416 296 4 48 439 401 1428 869 442 1122 1280 1430 507 1087 519 1240 749 299 519 43 673 189 10 45 687 1265 1166 86 73 686 287 519 123 561 519 686 1371 46 511 531 10 1154 436 1123 888 640 370 1248 862 10 577 1223 608 1005 577 439 844 10 53 396 322 519 611 340 737 1367 439 1010 357 805 340 726 521 322 46 561 1009 1216 519 577 882 474 218 340 1034 577 686 851 737 519 333 519 802 1005 519 61 614 577 781 147 253 346 292 567 561 1374 576 862 296 302 1144 244 442 302 1112 922 917 322 576 640 253 65 992 1277 687 525 333 244 232 340 1228 505 1408 239 1213 48 951 29 519 436 373 623 617 55 297 1005 439 1087 875 350 893 1265 1320 662 53 862 1144 71 869 819 1418 1143 605 865 577 986 1144 237 911 1213 673 1277 498 436 73 10 1177 1287 322 1228 498 46 1005 1213 1077 749 1010 519 121 101 59 370 792 951 439 913 983 593 663 863 854 1025 611 1097 1114 2 535 782 583 1148 997 1381 49 121 749 519 1240 1059 997 442 776 576 1024 722 1206 1228 577 1364 415 853 1173 1198 439 198 994 232 436 348 1257 519 370 322 322 687 519 863 747 743 519 826 869 1228 1298 322 577 727 886 440 1287 1287 1034 1144 322 439 876 836 657 996 1154 669 826 1380 613 136 44 1117 10 107 614 1213 442 166 80 773 583 73 322 519 1246 1173 1395 170 1223 1195 577 1144 775 1087 1213 1161 279 1145 357 333 636 684 1236 287 611 287 296 29 46 1213 577 614 520 747 714 254 486 490 1374 753 1195 182 1224 892 465 519 658 682 507 714 825 611 510 253 296 1420 183 46 976 508 46 46 73 707 16 629 439 1087 439 81 1052 73 714 48 357 1096 297 454 268 243 348 490 137 587 687 817 1370 1125 10 600 73 100 34 673 1400 612 1311 349 405 1402 1419 1395 714 775 1141 1004 876 1 648 876 370 1277 686 1277 614 73 373 1303 951 73 204 186 334 1195 322 576 1144 775 1227 370 1423 61 707 519 1418 693 302 370 80 1213 620 997 152 1395 585 287 297 983 1281 917 232 141 20 194 1395 357 287 392 1277 152 52 322 10 200 363 686 111 1124 952 217 577 370 221 577 1032 229 1005 773 673 1402 1032 29 760 587 791 455 225 253 764 843 1340 322 394 671 1069 996 322 649 24 1266 812 386 322 1364 131 322 995 322 99 721 1154 835 322 577 386 774 255 881 577 576 1367 43 1034 296 1316 1007 292 373 370 874 808 868 69 1144 1298 1321 519 1205 1087 232 479 1213 287 803 253 1411 291 322 73 62 386 296 166 1269 492 73 1197 887 789 868 357 253 244 1339 737 47 370 20 673 1246 1144 1274 456 46 876 577 433 893 917 886 442 658 23 80 80 577 13 575 253 775 1324 1163 1025 583 1040 1298 463 253 428 867 519 282 519 768 703 234 439 619 704 244 1148 869 232 689 863 348 1208 862 1027 211 1124 951 121 749 36 427 1144 874 439 614 951 996 658 950 1005 442 1034 1327 1081 373 224 519 812 1421 506 64 951 277 443 1160 519 1213 577 658 1057 1 46 1017 1173 348 46 322 837 370 789 577 1425 1141 951 439 749 577 73 1273 101 249 264 732 790 26 535 874 73 687 1237 456 813 422 386 948 371 373 1277 1339 46 442 952 45 997 874 1243 547 933 1237 1308 73 465 1298 333 576 1120 475 874 322 437 1132 141 147 178 29 593 874 322 848 911 589 519 687 1368 519 745 322 614 121 915 626 160 1005 296 1005 519 577 322 4 232 930 73 53 555 386 520 519 196 922 644 1189 1023 478 439 322 1339 690 48 166 73 1277 1158 614 10 785 288 687 48 6 687 1034 885 80 781 515 708 322 714 583 886 1379 744 465 1228 226 796 48 1395 682 561 48 1145 614 244 510 267 1129 863 886 121 146 1010 1141 863 1277 48 507 370 82 577 374 504 43 472 348 1357 682 775 1409 1214 1150 1150 158 1010 775 432 577 104 930 73 1287 1086 519 322 1228 632 153 100 1304 31 322 911 776 903 1141 1309 357 585 1081 686 1213 1393 322 43 48 1166 117 1113 576 48 1103 226 848 952 577 343 1213 33 577 322 1160 244 833 73 253 80 24 586 803 577 519 860 119 287 287 119 340 1141 708 1160 519 661 779 266 1150 1350 1228 31 746 315 165 775 1277 322 577 1395 952 1141 1395 611 932 439 439 143 567 810 519 673 561 489 1150 322 14 480 384 406 514 686 577 10 253 874 1141 373 869 562 1395 1395 1032 951 890 687 519 1032 1032 866 468 418 1101 333 509 1344 123 348 1025 1185 65 528 641 322 1298 1428 1207 710 852 287 867 1283 577 165 791 296 583 232 322 1351 583 95 1277 21 73 519 340 322 1154 1200 930 1364 987 297 330 1113 910 874 999 643 48 1333 322 755 583 684 608 1378 1217 322 874 73 92 528 664 287 493 253 528 686 673 978 872 1339 1228 717 232 73 1395 322 439 232 688 577 1031 869 687 1430 1007 577 975 259 1358 43 581 210 287 396 74 862 1220 725 232 519 1005 370 519 1395 1178 691 73 73 1197 308 1217 1408 203 10 1258 228 296 672 1395 44 884 197
373 1401 1384 647 1028 888 1015 1251 338 308 1411 683 1260 159 679 300 283 795 1270 287 1289 62 908 46 945 155 581 550 648 737 283 18 965 664 1051 713 926 986 1158 965 1300 1237 1262 1231 288 358 1085 774 1337 283 679 252 80 1409 1303 493 1262 663 1012 533 1140 1118 575 1047 1424 216 1268 601 320 1176 1374 353 95 965 679 225 1300 1163 486 889 739 1015 311 320 447 1229 752 1244 284 373 371 926 689 137 514 1028 1208 1118 647 1217 1268 1262 42 867 585 1260 1047 320 283 1055 632 689 95 1338 1270 542 294 542 281 884 162 18 612 1055 973 1411 996 772 739 800 814 69 858 95 283 877 714 487 774 92 799 576 18 227 647 1191 447 758 902 1015 315 505 1237 162 18 320 246 1338 341 1422 1055 598 1258 1399 1213 1159 228 283 844 911 320 884 1217 1262 475 850 1217 647 596 525 632 1300 679 22 1260 691 1379 311 267 1377 92 228 648 963 926 660 456 429 405 335 632 1197 358 926 802 1231 18 783 1268 1296 506 1268 360 993 121 1262 383 689 1015 1252 528 906 1118 16 18 505 1369 777 249 1268 850 18 1289 166 743 482 612 1333 612 712 537 419 1243 679 1143 1262 97 542 914 349 315 574 1353 870 98 679 447 732 1338 973 1220 1303 283 372 682 403 283 191 163 95 74 1176 1339 1408 714 739 1300 216 1270 1338 353 583 145 95 396 412 144 162 62 9 1296 353 692 162 162 283 459 1357 58 802 767 632 973 356 171 1163 600 725 444 1237 1115 47 872 162 1055 283 791 356 1178 233 1294 85 214 899 1152 1085 124 978 373 486 1388 153 501 689 774 14 1270 1140 95 228 965 405 345 973 608 1276 10 1231 679 542 664 1382 1055 1276 95 438 1376 19 1380 413 973 766 958 967 445 679 353 1334 888 689 803 1143 150 372 197 256 975 1262 233 1140 965 679 739 1073 1067 31 537 228 1055 353 484 1345 466 737 762 415 987 18 803 1270 898 1063 505 1231 1119 1339 1390 1270 370 609 890 320 705 1208 1408 1283 466 405 154 887 1352 1420 730 295 283 1220 1217 1075 542 1208 1231 1382 838 542 516 237 114 1270 1012 320 1011 1297 1208 377 228 613 1270 1231 162 317 237 270 177 283 162 61 1270 167 1231 802 1231 1338 566 1231 1393 713 739 1254 1055 1262 691 1047 283 228 1359 95 505 283 645 1410 132 965 537 679 899 910 1208 95 958 283 33 1400 1347 370 162 802 472 965 505 1055 1229 1268 611 679 150 1015 1015 1270 1381 474 562 739 958 1380 1009 1171 739 1262 1270 1296 739 899 1143 67 505 345 105 689 296 1029 373 1159 265 162 358 614 201 561 679 428 577 1331 951 679 1237 537 640 1208 1055 295 108 989 1121 1383 1285 1092 1231 973 103 982 255 1133 1040 283 632 973 987 1317 246 647 356 482 358 763 403 542 676 589 67 283 928 634 1237 758 617 189 1338 103 1338 973 220 908 814 899 1114 614 656 689 1262 516 589 612 568 775 965 994 505 968 228 959 679 679 818 1338 1270 1368 410 228 278 1181 1055 164 679 162 1055 388 965 1399 527 1338 1359 1208 162 1227 166 1269 1176 346 677 726 468 438 944 363 509 1217 1303 283 1270 1319 666 1191 562 143 18 1277 1231 1163 283 405 689 1411 988 739 817 884 739 1403 612 1286 737 228 802 138 295 550 1270 431 1241 803 1015 974 679 162 1272 315 355 352 985 487 1424 1359 329 1024 1300 906 300 404 1231 736 852 1152 754 1133 482 444 283 46 10 1173 254 616 233 751 1195 43 1088 1291 1262 755 739 751 803 994 18 943 150 1270 358 1257 93 595 71 505 1424 1423 246 1424 1362 945 1076 1345 1251 897 266 1060 1147 46 551 934 920 1118 224 543 1268 310 884 1300 369 836 1270 116 247 149 155 1200 19 651 1262 1338 966 754 283 801 623 1256 414 323 46 319 884 644 181 1303 529 1187 1338 556 1300 1091 627 1408 1256 975 1047 892 884 1025 1270 689 790 1111 995 965 1214 1046 1208 1268 228 1270 725 723 1327 64 931 89 679 631 875 798 1108 289 235 162 62 410 162 849 483 1400 1268 353 1371 613 1015 426 151 487 1262 796 1400 802 973 1251 1208 1095 1327 479 1176 1082 797 1159 460 1140 606 713 985 694 283 1044 312 136 283 1041 364 26 162 117 403 689 1270 147 95 1181 1055 1338 419 175 401 1303 1338 19 1217 1303 722 37 1217 1401 906 1338 1392 739 965 580 679 1270 704 1396 1044 827 679 1252 790 814 917 1176 730 644 52 1310 229 1303 1283 1382 1204 564 320 903 1170 877 91 353 1420 1323 161 1394 659 207 162 343 906 1269 155 283 1270 1314 1015 1261 162 1142 1388 283 884 1118 309 356 409 354 1401 45 422 81 739 25 17 1400 768 839 975 283 1384 1237 494 72 689 965 462 3 69 724 358 560 373 741 679 1237 168 99 1391 455 1345 283 283 679 1176 802 295 1249 632 773 420 973 1270 150 1231 857 548 1006 790 185 1396 505 1091 1338 1424 162 787 760 45 311 903 817 505 820 1208 502 311 1411 162 1041 283 95 507 245 162 679 645 1251 551 320 901 1262 153 1075 1217 18 627 887 389 195 313 151 295 691 36 757 119 956 915 371 1321 998 980 1358 973 16 536 1401 1208 1321 1401 140 565 212 1130 1217 879 600 26 1343 888 613 1015 70 1217 1208 365 894 838 679 679 833 1231 447 1268 1253 735 439 283 650 961 44 640 1262 505 965 1356 1176 542 666 1218 1229 1253 211 311 1047 1024 111 75 1300 303 1428 679 499 453 150 944 1037 612 1341 283 613 1268 914 1303 965 542 1262 1277 1268 155 1191 358 679 647 971 1248 666 62 1182 961 1055 1044 10 1386 1268 437 228 1130 594 561 684 1176 283 632 1047 89 1382 802 892 1300 163 1250 679 756 1090 888 1268 1387 110 1055 23 69 1101 437 884 651 1087 239 689 1083 1300 1338 1039 295 358 1167 18 455 1044 1231 1208 1356 963 1051 171 1269 619 1208 894 1384 515 1300 447 478 1210 1314 679 546 1359 1262 1055 283 88 644 739 1055 150 1292 386 1335 818 739 857 998 33 739 679 563 614 998 18 1262 1408 1306 373 973 1268 1414 739 1076 1270 1270 1172 537 307 1090 1421 505 110 613 110 97 625 1055 671 1212 1077 749 1382 283 1208 1268 1268 821 1300 1268 482 666 283 1012 1303 849 813 45 353 1231 765 689 1208 124 836 471 998 507 390 1172 1299 1204 1345 348 707 975 347 1268 1268 1304 251 1041 998 1231 818 457 1140 847 373 255 802 622 679 612 69 356 263 33 328 1055 679 1401 520 664 680 162 1270 105 743 162 1190 841 591 398 283 965 1065 871 46 1388 235 438 988 505 679 695 888 229 1217 78 447 795 583 1118 1359 785 350 1130 814 679 451 1424 340 392 368 790 1208 1217 18 906 191 679 1270 1294 620 244 1270 353 467 319 965 95 998 965 679 1268 1208 685 965 1268 162 1279 155 1262 156 867 739 338 1055 847 1055 911 484 1270 1058 790 1408 727 359 965 1231 1323 62 228 1268 679 344 18 18 850 1176 1055 651 283 1263 275 1317 803 475 1268 1262 1268 394
903 1296 1235 123 496 904 251 680 10 835 626 470 230 547 454 505 1298 1372 470 549 931 447 401 268 611 872 1294 223 951 235 72 445 1273 381 33 1237 1419 478 1030 798 1224 1062 685 1004 439 678 1427 1136 1088 396 798 1298 357 410 635 763 1374 445 325 1308 1261 1273 318 424 475 43 896 613 478 1048 571 980 1217 67 1138 1236 515 1015 936 364 742 823 620 749 84 644 521 123 1062 253 556 1419 652 470 779 223 1374 223 445 230 826 408 768 145 35 23 238 1323 798 579 547 652 586 718 139 83 1032 966 1407 755 1261 236 445 579 524 337 810 80 1186 537 937 530 1106 216 147 1277 770 553 63 191 798 291 512 883 123 223 823 1427 40 823 425 586 948 1261 236 931 1062 955 1426 478 579 1423 223 10 1344 39 1004 1374 880 1024 1221 755 230 1374 642 807 1030 396 1154 1138 685 8 236 1194 930 33 952 1038 147 521 1138 1004 650 347 1275 63 1041 152 1025 275 549 1143 678 131 717 1004 512 860 266 16 223 478 176 1273 413 685 711 132 637 819 1040 82 1332 1189 798 1337 883 80 1289 1376 1374 379 1260 990 278 461 445 1045 445 737 54 546 1401 1374 880 734 269 985 363 485 820 210 1272 996 1374 143 223 13 1374 524 1062 515 223 685 1218 371 147 1301 1295 586 1212 1344 823 171 416 742 47 43 123 319 1048 338 445 446 1244 1020 131 1112 447 161 496 891 685 1324 1261 357 492 521 1062 1123 521 1056 524 1278 44 241 1188 312 798 1062 710 1094 599 1261 579 653 525 197 1062 327 459 1020 445 588 445 532 1258 1416 795 1189 299 478 417 147 637 265 123 588 418 1004 727 678 963 524 230 326 1007 1004 798 283 1167 1366 579 1170 579 512 1004 862 1062 24 524 478 964 1119 1254 1374 562 880 527 1320 833 220 296 763 90 1135 411 423 1125 882 82 798 742 1004 783 547 514 1004 579 891 873 230 134 344 178 1046 1008 316 966 685 1004 919 71 1004 685 1416 46 872 472 478 675 1344 109 435 1177 447 999 25 942 1285 972 1138 706 980 521 1004 230 296 468 1374 1004 45 219 402 446 274 85 131 842 700 78 1261 1374 1411 1004 691 132 1004 223 579 838 675 1039 1374 1261 188 875 1289 1004 1080 1004 1162 706 1004 1211 798 980 1187 579 579 986 806 357 1004 398 625 1331 108 275 1120 44 1005 375 987 30 470 1374 586 112 798 441 1236 445 521 215 608 44 754 126 579 58 522 443 1286 478 296 823 363 374 119 673 980 1111 630 706 1145 742 1061 1240 293 430 962 1170 123 678 521 1323 469 425 808 228 1227 1339 1261 678 230 651 898 798 891 445 1374 327 236 478 452 176 1428 579 980 1342 706 119 1373 713 10 1004 524 370 112 447 669 851 225 429 524 1305 445 683 368 672 1245 25 685 511 1071 346 827 40 363 445 1004 948 937 1004 473 685 636 72 12 642 1112 937 705 586 420 1189 495 1243 1375 1169 445 685 140 504 1230 1261 561 1004 1198 40 1374 286 685 1391 470 685 1004 52 202 579 647 1374 1261 579 774 1273 903 624 108 521 1374 783 883 1024 1299 1353 1060 889 182 573 491 29 170 223 230 132 147 685 870 1307 889 1301 827 236 1374 1004 314 357 678 93 638 1291 980 521 755 742 798 1166 1065 1185 1004 16 726 980 445 685 685 1062 1049 823 1000 603 1261 223 924 1156 131 1026 514 549 1325 223 1301 198 230 733 1063 1004 562 700 123 427 586 435 1295 590 289 1007 1145 948 733 229 361 1062 190 685 612 1033 967 742 376 258 806 327 131 478 132 678 892 1393 541 223 1261 549 879 398 1334 1273 44 278 230 926 697 1076 247 891 815 449 561 909 275 1224 21 683 204 755 1176 317 883 193 333 883 324 445 819 445 1029 1033 280 672 706 1033 762 445 3 543 1374 1341 521 755 1374 447 623 1120 8 685 1011 71 261 287 171 798 426 685 984 1364 1030 685 261 1138 447 470 930 123 1009 131 1108 1004 685 463 445 363 1062 610 478 938 775 822 435 1348 44 742 1261 1056 1062 1261 338 1384 5 461 891 520 704 823 1234 607 147 1243 646 66 1148 524 926 1374 1062 689 355 84 1374 1203 1097 96 882 365 1374 230 685 1374 798 578 41 198 1216 1426 1108 1261 609 820 1011 686 1253 1123 631 579 108 1033 1155 652 368 108 989 1189 790 139 396 230 410 269 685 685 742 696 685 141 685 735 512 388 603 470 632 1415 160 275 843 459 1166 327 651 722 236 285 513 1409 540 1183 230 44 714 734 136 23 521 363 16 1062 883 1261 1358 1036 799 872 1170 524 240 872 779 1261 99 341 1264 755 275 921 197 222 932 123 712 152 798 980 1004 739 1189 1302 535 126 147 394 1062 44 626 742 685 1374 93 530 719 678 1024 693 1348 235 948 4 223 607 521 230 470 147 178 662 869 980 706 1011 108 1067 524 132 1002 1004 703 802 910 1138 456 367 586 402 685 447 1261 1295 693 369 1062 412 107 1261 1330 1374 934 357 1062 141 785 132 760 396 1102 1261 53 638 926 738 1221 579 1033 514 1028 521 445 1374 1350 719 465 538 338 980 617 810 878 782 948 1277 44 1108 123 1189 262 524 1312 1063 586 1374 1103 150 120 693 173 233 230 1033 1068 1329 1410 965 992 823 218 230 1374 1161 1071 156 1004 980 272 1004 84 108 147 1062 556 523 601 706 434 706 1004 503 1374 347 447 1331 327 240 505 1265 266 601 922 283 1404 1404 282 303 85 1322 1004 522 914 230 142 445 700 147 478 159 753 863 1374 1062 767 108 445 872 889 678 236 1416 131 1069 763 904 872 1088 579 657 1007 815 826 91 1004 766 1062 147 44 1391 111 641 1011 872 948 31 10 1382 849 445 1273 223 173 593 54 1000 1224 579 758 530 694 5 755 445 894 579 123 107 10 108 473 980 366 626 798 180 886 1004 1173 871 960 1166 951 624 86 1374 44 936 223 535 609 685 445 436 685 798 1249 1328 579 798 1328 1062 980 579 1325 1036 100 910 44 980 1170 603 119 980 1374 1242 44 616 798 976 872 321 830 524 171 1004 383 441 685 685 1143 270 719 1228 1062 44 1183 1128 1224 123 1026 579 447 266 1051 274 526 445 1374 567 1056 44 1012 435 1245 998 445 1227 820 357 23 1004 891 1004 612 1011 1374 131 717 1261 468 772 985 1384 478 512 805 210 470 358 136 826 826 9 424 1026 980 1004 9 245 882 1204 708 417 1293 693 236 445 1261 197 872 1071 473 579 1374 113 489 1179 1203 1112 685 827 1350 631 1119 402 992 827 1073 1374 23 827 363 445 914 327 642 586 1374 1228 1292 1374 1189 789 492 481 1303 1063 1094 1257 1062 925 937 1374 638 236 1072 168 1416 1138 1374 230 1374 1074 473 92 685 67 264 808 685 891 1138 1138 1374 1075 227 179 236 826 1374 1361 118 552 1261 227 508 328 82 74 742 171 402 86 579 176 324 685 478 1138 171 1062 1384 1374 1004 706 855 1004 826 176 588 236 512 385 1098 579 1220 1260 478 1261 1165 519 394 826 642 181 1170
350 858 881 1165 482 1027 616 1250 1267 887 487 1101 44 1312 185 204 1041 1041 153 459 472 51 428 1132 482 494 51 1386 1066 83 76 837 1250 1149 772 1100 403 1083 369 616 1357 1138 1362 2 386 728 1113 125 1216 812 536 520 773 735 525 647 677 9 667 616 507 467 1362 1292 134 1253 281 330 288 992 1405 450 971 112 1250 778 1357 293 1027 34 708 548 1350 1101 149 971 853 179 1006 283 518 139 327 1101 878 396 1059 249 3 44 997 1041 1333 856 1216 1324 1072 117 22 1073 931 1002 501 1122 1316 532 260 626 1259 213 1328 616 842 170 196 608 186 349 169 1246 476 835 806 1260 113 1300 882 562 817 1267 165 196 837 206 812 494 1386 10 1206 998 1222 1336 1138 1328 625 960 318 96 1284 704 848 1215 32 892 867 1253 185 284 344 482 778 213 244 96 129 450 1128 812 1255 1241 1362 84 616 153 890 1027 647 484 891 853 72 185 626 41 725 837 812 97 999 736 1216 616 832 616 177 185 616 9 1157 1356 114 1048 853 841 621 491 472 1068 616 1027 1019 1082 218 781 837 1327 206 1229 1245 250 96 819 656 1216 506 1175 842 218 842 1164 351 1216 494 625 27 1041 242 1072 942 409 1262 342 790 1193 1220 616 1386 1250 96 196 209 941 1266 1161 713 133 1244 427 323 1292 1123 317 311 494 103 1342 881 13 722 562 325 616 262 1224 229 128 616 1253 51 1015 313 1176 185 76 416 488 292 853 782 177 853 636 626 105 616 837 403 843 373 1138 116 30 51 1328 794 525 509 887 406 280 822 185 1216 625 837 1113 928 1041 283 328 486 1299 720 405 441 385 442 213 48 185 235 822 1218 22 1040 1185 122 185 450 1385 853 668 848 1041 266 837 185 201 49 1072 196 138 264 242 373 96 1066 1114 1322 1309 1082 1024 293 928 818 636 30 1041 1101 414 96 525 402 797 889 636 318 185 170 1101 807 853 579 1086 926 352 1107 837 880 1110 185 51 1253 934 1386 297 1306 494 1196 44 196 974 21 96 1121 51 1260 552 978 143 153 1041 859 357 853 588 44 1026 132 96 1009 1101 1253 773 4 1015 757 482 154 1292 482 828 96 36 185 398 1292 185 1158 1097 274 1379 266 96 1328 615 233 703 40 177 185 1345 685 934 1170 1285 169 822 91 96 763 645 488 185 853 438 361 625 706 453 585 1429 549 1054 1075 829 1412 1250 364 625 308 305 710 1161 1015 177 585 308 1253 170 857 1375 636 12 293 616 62 482 542 482 527 169 960 375 755 830 836 243 333 1149 169 1184 1041 1065 291 853 230 691 16 51 1164 1216 387 1328 976 110 1117 188 987 98 929 329 285 616 1124 219 256 96 170 1365 1324 859 1101 253 636 778 448 1362 957 1082 51 1369 616 830 1273 742 877 652 1292 864 204 608 851 1100 668 392 313 1400 376 323 534 1132 1138 636 185 785 376 260 1250 57 458 1415 683 584 310 545 44 259 1041 1104 752 842 1060 1041 1159 1365 835 951 185 1041 625 1041 1049 1362 1292 1101 375 185 565 291 170 716 96 13 878 122 1041 522 873 1186 853 96 522 206 704 158 951 51 624 826 825 456 911 887 834 853 1314 12 616 348 923 494 792 736 837 96 185 93 1209 180 1085 949 1101 169 853 213 1001 983 71 245 375 185 177 265 1027 1264 1362 1100 1110 1082 1415 839 729 1328 1399 1216 515 616 709 824 1041 393 415 453 1004 1030 204 586 185 450 303 1402 1161 871 1100 9 51 655 651 1424 141 648 811 1064 229 386 286 567 1041 1369 388 1255 339 546 1041 616 583 96 214 421 453 853 1386 835 1216 636 780 1041 1041 105 330 44 218 96 960 351 1288 1230 839 898 976 863 301 266 110 249 213 1357 636 206 657 160 376 51 1165 507 1072 530 1041 482 1046 616 1041 1000 1273 1021 1101 441 1203 853 213 135 51 525 453 525 1362 668 1004 714 51 494 625 634 1292 376 869 1270 897 524 1392 1182 1101 1250 1229 1273 1079 1157 185 494 1151 62 376 568 815 133 1027 1183 55 1100 192 328 185 301 51 1374 1328 1161 1036 1213 1157 28 1121 264 232 1067 722 884 186 259 649 177 196 303 96 1138 354 475 998 509 849 1058 708 1157 375 219 44 1357 96 1189 96 765 525 1072 523 153 1328 375 483 1292 134 595 350 895 170 96 1041 1154 13 675 482 51 246 525 557 812 728 722 187 185 1250 209 607 821 616 1362 509 925 816 627 1101 477 635 303 1082 880 286 668 623 1099 1204 1255 587 376 460 585 794 853 70 51 121 176 728 853 376 1041 707 206 1328 96 1425 1168 494 1098 636 853 494 494 1328 810 1267 1101 213 1305 76 504 1249 1318 517 1328 750 1328 169 185 1201 184 137 1101 1377 830 456 1126 585 153 691 1250 1101 969 835 369 798 482 760 926 616 1138 51 1386 211 853 853 830 887 616 1189 177 759 859 616 979 748 1007 1292 107 934 587 722 265 1200 616 226 776 853 1362 1041 1328 235 428 1362 1418 1092 728 835 736 96 1104 51 393 1264 1027 1357 1429 812 636 1328 406 45 736 193 1101 159 1362 878 1101 853 1128 741 625 450 312 997 375 390 135 482 116 168 278 396 1075 171 1041 44 655 759 1225 765 634 248 835 281 883 268 1122 690 44 19 1362 1072 532 1027 1278 616 943 44 974 1341 299 240 494 450 1354 185 547 829 493 841 373 851 701 1079 1058 859 185 1253 96 503 1252 1240 204 797 247 375 1127 376 1145 1411 1027 1071 1004 668 1203 96 896 462 107 1068 625 369 496 1244 1205 589 531 540 96 386 1041 695 330 494 324 1086 616 221 616 572 221 968 494 285 170 175 1137 1261 1024 776 185 853 1402 1244 585 357 1357 1216 1292 494 177 177 336 1357 323 1268 1027 1386 51 1027 1157 286 1068 1405 1121 835 525 743 213 1173 1170 1140 355 153 1004 1362 1074 1027 1250 1027 837 43 1342 185 1101 170 695 425 534 870 819 1101 299 586 373 1357 182 1084 472 1388 96 963 1021 96 170 263 72 135 169 1206 293 705 1384 392 797 169 1041 77 870 169 1041 676 585 619 837 1041 494 668 283 196 1157 185 169 1167 1100 346 430 1253 1268 29 711 1054 1026 603 94 77 615 170 51 413 1218 249 851 64 96 1157 947 17 1357 1260 239 1173 830 431 525 488 40 185 974 185 1255 436 96 616 1227 1327 1041 570 507 398 1404 837 820 1182 1101 980 245 468 558 182 616 214 450 934 1161 1161 435 898 283 131 177 884 616 842 835 860 494 368 1417 343 1250 750 474 107 1067 237 978 321 1278 274 249 671 1082 129 1228 1362 636 1333 381 842 1029 1101 76 983 96 51 1027 1027 71 587 1356 941 1201 541 853 1027 698 853 662 96 133 107 710 1101 468 349 96 44 827 579 831 153 322 1161 1257 204 494 687 1195 1177 686 111 199 199 938 82 96 1027 455 1252 1328 68 532 450 96 836 509 525 355 912 170 936 51 185 1264 375 632 1022 110 1041 934 859 51 185 1157 1036 93 837 837 1099 442 575 1286 1357 117 373 1051 1082 27 964 1041 1157 386
1339 181 492 557 1099 47 97 1112 629 444 209 639 1419 1422 1054 966 1197 938 1104 1362 634 1390 727 861 1217 568 604 610 945 1220 85 974 770 379 484 857 959 350 1120 309 127 425 512 1109 27 979 802 330 308 522 1158 923 287 547 93 323 241 261 299 97 85 541 996 604 512 1153 85 1083 350 1371 611 1302 1112 741 512 933 127 528 905 552 1153 1359 770 896 552 1034 218 595 621 1118 962 1378 21 589 1172 534 512 1336 1179 350 1276 188 724 1011 595 132 604 1284 1158 1135 1250 21 1112 694 1096 27 128 699 878 795 85 542 947 1112 1063 563 532 35 962 969 580 542 522 1112 1110 405 593 210 970 592 218 512 974 436 26 231 669 515 596 61 1184 1112 27 609 974 1143 430 265 496 350 609 1289 661 1350 446 1262 1063 207 1209 829 556 921 142 512 1361 457 725 522 135 784 996 684 1158 512 1328 1127 181 512 1110 218 679 1063 350 1057 182 1184 1132 1083 639 790 219 97 690 690 908 1305 974 1024 635 1172 597 350 1420 1308 312 451 218 21 97 576 1083 309 854 218 21 321 460 587 1259 345 218 1158 209 1060 146 434 947 332 947 1112 262 521 1308 512 1343 974 948 43 203 542 1127 80 181 1169 512 512 610 1382 512 462 1247 233 184 921 682 963 1110 534 848 85 126 457 542 579 947 1153 1112 1338 1308 260 1100 85 753 1112 1160 931 355 1262 15 1207 1115 199 702 504 218 1167 1073 218 1055 552 218 1354 1062 1268 327 1184 350 558 448 27 1145 27 129 85 1135 271 1215 659 268 974 47 266 69 658 646 454 1227 612 966 1080 690 350 301 21 241 451 889 59 1112 1063 141 639 1287 307 701 730 1388 1063 502 43 816 219 1135 1158 1112 974 1158 64 1300 1359 532 350 1354 804 209 512 1385 258 687 21 521 523 11 1299 1063 1354 282 1411 241 1386 512 1098 1153 553 46 1063 312 974 1135 1197 249 350 47 1406 275 205 638 974 277 243 1071 1 1262 1305 770 1030 46 216 78 350 273 1220 422 512 1127 76 47 512 350 85 231 699 949 1119 218 1104 350 719 699 512 1305 1215 1262 43 287 290 639 219 47 35 507 594 512 378 1063 497 412 1063 85 125 135 1243 255 1426 1215 806 902 232 1305 645 1063 1251 1326 699 1330 1063 757 54 1135 438 1418 791 1277 309 218 1112 578 512 790 696 583 1197 790 950 298 639 512 1112 601 207 784 480 1334 287 327 572 748 62 1262 1135 1034 180 1063 796 218 97 813 378 699 856 46 342 973 215 949 455 1153 1026 827 988 1160 869 1426 410 639 218 1317 21 181 535 62 706 776 1415 676 218 350 1112 699 199 486 512 659 974 350 1112 1184 512 1135 194 396 563 694 754 1354 1375 1305 297 227 459 735 1184 97 184 1273 736 1048 950 1194 298 914 1105 782 1196 963 43 1184 313 1210 309 406 1290 425 1354 1063 35 850 207 512 795 1112 787 1313 681 1112 1138 55 21 537 790 751 947 704 722 639 890 542 1200 1063 885 218 512 565 996 1194 639 755 1063 1245 1211 1135 382 512 545 1135 506 1426 1184 1184 1177 218 512 1112 198 1301 644 1371 715 423 151 199 1213 133 444 308 350 313 1110 112 512 1204 231 966 1179 974 512 1305 408 790 639 1235 1055 638 552 218 795 1153 1158 1106 1283 1220 974 105 941 289 1189 996 960 243 1375 1120 489 1081 85 1104 1010 245 1212 165 83 402 35 610 638 1117 1290 80 292 1305 634 35 619 921 718 1249 209 207 209 74 100 1055 218 1304 1360 569 974 921 255 218 20 1153 770 521 601 974 640 332 699 1187 467 1426 822 1255 542 276 1354 149 218 974 783 21 350 587 974 1168 595 199 1253 772 335 1215 790 787 216 1276 155 795 127 1354 1128 1039 1124 248 262 287 1240 582 1063 974 1331 914 97 974 1323 846 342 638 512 921 218 795 241 150 1270 224 552 512 219 1117 790 1382 231 1423 1007 737 1402 287 259 699 21 1331 1074 589 733 512 847 603 635 1063 231 558 947 770 881 512 350 552 639 832 909 937 327 170 85 1105 796 167 47 542 480 635 199 298 585 151 1354 853 262 1125 1245 501 645 805 597 512 372 1356 539 1371 512 199 348 699 1005 1115 512 142 1014 512 505 512 680 361 604 1314 248 471 227 963 21 309 1262 1112 1114 1135 770 194 1172 79 434 1369 803 142 1350 1237 904 218 181 676 566 755 1153 1118 755 184 996 371 567 434 609 638 974 1177 1060 634 1365 205 456 974 218 1121 47 642 770 685 976 278 218 699 538 50 199 274 218 116 330 1023 279 328 770 512 31 794 85 634 287 231 231 250 49 424 1158 795 326 1317 691 234 1367 181 215 974 1414 577 1063 729 480 1324 203 218 1110 611 606 579 1284 21 1009 512 1010 542 618 563 198 1112 1340 97 27 1199 1235 937 82 218 512 1110 97 1371 634 202 949 512 736 704 722 699 1036 699 1153 995 875 211 97 1256 1112 805 996 1074 1237 634 1112 996 863 5 790 542 254 512 790 593 972 85 650 127 831 173 1063 338 974 1285 1032 620 796 1135 996 10 241 218 974 512 1078 492 588 1024 631 150 1142 1194 216 309 1085 1197 513 1140 445 142 259 333 300 253 1112 974 1318 181 1290 1112 521 218 218 512 996 47 361 149 1299 97 1145 1158 512 1175 990 605 699 626 699 699 645 512 1110 425 1261 463 1004 577 194 949 770 1262 512 1104 829 43 974 95 890 108 919 770 1173 509 158 1235 1117 1088 1053 512 309 219 599 901 974 1199 35 1110 350 901 1232 882 512 27 85 800 773 231 106 810 542 1014 921 400 1227 444 594 1184 1135 15 1243 346 1276 426 1262 218 69 1110 176 1371 184 1205 1194 223 425 794 74 127 133 509 258 1039 1 381 635 751 676 1135 27 299 1167 1291 795 682 951 298 21 967 1117 996 858 1275 639 381 974 1184 934 699 736 1368 37 1376 585 93 10 512 521 338 479 127 998 457 218 1209 348 1283 102 512 1135 184 1184 1169 866 1112 460 1184 11 1011 327 1041 1426 1158 661 70 512 880 1368 1184 974 1158 231 76 498 1062 635 699 902 547 966 795 1172 1262 127 121 1019 639 278 183 1305 135 728 1135 1141 81 333 1336 884 196 512 635 1276 835 864 1276 781 372 984 200 1176 287 313 1063 199 1063 999 21 512 921 731 542 1158 521 844 363 350 567 312 1158 639 879 1307 1276 1276 27 97 977 963 1305 47 47 397 1168 1341 716 808 1112 512 947 542 1133 699 784 230 301 512 181 356 88 1354 445 1027 476 45 85 1336 504 194 1139 510 996 1185 1267 1131 86 1281 974 1317 1112 512 604 215 164 43 240 808 546 729 790 218 139 797 218 201 512 906 603 926 1198 458 1295 512 1290 974 1024 1243 512 145 1152 821 1319 1262 1333 1114 1016 1234 1112 1156 512 974 1276 512 1130 754 1195 542 300 1395 79 513 994 1153 332 218 424 1112 120 951 218 350 114 924 821 142 850 1305 949 932 1063 1276 34 1303 974 974 218 1371 1126 1020 184 350 1036 666 194 491 1276 215 635 27

proba init 0.1 proba clean 0.3
84 694 1295 270 827 67 137 1328 702 1176 492 448 32 330 137 622 931 822 557 79 90 243 1021 929 827 686 906 58 1173 413 171 1399 623 430 512 1423 368 576 1251 477 514 715 1297 228 610 1069 599 674 80 360 27 978 655 627 1268 877 469 1034 470 137 448 162 27 1107 1279 391 156 1108 677 808 146 415 392 1297 360 601 117 386 248 1150 460 367 1026 1367 15 848 1385 357 680 181 225 986 86 943 955 864 477 477 609 32 804 814 1066 397 267 940 935 472 53 324 465 122 392 989 1279 1012 804 557 338 1262 1358 360 63 1234 342 305 464 542 1386 653 494 1358 470 281 400 275 257 1116 51 1425 502 1344 128 474 257 189 812 599 1297 811 728 154 1401 1358 128 956 607 469 1026 576 642 1271 1017 915 1127 199 345 1270 691 827 1359 1196 32 332 1120 360 32 1321 430 114 477 234 137 88 736 1386 1429 1115 208 1385 639 1217 501 739 1353 1342 687 529 998 948 116 137 1069 415 107 1217 128 1393 1388 926 796 576 119 1324 1370 780 376 1426 137 1297 222 477 1081 921 1167 1361 474 225 231 1388 376 27 985 391 1108 852 320 252 65 1193 1388 882 870 477 346 58 1304 65 592 870 949 687 296 420 916 121 1063 236 477 342 916 1268 199 421 708 98 1073 48 1056 392 557 536 129 189 65 41 392 161 1279 986 415 73 182 392 618 225 895 196 243 916 1386 415 196 199 1057 963 485 1385 896 1089 1385 1374 342 179 389 83 49 1301 761 715 918 517 243 1358 1056 1274 369 286 896 128 492 557 1312 1279 771 599 505 1415 475 1109 88 576 485 1169 69 658 477 1161 505 1217 114 1069 949 342 921 585 529 1217 65 768 450 320 1409 116 392 128 233 896 896 579 342 338 431 340 985 469 358 691 865 29 915 1318 256 37 302 646 49 542 773 448 469 137 104 1408 700 646 9 1217 1234 415 1200 360 744 764 726 1413 103 128 443 729 1276 7 1057 45 984 916 246 143 265 32 784 539 183 469 205 243 172 750 576 171 88 1186 893 199 376 557 1385 1046 1289 469 1068 519 443 358 496 505 1161 196 620 749 557 1358 469 1142 1217 663 639 1217 70 780 65 804 590 477 1388 894 714 557 887 135 1217 1035 137 887 1128 530 1386 1314 633 704 698 1000 156 121 1098 392 1035 559 904 852 88 542 1305 945 298 1061 469 392 186 360 1409 933 485 421 199 182 88 472 378 1234 883 294 646 137 376 137 615 137 1006 827 989 1386 1389 360 1085 63 1061 156 129 171 1386 298 116 791 1069 1385 1113 107 596 382 219 267 1031 1358 1069 1385 1286 709 57 415 1045 317 935 128 896 727 951 602 1234 1386 601 978 128 1422 646 362 941 342 124 1004 243 1037 137 63 1137 342 756 611 467 1240 286 1375 1215 895 1122 419 668 825 88 121 304 114 457 646 1217 319 895 196 477 107 392 580 369 298 392 1358 921 88 360 413 1309 63 511 252 702 134 1358 1127 1217 991 360 469 559 888 639 965 341 1217 587 750 505 1029 477 161 505 1027 360 1032 1429 469 1385 559 1386 474 827 597 808 772 1240 557 344 128 788 780 668 32 1268 386 895 542 1021 189 1195 825 128 469 1217 502 1184 1069 984 916 149 1386 1385 225 967 27 1197 366 1337 1217 663 685 1386 771 196 1240 206 211 677 1245 137 1358 557 1252 129 1419 438 326 1183 448 803 1170 514 66 455 384 887 87 749 899 421 1388 1240 985 1395 1122 529 1127 600 376 1122 791 86 361 519 646 360 505 1010 430 360 557 128 895 281 143 1069 587 333 655 317 1358 1297 646 1144 748 959 113 1122 32 1255 246 218 1353 793 1275 88 47 549 1277 1195 1340 804 977 541 594 266 474 551 536 474 243 306 928 318 805 156 365 864 137 966 655 772 872 674 469 196 1385 481 453 243 1268 852 1256 895 1245 514 799 243 189 116 758 308 488 1386 974 729 170 970 926 62 477 397 236 877 1388 1217 729 1137 30 625 675 409 32 1114 160 949 1240 1369 891 196 404 243 207 1358 421 1238 640 1388 415 659 430 83 192 1095 1248 1411 196 707 202 342 1255 469 573 251 732 459 1101 418 445 270 448 1108 469 921 117 469 352 602 1207 553 1415 523 570 1358 1413 771 1245 121 199 392 691 505 469 780 1359 122 1268 164 243 921 1268 1243 160 1417 1029 128 557 341 1319 1349 341 550 729 916 1356 1401 555 128 651 650 1167 1354 350 787 690 511 8 37 1268 563 691 1037 88 481 1385 571 243 1190 415 231 1385 477 1194 173 474 1358 403 360 145 993 27 342 655 189 189 1358 805 1425 792 442 948 508 286 825 830 13 91 1166 1268 1386 1217 1164 1097 1398 231 376 63 1003 571 88 88 475 575 602 639 505 729 1069 827 392 1264 137 65 97 1324 344 1385 32 63 646 137 808 207 1386 179 1245 1297 984 342 557 1034 887 1172 949 1245 182 137 1316 392 1378 827 1333 1358 1298 392 360 1297 257 779 1358 1017 469 1016 809 27 1358 495 117 281 281 646 1358 128 928 1255 713 472 1234 360 64 355 376 1416 964 163 1045 177 349 379 1386 394 196 320 477 9 542 490 591 1104 700 355 342 1316 252 392 128 854 1409 602 392 635 376 32 559 693 481 245 1386 311 137 1133 32 469 522 632 65 571 65 434 936 72 469 292 268 761 1249 1127 11 1383 851 1328 638 477 563 557 281 128 427 1248 62 1388 967 871 253 881 1127 514 1327 216 469 121 1388 1183 1021 116 32 749 1383 576 1388 653 1268 477 290 156 469 494 189 121 1069 877 1230 895 761 787 243 360 431 505 588 599 153 804 622 259 376 1401 668 88 808 117 138 1245 1294 1401 67 245 117 671 146 360 23 243 1386 1388 394 709 1025 959 1358 1429 218 345 1159 32 48 730 1099 514 469 319 1386 396 1103 713 150 991 887 254 886 1021 1063 845 1137 1248 469 88 883 761 117 4 557 376 213 477 27 445 954 1234 114 1242 126 1386 505 397 86 986 1408 130 1386 1271 116 246 1386 542 1279 88 442 128 1155 189 747 30 342 1388 1217 1386 183 729 729 183 717 639 128 1196 505 1016 1243 557 1235 337 7 1008 1166 398 1285 1308 65 949 1388 804 1013 1005 804 1375 1254 63 505 1268 1193 1211 827 415 1217 492 1245 469 895 410 1358 963 1052 1152 199 1122 128 32 275 1408 339 447 804 804 1338 137 998 65 887 421 421 448 1233 1395 1121 252 392 137 65 199 286 1100 745 319 278 571 615 1188 430 646 1377 729 1027 27 1342 1083 286 1285 825 1297 469 406 1363 826 342 91 128 28 1358 469 1107 1386 498 140 919 587 464 1019 948 376 1386 457 376 709 469 1347 360 1205 1351 1059 196 469 32 708 89 319 1297 729 421 1279 422 360 415 196 196 477 392 1151 568 332 804 602 1050 122 806 1358 986 1403 65 845 785 668 557 85 1233 1234 352 892 376 318 114 189 715 673 542 887 1109 243 1217 804 137 565 128 128 332 808 394 143 65 32 761 607 81 596 804 360 1388 1367
705 62 516 641 126 534 379 809 204 828 1316 306 1325 553 90 910 34 364 70 8 1387 796 218 813 479 538 881 1155 559 506 1389 505 866 245 2 968 144 1400 1411 70 42 1203 421 1382 1325 231 477 407 359 855 505 300 796 301 986 932 314 753 733 379 249 823 749 172 239 1293 1094 620 1095 230 354 34 311 962 968 609 741 413 534 405 696 1246 796 1299 908 234 1299 501 1203 1296 124 958 290 1029 859 916 239 823 753 1325 160 404 1322 259 1318 392 881 513 34 648 660 830 311 1197 178 1049 282 136 139 314 1047 505 753 648 406 363 307 1354 1317 1203 1110 609 18 311 287 435 760 1389 679 997 480 682 409 1305 582 512 1411 451 1182 1246 181 311 1203 1047 505 859 1203 802 539 1400 648 710 1155 204 275 973 1152 1122 338 571 1180 314 1156 239 517 1341 1319 1086 831 1048 535 599 1180 86 1229 534 881 34 1415 1325 742 1177 569 218 676 1090 1248 5 160 300 851 379 160 1106 971 346 1038 34 1182 240 724 1272 125 1288 153 314 276 1187 535 709 870 796 823 1325 1379 1368 1305 795 1276 315 191 34 356 424 1148 287 753 780 753 1047 158 851 448 239 1276 1180 291 136 748 609 958 375 1260 1141 1414 34 1155 1276 239 406 1203 588 780 977 360 1346 408 860 1384 311 1101 1368 1246 1284 709 696 311 376 697 363 34 1047 753 1340 1406 574 1092 100 796 1181 1181 153 18 1389 796 796 908 175 1203 971 1409 191 1383 1046 974 1045 300 1314 1155 1203 423 89 796 1047 648 986 826 1046 1203 505 1321 28 753 178 753 901 384 416 531 959 170 1325 792 1389 568 1264 903 856 311 1376 34 160 646 1291 147 136 269 1081 34 85 245 1227 648 1180 311 1375 1180 1159 1203 678 406 1166 1300 187 72 239 475 649 1389 553 391 377 1400 384 553 191 948 153 706 249 379 317 696 383 82 191 381 982 648 153 1287 1325 910 4 1177 164 463 505 1376 1358 269 753 901 173 1376 206 659 314 498 1325 1250 1180 122 239 294 796 1000 1301 1400 311 615 585 173 997 303 1226 1325 1276 1010 239 875 582 1156 558 463 384 150 18 1063 384 93 609 239 422 414 1183 742 1361 984 934 1009 1394 464 960 1047 1376 976 853 259 971 23 699 173 905 203 949 1409 743 749 709 709 517 796 963 1282 311 160 34 300 1190 1089 153 300 512 539 1300 239 311 1276 982 691 1166 753 829 579 971 1250 1044 960 648 1295 1002 191 159 1203 379 1246 1211 1013 1211 535 147 707 1328 173 1338 696 1094 694 1389 111 539 225 1276 158 1166 1179 324 709 391 1296 1272 979 1047 1369 1019 39 806 487 153 753 153 400 505 1166 171 784 239 648 720 1220 173 505 1237 191 624 905 1312 837 535 796 776 379 1400 753 1062 206 516 33 657 1046 225 1241 1125 1003 977 1043 30 367 18 753 764 1203 191 1244 1042 535 1049 239 527 311 472 1177 539 311 1050 182 712 682 246 106 753 126 27 32 329 609 907 1156 507 982 960 165 18 742 619 141 501 368 594 648 278 239 1047 648 1229 822 1194 811 21 1166 239 384 1305 533 73 552 881 1039 260 1203 505 645 828 475 1325 124 289 1376 1354 218 1395 1074 195 244 239 905 745 796 160 511 1192 463 951 707 314 696 1180 1117 1157 1119 359 971 579 534 753 1187 308 769 297 1246 469 34 1047 1330 1329 34 513 59 132 120 560 160 463 1149 85 910 627 233 1228 1140 820 18 1182 154 1213 34 1218 564 716 842 276 329 41 1033 505 896 1245 833 384 696 831 603 70 505 342 1400 369 160 908 165 1409 979 609 524 191 583 709 1172 416 822 1325 317 505 1172 235 153 535 746 208 1171 823 1389 1429 1397 1380 314 841 191 1305 921 983 141 788 753 1376 753 367 34 1211 765 379 34 745 974 1409 463 515 18 1190 314 1171 796 124 1190 1402 1376 647 237 300 796 1055 982 890 1376 141 989 591 742 1360 155 709 1079 34 1130 325 1215 1307 737 477 1373 753 141 1313 1348 1166 709 126 1376 497 107 628 8 311 796 286 1047 164 668 818 489 153 1207 1275 1246 191 253 1389 992 18 409 576 406 317 239 539 300 575 1106 239 1352 1397 1117 249 1023 353 646 1187 153 228 239 1181 986 881 1276 331 1047 571 966 512 535 870 311 1123 648 239 314 578 1412 1239 1211 796 1325 124 1337 533 1426 182 634 535 1159 696 32 553 70 1187 102 1425 1195 34 463 505 806 745 300 218 153 1171 505 1220 725 831 22 141 1162 500 1304 1166 915 796 668 153 120 1166 141 100 1263 1305 1047 1271 603 752 773 960 190 1409 369 1369 1047 1128 997 1180 314 823 613 1046 1219 1326 693 418 112 1047 1391 1277 181 176 42 107 303 986 59 1203 6 1389 1316 796 239 742 648 1203 729 60 311 854 512 539 535 889 117 1215 1325 1220 1228 379 34 634 1330 173 512 34 621 836 1187 1062 905 808 958 339 807 379 605 311 720 1384 709 1047 78 311 303 1203 62 70 1047 642 239 249 796 220 1047 534 1187 1263 142 191 1047 505 1015 317 214 1180 648 417 172 58 1220 534 709 982 34 1128 753 791 901 76 1211 753 1304 1203 153 360 1188 830 1325 504 402 1302 1203 1277 505 546 878 927 311 603 1185 1325 239 787 944 958 534 285 1246 1395 1325 239 1297 1083 136 369 34 1121 873 809 239 238 1203 1155 716 329 173 74 173 233 1274 239 213 34 181 293 1276 1389 73 1088 141 136 34 534 889 1262 1171 384 239 1304 1424 1400 218 505 753 455 382 1166 1174 806 124 239 1406 34 230 589 369 529 12 1180 1220 74 867 100 361 1116 627 648 952 1204 17 654 535 955 303 1203 1053 1429 1033 636 512 1367 100 1203 1317 370 648 134 753 70 1389 796 534 1182 1157 1320 648 210 609 148 481 314 753 672 968 449 1390 778 239 315 534 160 228 307 719 844 905 239 648 1339 1171 1103 261 1389 239 603 1002 1155 1338 912 432 276 278 34 480 633 709 648 1400 1359 1171 548 311 1400 752 535 1342 945 141 1256 1180 1031 487 239 639 808 986 505 34 189 1171 1296 406 1182 793 941 1189 1187 177 1223 387 732 16 1203 160 474 753 1286 544 535 648 34 535 1098 538 1203 34 239 1182 160 170 628 160 1427 141 753 384 124 796 1170 72 153 905 831 178 239 1332 1359 609 1180 726 1376 716 1290 409 1325 1155 1211 1250 48 1072 261 164 379 429 34 905 164 164 249 207 1296 960 971 311 505 753 609 1046 369 896 1044 832 239 1408 826 245 191 100 547 59 1016 311 671 935 515 196 34 239 368 801 535 753 413 505 971 578 603 881 534 606 376 1246 908 1152 964 823 1325 534 633 303 70 862 695 875 1060 852 965 496 239 1325 505 1195 1044 512 70 199 468 910 1376 153 955 800 1304 648 64 32 763 153 239 534 32 490 1047 1229 1353 34 315 643 1182 986 1080 1198 648 742 788 603 381 600 370 745 1176 888 905 173 796 161 649 1277 178 505 409 1220 638 384 1336 380 1163 1155 617 1359 550 160 882 367 905
711 821 1007 290 810 435 661 292 199 938 616 1005 560 1020 373 176 700 407 1052 174 304 858 318 1427 279 487 1150 534 577 1310 1076 839 586 802 277 896 586 560 981 708 1076 1331 187 1291 369 1096 124 1163 607 751 708 560 296 651 395 1421 933 1203 143 560 735 151 746 1150 532 704 401 938 560 778 560 700 242 845 296 686 1076 251 5 630 345 1133 913 1307 545 994 349 1088 839 696 1163 181 952 1005 1370 1266 330 944 888 560 401 296 132 1402 799 15 1150 442 708 1049 1189 43 242 1321 68 1310 122 1310 308 993 405 1143 1014 1049 1035 886 108 296 644 839 179 405 889 45 708 1298 134 943 1123 204 1156 1162 216 1086 290 1373 534 302 715 1133 713 958 839 405 1143 560 839 924 898 546 1049 1371 1285 199 1171 1082 498 708 52 777 469 993 560 889 379 983 66 290 364 708 1039 661 1143 186 1237 1210 821 708 615 708 359 498 560 1229 405 713 735 1352 401 919 1039 257 886 240 770 498 931 1156 401 1370 102 401 96 767 1248 1254 875 608 759 116 1220 330 199 560 935 968 1163 432 292 401 660 700 927 1231 657 597 1014 828 1014 1317 401 631 1080 1266 1345 752 726 1310 1163 144 66 1096 821 150 142 700 534 292 296 1169 839 1290 843 498 327 589 854 1048 897 242 796 1232 1133 785 879 345 242 203 68 556 385 163 875 242 547 819 561 55 858 1318 749 136 716 426 348 858 840 319 839 770 147 496 95 122 50 713 560 286 1160 1331 931 1304 858 405 1049 395 330 122 839 405 1318 187 1055 613 289 194 1087 933 184 697 576 560 1096 152 373 122 68 76 304 498 898 401 162 1021 560 267 95 498 700 1310 802 1047 1049 1049 242 1095 796 907 839 1323 933 560 487 726 672 330 389 963 933 45 878 966 579 1087 1002 1264 260 296 322 735 908 860 345 187 4 1367 83 498 1049 700 389 708 1192 708 375 825 1381 216 619 1163 467 865 784 374 534 349 1359 487 1084 560 1091 651 580 136 810 858 1192 401 560 426 1060 1096 88 311 708 42 560 292 1310 330 716 25 40 796 490 1087 855 1321 1192 405 545 204 330 560 498 824 68 498 507 364 1040 174 166 330 401 341 68 796 1205 770 498 1321 431 887 405 162 700 339 1049 796 705 1150 929 498 708 242 330 1154 975 1227 878 296 560 813 315 984 638 242 175 1266 143 366 154 700 507 770 878 886 1009 1049 1119 401 1032 729 708 908 1133 1150 960 701 722 383 78 318 1406 1146 345 332 68 426 747 315 232 292 401 560 1239 1160 704 896 1219 281 970 1216 1411 560 610 181 634 1217 576 147 279 1143 560 333 713 1401 1049 1154 560 420 1020 564 1029 199 76 728 1248 1406 858 713 516 708 1039 950 1360 959 8 1263 122 778 870 1304 935 1310 713 771 1034 532 857 498 839 301 498 1003 1163 716 330 1341 242 1010 223 315 242 1216 560 141 330 71 106 1014 1074 1306 244 1107 144 1171 498 858 708 796 978 980 68 1034 360 498 1314 100 1049 1281 330 1161 1049 432 1135 713 1150 1 802 1049 1087 988 342 297 778 802 1320 1295 839 404 560 494 540 560 866 1150 1150 296 359 1288 1012 771 1143 961 498 601 394 401 783 1046 1381 1026 79 993 345 796 1014 927 1382 498 770 1048 439 770 330 770 21 242 1133 1167 796 1216 250 9 151 1214 768 83 532 1001 90 1381 466 1419 122 312 498 700 1003 290 993 401 911 196 216 139 1091 322 839 42 1309 1010 1328 1095 333 1278 1409 1087 345 91 878 394 216 1400 1377 933 1086 896 236 1092 534 405 1049 457 467 700 1049 498 797 560 1376 1110 1076 793 173 928 1312 784 646 202 436 560 401 993 993 1076 558 1128 68 412 1239 858 1295 1260 964 1233 708 951 122 749 708 757 902 891 1381 316 565 478 993 741 858 395 279 395 1074 777 1192 1193 858 1402 1266 1236 716 71 1032 670 1074 17 359 653 1005 244 290 1430 1365 401 498 302 704 84 1013 1181 1096 560 1329 1074 39 102 1421 1377 187 405 858 54 1216 1060 858 366 401 1336 424 502 1133 2 458 426 84 1046 233 770 918 45 330 597 1049 83 778 203 249 682 1375 735 1260 482 560 400 296 562 243 1106 395 1150 705 1088 1216 1260 233 436 405 1284 242 44 1049 330 1154 1370 376 368 1321 858 560 395 1095 824 560 821 1039 1150 678 345 244 954 700 716 968 381 1393 700 438 216 181 892 541 716 1422 741 481 627 37 1143 260 1074 1087 1369 797 1060 677 858 740 403 15 209 337 153 496 122 1216 565 75 17 487 532 68 40 487 597 1216 37 676 708 993 554 633 122 771 444 821 318 711 405 704 498 34 366 679 470 50 708 17 839 878 762 916 1333 854 1367 1049 839 1096 745 242 744 700 839 1302 534 458 560 560 627 1150 700 778 770 368 88 1039 524 37 1179 1052 782 702 345 630 1009 359 4 575 958 979 187 330 1216 374 242 475 839 1247 824 1216 92 937 78 858 1087 405 1087 1076 632 1174 631 1216 1015 620 739 106 422 1049 318 83 796 627 713 708 1266 700 1176 599 1260 903 1152 1074 575 555 839 296 557 1267 716 560 1261 779 1191 839 242 708 381 821 926 242 878 417 560 708 1353 1318 127 1148 329 1133 975 560 902 1345 878 576 487 700 987 187 1125 812 1263 839 187 532 1171 88 1154 88 107 619 1005 833 796 1310 911 1147 900 942 1083 281 1150 142 510 1171 25 212 1087 1162 375 664 853 260 1266 1014 1003 66 560 401 181 840 708 1267 708 627 283 487 476 1096 1143 627 1265 1380 913 147 487 713 1049 364 42 40 401 163 187 443 839 1286 1331 1242 708 1039 1150 487 839 770 199 1076 1332 1105 737 534 858 1087 401 362 1052 1049 676 1253 509 742 993 693 1310 864 290 185 199 306 944 1087 869 405 872 713 672 498 1085 1049 530 368 1076 83 61 330 878 446 737 1076 545 498 487 1327 532 1419 864 330 364 708 713 741 713 242 1360 713 1028 169 437 700 1223 708 678 466 296 922 878 713 216 700 487 276 326 1363 401 498 713 901 1074 68 1343 1146 1076 1064 839 401 570 187 1052 290 768 1049 214 943 1175 487 839 700 151 401 401 109 1362 401 597 225 1023 1087 395 1047 15 498 251 498 710 336 1203 51 889 144 899 878 1260 345 560 739 1021 309 169 491 1259 401 401 1060 908 768 700 651 1060 1060 735 395 513 1045 770 242 1143 1014 204 122 487 1407 392 1049 330 821 620 938 1249 55 782 1142 700 405 387 545 1154 771 498 68 15 771 1168 170 37 1279 458 958 532 1150 1087 1154 560 797 848 1269 212 374 802 379 348 764 635 1220 336 1143 138 438 933 359 915 560 1100 553 926 55 394 789 739 218 487 592 271 359 508 242 392 244 1143 401 151 1087 244 401 1216 613 825 700 38 230 345 395 979 1001 1049 1217 365 394 560 359 684 1331 560 296 230 88 858 498 401 1024 1399 1143 1095 627 1344 1049 1050 1231 560 1307 911 1154 1141 401 330 401 1052
304 1361 1147 1430 1251 105 664 544 219 587 135 807 438 851 190 92 639 1302 425 530 733 1023 510 127 1251 1181 265 1209 639 337 156 990 97 168 1318 339 995 438 1406 1012 1177 555 1251 1133 288 258 94 169 445 791 1231 438 890 1323 957 1267 1257 822 561 569 705 642 636 796 1251 1159 1177 708 438 139 438 1327 544 502 853 470 579 657 493 883 1240 820 636 1420 77 469 1209 1148 483 461 297 319 1331 517 509 1169 1251 496 1203 438 1414 12 509 853 533 191 265 1226 338 663 176 1430 544 778 1251 1057 589 1395 602 1310 429 548 449 663 835 480 88 21 407 93 193 1266 1131 544 796 975 642 897 1337 951 255 1210 996 1400 621 1236 477 715 1275 820 1253 1266 555 1266 548 438 1034 705 427 129 663 1255 300 844 1051 429 427 502 636 1251 898 1310 438 502 636 316 1109 621 368 465 636 711 548 602 1252 497 947 639 796 1209 465 427 438 1217 157 409 279 1323 378 1156 1424 664 1400 252 1327 427 996 299 1201 1083 115 1420 1026 166 23 1290 1195 404 664 488 1379 639 338 438 1055 1209 1400 583 1188 863 502 686 239 1370 708 76 1203 957 1203 544 596 1056 454 61 636 626 511 553 1147 1266 319 483 1095 156 26 1327 1119 1172 502 71 708 201 429 987 803 240 796 235 465 544 770 1106 820 1413 1430 1240 544 318 636 705 496 509 1203 544 1209 604 422 772 1023 1331 1367 921 549 429 413 1023 796 1209 555 685 1209 234 384 1022 1059 1074 438 1115 153 1 153 135 1023 1266 663 957 1346 1022 708 1267 1200 367 1203 975 1203 913 816 103 746 1287 1251 438 1184 796 1349 858 427 1366 544 427 669 1166 761 759 438 473 987 427 1327 251 114 1287 663 1424 544 996 355 692 555 1129 835 438 513 1220 712 502 436 511 1014 282 867 817 95 611 636 1230 1208 1327 1335 709 502 104 1240 427 1106 852 96 427 663 921 1342 438 711 820 213 456 320 1251 636 131 430 133 1266 1133 636 105 708 1251 803 438 375 51 1316 502 110 1023 399 1165 438 544 1017 465 511 1316 1195 425 438 252 1042 502 1133 43 772 1134 1195 816 1080 705 160 1198 1296 1266 502 708 427 1022 404 427 429 1084 1290 622 110 502 1266 404 1173 967 1133 337 427 705 983 1133 86 427 532 591 1402 159 681 111 180 427 271 544 1266 502 954 915 1014 502 783 1018 482 29 502 544 513 438 1240 362 1203 987 429 49 479 502 1266 663 1039 1285 323 1251 1195 449 820 636 368 1251 1375 1125 513 664 417 449 1240 1177 164 940 718 854 1424 982 1266 1209 217 626 1402 195 377 84 484 1266 1350 1209 1420 717 283 921 1203 1208 1185 548 438 544 585 502 663 1112 708 429 1424 10 336 519 1133 638 1029 268 1023 775 368 449 333 879 1040 590 1103 1260 1022 43 407 292 240 758 312 1209 483 465 691 636 1 427 427 1013 705 334 502 1321 544 1177 118 88 544 1266 438 1251 623 1380 23 449 636 364 745 51 1266 802 427 382 555 1022 1380 705 430 1073 593 427 1085 626 663 465 502 316 663 460 1424 533 54 705 1209 502 544 1400 1251 1053 1385 265 438 506 1131 1372 438 437 170 438 1429 796 1251 406 1200 1413 1289 1209 548 502 427 636 1380 1110 612 1384 945 31 1209 1310 1240 755 117 1209 577 427 196 21 1009 1203 110 43 621 633 820 708 580 1266 427 862 502 185 133 96 1251 426 466 982 365 1210 253 1004 1133 781 876 1430 987 1375 43 1244 1023 1161 593 708 708 1195 763 708 708 327 188 1411 747 816 1240 368 867 621 996 566 129 705 978 1390 430 505 1194 1266 625 1219 1073 127 602 241 97 438 63 1090 250 1063 921 437 493 1331 229 1115 1046 805 743 403 1310 765 1295 1400 636 406 1400 1023 85 550 1203 427 1177 705 651 84 216 636 106 1154 972 502 244 1209 1310 229 265 1429 341 1187 705 635 882 1345 1023 767 1424 820 436 154 890 1337 844 636 465 608 48 465 1430 999 1290 1121 427 1413 998 1203 636 1178 1097 438 427 752 636 263 1421 537 1414 848 1023 1250 1266 987 74 362 877 921 353 719 820 735 1221 1013 288 917 564 693 835 63 502 714 979 991 346 502 717 262 1390 709 708 890 438 404 502 1418 502 1420 957 265 1396 502 431 708 240 420 285 427 544 1061 663 502 1340 192 554 1144 705 1023 438 1429 1420 46 438 891 928 636 601 1240 987 1000 642 705 315 996 380 353 1018 466 1112 720 835 244 1349 229 1255 66 498 368 1051 636 53 1330 624 1420 61 1023 495 921 191 1209 713 368 708 1400 1266 522 867 6 905 60 734 890 820 76 949 733 1380 1327 1310 1134 147 1022 1209 721 1036 754 1364 642 718 427 828 362 583 273 1195 449 119 999 951 483 1298 961 502 404 1266 64 178 1251 544 636 1327 1131 832 1258 817 1209 438 449 427 1327 914 424 68 254 1251 317 567 784 636 1330 1223 126 1365 176 465 498 1430 1266 496 1251 864 70 1261 544 228 708 290 1380 1266 708 502 978 1023 528 1266 1067 1339 864 504 1360 1266 1081 665 63 354 537 663 867 561 1221 1195 226 502 130 128 467 478 708 967 109 636 1203 605 708 1182 450 622 1314 438 1161 835 142 1217 544 502 955 1393 597 544 867 1195 438 520 702 410 319 675 1249 820 1225 280 502 805 939 7 427 1327 980 1133 460 502 427 517 909 1251 1334 1078 1037 1337 636 1266 502 425 496 452 67 1005 721 708 1201 636 583 1097 1006 773 1346 229 156 502 1327 125 899 591 1424 1203 913 796 438 1157 577 1429 502 1102 1177 502 588 497 719 247 548 621 902 1198 887 1023 372 181 663 304 1214 639 775 247 1024 1195 521 497 949 900 1038 1070 404 854 1131 1043 53 563 465 1203 155 1244 1023 43 863 632 705 663 1064 1266 998 728 1310 1148 927 1062 126 1213 799 502 984 515 971 161 219 116 745 427 471 663 1395 229 1261 96 732 502 867 427 333 369 809 636 1195 1209 502 306 869 217 663 863 1283 229 718 544 265 205 664 278 847 36 1013 1424 327 363 502 496 843 1015 1014 1327 1413 229 886 332 863 427 718 1316 92 1275 1316 772 235 548 496 1266 1071 243 1276 319 690 663 1023 1201 454 403 636 1430 502 863 240 1252 38 537 43 722 449 816 1429 890 191 1251 921 427 368 282 502 1074 1125 1266 241 867 533 429 438 996 1177 32 402 1331 1147 1218 1316 992 449 29 240 1133 987 987 709 106 462 444 456 544 707 1203 1266 1022 1102 1346 1246 243 61 490 528 368 553 395 1413 1271 736 1069 403 202 434 1209 149 502 191 1209 664 1203 421 548 147 1266 502 265 748 588 100 740 1035 1078 1247 1220 1195 317 1 1195 212 502 1395 1209 885 1354 302 465 439 438 885 831 272 1327 370 987 586 743 404 921 810 465 1414 663 509 906 206 110 502 816 511 1220 1266 107 1008 642 1050 54 1240 957 872 1024 663 1026 951 1195 1420 465 159 438 1370 370 1133 1036 1023 427 863 1026 818 834 996 77 1238 1104 585 1256 438 386 1268 1162 636 1085 1424 863 792
1067 373 319 1186 670 718 706 1115 960 770 1321 779 796 828 1262 1295 863 548 657 415 1251 633 227 652 383 1377 614 1301 666 1313 863 450 578 1108 791 578 1123 1184 167 215 970 105 551 76 611 1423 837 1391 282 972 877 462 1424 516 520 582 1172 614 810 931 976 1203 136 1364 877 414 863 251 1184 101 796 976 1115 742 578 268 1046 798 238 761 733 1383 1295 43 1301 570 1291 157 450 1067 196 1188 509 796 903 1301 1172 1032 614 222 1259 1239 903 869 1129 1191 617 1281 387 1089 1123 1184 1115 600 1313 772 1295 890 80 836 518 863 954 1089 289 730 156 832 667 254 499 643 225 1115 621 450 696 828 1224 1035 526 478 863 736 603 420 1301 450 659 194 365 1115 450 856 976 796 450 1143 1250 1184 1089 1187 1301 960 133 1327 841 1421 1006 1249 552 836 222 1172 957 577 222 605 1412 748 877 1395 402 1384 50 578 373 1172 185 1291 334 1091 1184 1408 693 260 1329 1215 1318 255 1129 924 500 33 772 1091 1066 960 1259 903 1301 1184 568 709 468 551 954 657 706 159 533 1179 556 796 1066 834 736 196 1250 1259 551 402 1120 765 771 359 614 307 614 1115 1259 1260 1124 1172 1250 387 202 1425 940 136 1023 1042 373 137 1172 402 1301 1250 674 1232 450 527 1206 33 613 467 1029 1377 874 1032 1152 1055 241 479 1142 733 1115 775 289 1188 162 557 614 1115 1017 196 499 518 633 1311 754 345 33 1155 282 254 809 1291 450 988 1424 435 908 1295 905 1066 450 741 1301 105 1111 575 633 856 1089 520 1055 1295 450 1066 714 1091 614 1 614 1128 240 551 1067 796 57 1184 21 828 3 1295 1250 297 240 1091 569 185 450 1366 796 358 1273 506 402 890 1108 1183 1089 387 240 650 1152 517 450 1208 1232 450 302 237 181 1172 1301 463 828 888 1179 496 721 1388 524 289 634 147 1161 389 1172 863 733 137 796 1266 556 895 1089 1203 628 1291 257 863 696 96 978 260 982 1398 1243 1384 890 993 1301 551 191 33 1231 1184 309 552 1020 1172 638 633 257 1409 24 1115 583 289 679 518 796 657 1184 1250 647 1172 231 1240 1045 1152 37 240 971 506 257 240 133 11 1172 815 1091 22 823 1091 1196 1068 785 426 822 863 1259 64 249 1152 1213 271 1091 472 679 57 930 506 667 353 1089 1152 1270 136 720 657 700 240 500 1179 255 1291 628 578 354 1408 160 369 1172 1115 1250 976 1055 796 614 417 155 277 628 111 1290 1089 194 1161 289 1409 1184 706 1234 863 982 1057 1233 667 77 1228 679 1409 733 863 837 828 667 160 454 1250 500 1291 1346 53 1364 691 1067 1129 536 856 185 1291 221 636 387 67 614 499 1012 1066 450 1115 1287 1172 1089 1084 1389 679 841 1399 888 960 535 72 650 1307 633 940 212 402 467 863 1100 1142 1331 198 1295 1240 500 417 700 890 1066 982 692 551 614 3 450 289 1091 110 1236 33 215 700 1115 1038 885 160 863 856 796 333 863 1117 432 614 675 668 971 641 1360 1377 1091 992 976 1172 37 814 1074 971 791 877 926 238 1089 88 1172 742 1089 937 219 923 1277 551 1291 1172 240 736 690 907 468 1208 862 930 450 1351 965 253 1006 1184 1156 388 863 578 227 95 1145 303 260 1172 1091 927 395 500 157 290 755 667 1291 836 733 1152 88 817 454 721 389 164 1066 614 33 667 288 1179 378 999 1152 856 657 1032 1203 795 1018 556 402 700 1301 318 1428 144 1295 598 76 178 909 1362 560 733 122 363 633 1179 902 724 450 165 1422 1032 450 279 1374 557 303 240 733 354 628 353 402 817 1184 551 500 388 925 1424 1301 453 426 571 387 402 498 119 1072 222 91 4 1356 790 1209 706 1065 419 633 255 828 1042 426 791 836 415 135 736 1142 175 98 633 614 1091 614 506 877 587 1295 919 877 25 1148 683 1014 1172 33 1291 836 1294 633 520 450 520 1091 677 38 1364 633 1259 863 1072 1115 569 941 1346 1091 710 108 728 40 215 976 1087 387 1259 1091 850 567 614 844 450 1172 1184 578 111 819 541 993 172 1091 518 633 450 856 257 346 307 1259 6 483 1412 671 744 18 828 645 33 1232 445 289 755 1172 450 330 910 908 1172 813 1280 569 389 645 1172 796 940 1172 1080 1172 180 520 624 1250 1172 856 98 203 594 203 1162 240 366 1089 674 1179 903 1107 1189 217 633 796 520 139 52 1291 373 1150 863 578 733 215 1160 1203 695 166 1158 450 402 734 758 1080 281 1179 227 1 138 550 693 58 184 676 877 1370 628 43 1184 937 633 877 1257 1069 1291 1291 1016 450 736 856 421 122 1357 1377 557 289 1424 1377 108 856 1241 448 402 836 255 573 1295 830 169 373 893 175 1203 667 1091 1134 1256 26 32 897 520 293 450 628 828 885 578 520 1003 240 450 185 766 1115 1282 402 450 148 1301 788 1291 796 1172 1199 1152 300 289 691 679 1408 551 378 263 657 590 240 733 722 204 797 706 931 1115 868 877 578 856 289 1115 1415 450 304 1363 856 542 1172 1117 633 338 1425 798 637 330 815 1071 856 797 450 67 121 552 1089 578 556 1152 1291 1066 114 183 402 315 614 1027 1098 979 33 614 232 450 1225 252 191 219 796 435 1159 183 450 1115 1172 402 373 1086 240 628 1328 222 1172 716 794 1023 956 1184 706 406 796 1172 672 628 500 495 976 1420 398 512 1172 100 450 1301 842 864 679 1179 679 877 807 1172 657 1152 217 146 1250 828 465 1209 877 936 489 1066 219 399 1183 240 1172 359 1259 200 227 976 614 700 723 1184 1259 1371 1130 551 611 863 446 1158 1377 1095 21 976 734 100 1133 559 1341 893 110 1089 1052 256 402 759 148 1091 954 450 794 628 1218 296 1304 270 559 450 1160 960 1369 678 614 863 1301 633 578 1259 598 726 1089 56 92 1041 148 836 614 885 549 923 418 960 674 848 1187 500 1151 1066 1232 1052 1091 1172 812 924 1218 1411 556 828 1172 628 399 1301 985 869 551 954 1164 863 976 759 1172 1068 582 608 44 667 240 231 417 706 656 1329 667 808 219 881 667 215 367 628 1033 1066 402 1269 514 1067 1232 1259 1354 667 1246 33 51 125 276 856 387 450 877 211 614 87 20 740 1089 633 235 863 709 1019 614 1172 1259 904 1038 996 1259 311 1430 614 240 520 1227 699 1050 914 364 1005 1133 1172 987 910 239 219 628 996 518 1184 1066 222 1301 43 1131 609 850 1094 319 568 1018 219 76 909 599 389 583 1067 88 1397 1115 578 614 885 1295 1384 673 1261 727 1172 373 937 1412 849 231 1396 1192 976 863 668 1155 1179 1320 684 1172 289 1163 706 614 1185 739 1394 500 1172 1258 1066 1185 796 300 532 198 27 917 1108 240 450 954 726 1172 290 976 727 734 551 1040 1172 222 1007 1001 756 215 55 1068 768 1295 160 663 33 33 728 240 1250 215 387 877 1172 240 215 1054 856 1188 121 863 126 658 733 520 50 86 240 718 214 728 1184 669 857 105 796 1118 76 679 633 481 1054 863 941 1066 976 440 1417 452 924 670 1184 1301 74 1179 955 1259 402 1259 611

proba init 0.1 proba clean 0.35
284 688 150 1295 123 429 1262 972 1047 1378 676 1055 664 1236 1157 1207 1317 898 1171 1351 28 1420 1405 342 1200 1254 1331 620 854 1414 889 690 812 866 473 1294 428 701 297 657 191 673 194 81 1157 1093 917 508 748 1234 690 763 1298 194 139 1358 294 454 902 998 194 300 194 660 885 1387 889 1285 850 679 244 1317 391 539 1318 329 191 1013 169 1043 96 845 453 56 682 1227 641 636 946 706 1254 225 431 1028 1348 279 1262 1192 856 1250 618 1228 1349 278 1141 959 1331 593 337 582 119 106 565 1333 354 568 480 370 829 1422 889 690 1051 715 20 341 628 1318 1053 254 298 835 568 572 988 940 479 942 546 13 337 927 690 1112 1380 885 469 449 55 845 48 565 673 889 690 396 703 1318 266 701 1072 1041 710 1047 297 1337 508 690 685 1427 72 989 1269 612 874 1317 641 483 123 243 885 436 1262 508 1318 432 252 1317 138 641 1322 508 813 660 1139 25 1093 160 606 725 885 965 443 194 1147 508 690 481 1336 105 1084 701 878 55 163 579 1238 194 1364 860 162 1262 24 65 168 775 1112 390 177 971 1318 1317 453 1411 1285 1250 1051 150 1051 1348 984 377 1111 1262 1111 690 1387 893 1297 835 803 676 252 1208 361 1317 974 386 1318 20 575 814 477 194 779 1 1126 845 1051 660 7 927 845 906 865 558 565 115 1171 194 657 889 96 1260 808 344 194 590 1420 1327 432 1213 15 889 889 1148 682 641 1426 1147 641 235 20 615 466 289 1080 1330 526 673 1153 998 1148 889 165 831 1388 949 1203 690 147 194 831 354 1051 1399 218 1291 591 434 819 701 545 1331 841 414 1171 489 1008 508 424 489 1198 20 335 1411 889 508 1317 370 641 221 1072 690 391 690 985 194 1203 207 20 1384 1411 1340 453 1317 620 336 1284 487 1410 476 725 762 194 959 748 1318 970 1429 1318 435 1364 1307 1067 359 153 981 715 1317 1411 478 723 1317 155 1072 1426 337 194 1258 657 363 508 34 686 1117 1407 243 614 701 526 927 821 1318 1411 1148 1337 198 638 576 312 1378 334 432 477 508 478 225 1317 1185 81 337 429 370 185 192 391 1171 1337 660 59 835 1318 440 508 362 660 508 645 1054 449 545 432 123 889 194 115 1409 311 1147 508 194 334 857 305 757 432 688 1272 337 947 260 1380 508 1029 391 1251 1318 245 1415 533 1318 245 885 953 56 886 565 1411 337 187 176 589 1317 743 1147 533 1319 162 715 1227 1005 1371 1262 641 606 845 1171 1048 56 901 432 1411 1216 334 1253 484 1135 659 629 1083 1289 874 225 160 641 418 894 464 1153 352 462 4 889 470 641 179 137 1262 13 945 123 130 690 1203 1070 952 1318 715 432 303 334 690 747 195 1047 159 1101 690 953 1148 259 232 1029 885 20 1188 678 660 1366 171 399 1343 1162 239 370 1116 219 1134 194 554 194 673 881 508 446 1052 1150 1318 1029 391 320 251 1098 565 580 1039 1016 1397 870 827 1051 194 1328 1357 232 835 297 508 1148 803 1318 687 194 660 56 73 508 682 5 467 929 1318 889 715 695 995 87 685 1318 641 413 432 1112 1089 1361 679 1331 1013 433 438 894 588 1378 620 396 500 158 1171 1318 1150 1343 574 219 690 1318 508 607 1317 764 807 1129 1018 432 641 1061 1133 1262 56 734 833 981 1147 194 432 1051 1171 702 333 505 845 79 1262 889 1314 93 864 1318 1002 153 602 1029 152 412 1084 1014 611 632 981 684 446 580 1373 498 19 453 337 239 488 1366 1203 169 239 871 617 157 463 177 411 967 490 1230 229 1081 690 150 572 243 1039 682 911 1298 802 835 409 601 310 1317 439 485 812 1300 544 337 799 114 1294 104 833 269 269 245 1429 248 1039 1236 1318 191 709 1112 803 205 1070 1148 1051 103 855 64 660 56 602 862 477 733 401 141 1425 1318 660 641 1080 265 1148 265 1253 747 194 794 1029 245 1148 181 1262 1044 660 1026 432 1079 194 719 1239 1330 305 1319 786 774 982 889 508 1082 636 1394 1052 1260 949 641 857 832 803 651 803 533 607 889 1420 1310 889 143 747 176 762 938 900 1405 1325 339 331 1429 1189 952 690 444 20 692 1318 673 277 1117 679 191 690 293 1383 1429 1285 477 478 257 1318 871 1347 480 631 1331 1108 653 889 1427 677 660 1171 1375 707 1013 715 1318 660 576 592 561 1318 1148 478 295 690 1056 641 1096 1417 194 85 213 1202 241 1317 194 1088 690 1147 1317 56 337 738 475 245 1150 403 978 690 1326 568 489 667 1303 337 1197 56 641 24 1148 57 827 959 641 194 810 744 1112 889 1291 1164 214 57 885 959 1298 1404 68 889 775 853 337 1335 725 1140 1313 219 511 252 358 337 889 432 508 634 176 1310 951 1096 477 1391 1357 533 312 745 727 1318 660 715 662 434 508 565 803 1317 673 549 1260 1166 641 1267 239 23 1317 679 1147 432 334 885 605 40 20 1171 497 624 1209 803 497 470 1141 357 176 657 194 1262 889 527 565 1318 1210 632 1376 889 1187 837 914 1148 1179 889 881 477 572 572 1005 889 690 535 249 42 892 1049 194 153 497 641 690 660 1102 1317 26 1209 1068 65 1293 56 227 892 1274 1318 1035 198 180 478 573 20 1199 697 565 690 1186 252 641 565 454 1157 158 1318 194 523 226 432 699 142 42 728 650 858 641 1269 194 1317 291 227 259 1318 69 1136 526 1175 297 334 111 334 1159 1218 1318 1070 480 381 981 225 1429 52 748 1006 805 409 346 297 1344 1317 570 1318 508 874 1050 1150 690 1400 446 1315 701 695 94 1321 1318 1157 1317 1318 515 686 650 1146 582 690 999 177 524 1420 757 1189 1072 871 27 202 438 1183 508 1157 101 137 533 679 477 885 660 1307 1147 1147 1047 191 824 148 55 495 1148 432 838 1247 670 1020 194 835 747 781 923 1229 659 546 717 312 1047 1318 1276 432 1167 913 558 1317 871 194 171 84 741 74 95 153 1429 1318 533 253 526 191 476 855 307 1080 1318 1262 1197 222 715 1262 494 637 432 391 1355 1149 107 56 646 432 795 1262 157 432 1318 373 533 1281 337 690 417 33 397 20 1042 508 749 1264 194 1171 217 1368 456 70 906 194 1351 464 670 913 1002 251 1148 67 729 785 2 477 803 318 794 1224 191 330 401 1073 1391 515 653 584 959 508 323 508 509 52 1318 1368 342 845 694 248 386 1198 1267 337 321 128 56 495 827 1370 112 773 1286 1002 1317 981 621 1399 1429 1049 1363 972 1147 565 690 1051 835 342 1325 1369 245 101 194 252 1079 708 105 23 1171 490 690 889 249 112 77 219 477 1318 959 219 1066 65 374 690 161 429 1318 1331 432 265 311 1132 682 994 808 725 657 432 846 1157 216 1318 1129 1262 194 991 1003 1397 1318 125 690 1067 723 885 1171 46 337 251 1171 890 1350 277 1318 182 179 1280 362 797 1318 881 799 893 889 948 1118 1317 1416 1126 591 821 597 177 715 1066 38 1171 1098 94 729 115 478 1318 675 334 1420 508 701 665 843 690 690 959 679 1389 243 477 687 526 489 832 1169 253 1262 935 1157
1108 1358 240 46 213 1021 1223 1424 1398 68 521 612 136 958 702 1301 494 990 653 98 999 992 693 36 800 907 1355 108 313 941 32 714 160 919 758 807 889 1391 223 713 32 1323 681 1240 316 644 981 923 184 421 714 1391 663 714 1292 325 504 732 378 1167 873 629 758 1196 1095 102 702 1124 1391 622 1131 494 1010 174 160 1010 32 386 1044 434 167 1017 351 725 108 230 853 84 6 1108 747 1212 54 786 294 108 1382 941 208 136 807 82 1212 1145 930 410 1196 725 494 1089 483 1211 182 1061 141 1043 369 53 339 269 784 714 977 1223 790 466 658 157 1314 701 1135 753 829 1010 26 537 542 123 1121 555 713 873 713 1127 780 1225 108 722 386 1017 620 933 904 784 160 668 892 1105 759 1197 308 761 108 943 414 1420 1042 713 1161 225 725 504 136 873 373 484 136 933 919 37 663 941 702 1139 873 512 826 494 543 136 1227 681 1391 1374 529 620 527 311 823 410 324 1400 1398 1098 89 681 714 494 386 1269 108 330 557 202 462 504 290 54 1223 631 674 1365 1051 1391 714 847 942 99 711 532 290 494 860 840 1161 801 239 1204 1211 1023 283 499 893 160 1169 494 10 901 1136 560 190 114 1138 404 826 494 108 521 873 1128 582 1292 1420 504 608 514 132 380 742 182 456 1379 1017 203 679 125 1010 1388 504 351 1323 784 1173 1010 847 659 723 81 992 588 512 1111 81 1420 120 618 481 853 403 89 941 1167 935 282 525 620 1391 390 673 1323 1389 1098 992 784 814 245 1067 796 359 713 743 504 99 141 164 37 1011 46 1108 1391 1139 1391 1271 335 828 276 353 339 1010 1042 1185 1065 1133 887 1391 1250 579 681 494 53 1141 421 1006 461 1010 1139 456 241 549 543 790 1391 1282 1188 524 873 108 881 1152 1194 256 1143 396 297 609 609 54 351 914 1275 1365 1303 125 155 210 609 956 1042 1120 483 7 136 408 1376 542 365 1247 461 950 280 1262 628 998 75 145 791 696 273 1012 136 1407 622 263 1105 740 992 408 404 1391 56 1139 713 1068 1420 290 54 136 681 763 239 1265 1004 301 456 338 1010 864 609 408 725 653 1170 239 750 1042 920 887 681 784 703 772 351 491 873 784 54 979 456 681 89 681 45 1068 1182 975 609 791 1143 502 873 1131 1196 9 1042 713 1010 1099 494 754 1245 914 157 1156 1089 1413 1428 239 182 747 852 1414 1391 73 663 1420 89 240 873 504 437 546 1348 609 651 290 1223 1017 504 1073 23 1127 791 806 1085 1068 1376 125 702 254 1420 658 645 1173 902 880 853 641 54 24 298 1108 934 461 784 523 1391 624 735 713 505 12 60 622 791 1391 880 620 873 404 1165 1298 1068 461 256 609 698 681 900 136 189 992 620 15 713 669 1312 528 478 751 1067 1088 912 1066 1150 631 53 620 690 1139 1095 1369 1212 1323 609 681 87 504 504 160 853 1010 1233 203 1114 182 784 136 1139 702 730 1247 493 504 874 864 885 753 353 681 1413 873 873 1061 504 1073 864 164 681 405 1074 823 1054 239 784 1381 498 702 620 107 373 1391 239 1010 1419 725 1180 864 1034 203 412 35 538 1283 615 472 136 1292 1196 763 157 118 203 849 690 714 1105 681 163 713 859 736 241 429 791 853 1045 125 713 775 847 821 681 89 698 512 636 81 900 280 690 1017 796 456 784 54 941 494 1418 291 106 1095 565 108 188 822 1175 554 1299 594 1143 87 478 504 211 238 1420 992 46 1384 780 450 290 631 1200 802 520 504 659 702 504 125 919 104 1023 714 341 1197 273 51 527 1061 320 108 753 247 609 184 1353 554 1311 962 136 1372 784 1359 529 1136 1223 1139 661 556 995 361 1122 12 494 1008 32 949 1211 1418 1195 1177 466 1253 504 549 609 494 1384 1255 1068 494 1347 619 66 291 873 1212 853 838 556 992 1292 1245 106 504 518 917 1276 992 804 1082 54 933 233 791 6 504 915 725 188 141 160 683 622 573 702 681 754 390 1264 1218 369 239 1391 512 345 991 637 772 357 504 784 992 463 784 408 715 990 708 1332 104 919 1017 759 1018 1139 831 1212 570 272 790 1372 1105 1323 105 821 1109 239 548 955 454 1047 98 383 136 504 873 450 239 118 1256 889 563 763 784 681 1151 418 725 1420 1010 650 1103 1105 1320 1248 736 1292 351 992 136 1292 1419 1135 136 1032 104 1196 160 125 562 1112 713 504 440 567 1345 494 456 713 735 361 779 670 629 556 281 793 898 1292 377 351 844 46 1283 1391 450 992 261 851 212 853 556 789 489 749 784 1077 104 515 461 1095 609 663 108 801 784 1244 1091 873 482 941 763 1309 5 941 53 620 729 641 791 681 409 1391 993 941 290 1095 1414 1285 688 1139 234 160 604 504 753 1288 406 233 182 952 713 25 663 108 260 853 136 631 1196 456 1057 89 791 1068 143 494 145 422 821 197 493 167 1362 575 1112 1223 597 421 899 504 317 784 999 182 350 876 847 1183 753 1423 873 10 992 859 784 343 32 221 139 609 784 702 193 352 1013 725 318 852 351 456 290 714 713 1220 494 1143 1099 98 791 23 504 169 494 505 1093 1221 401 532 136 1187 790 1010 34 421 873 671 56 711 182 104 290 136 873 600 935 1258 512 321 1017 72 136 239 1165 587 262 504 494 713 681 218 873 1199 1101 673 1095 1263 1068 231 1068 702 344 873 54 494 1374 430 669 71 98 49 351 1196 494 412 194 473 556 512 873 1371 33 445 1341 515 775 87 360 1391 649 735 1292 873 1164 494 239 977 852 203 1199 461 873 504 535 848 19 852 620 1094 450 1263 459 54 663 681 290 1329 1018 1265 702 713 669 1196 958 1323 89 1300 32 877 367 702 108 992 512 784 1011 535 1217 416 753 780 242 1037 19 891 46 46 1396 299 1105 748 784 885 865 714 620 450 681 763 1220 722 556 897 862 118 763 1215 1104 673 32 730 1048 290 847 494 368 210 239 453 48 620 556 791 1010 850 620 1223 1150 1292 791 1061 487 73 791 239 671 369 620 461 494 203 556 1108 756 784 326 617 764 504 825 809 1096 32 1207 1323 504 1283 1066 908 46 317 836 649 844 77 1171 811 494 239 784 711 749 213 1254 801 760 501 1010 1292 663 48 155 974 681 529 46 239 504 1075 1237 371 104 191 1420 226 352 696 518 1150 54 903 573 46 1009 1097 681 494 338 156 504 73 884 1108 878 89 182 713 669 1420 103 734 570 43 986 160 845 1283 919 609 608 504 1184 52 784 941 1420 1378 690 494 873 1084 690 663 1261 261 461 1420 933 873 1419 512 437 136 454 790 610 409 879 290 1010 1037 290 437 873 178 622 536 1247 592 81 873 136 714 534 846 873 308 536 352 206 504 1004 81 739 873 1010 605 887 610 504 873 1010 1389 1223 784 351 713 494 1365 409 125 1204 453 732 1010 366 466 290 1391 24 203 1379 11 873 1330 1068 992 681 627 1021 879 714 461 273 75 736 273 980 1391 673 33 1314 245 922 702 689 278
103 440 574 329 839 165 946 830 530 17 333 398 931 535 999 1251 1175 793 3 499 835 1134 744 1220 1388 217 743 927 74 751 927 311 1162 24 124 285 219 81 543 642 1133 849 1032 1291 1005 1195 58 691 513 816 1175 190 855 1088 1184 1108 300 322 739 669 121 772 4 815 819 1415 999 992 81 1054 931 121 431 1213 193 921 885 259 131 702 616 1085 252 273 981 794 41 1045 364 941 834 1032 223 398 1057 927 300 391 986 326 38 583 1032 586 836 998 291 1397 732 980 375 769 561 736 1002 550 203 931 1205 1251 576 1416 1305 735 144 394 539 1081 449 159 37 432 927 586 1039 266 206 1380 329 181 1175 1270 1175 1005 74 927 786 612 1046 1085 311 815 81 576 121 871 147 230 791 528 980 104 927 530 1001 1052 742 1175 1373 685 521 1251 882 300 223 576 748 590 1059 964 815 926 999 317 225 165 284 649 493 326 201 815 1017 68 1268 311 1158 211 730 519 1395 946 730 682 198 1291 1137 1113 38 1057 927 1381 788 811 140 999 86 255 946 879 496 754 772 931 1291 87 1005 978 276 38 86 36 475 64 308 1255 381 1323 210 1323 38 1324 534 300 1279 1175 1086 75 825 920 719 476 784 1096 364 754 927 1049 895 144 1148 1160 927 217 28 554 531 1065 1173 980 3 126 827 965 100 1264 561 597 1307 432 690 790 432 561 1198 204 927 604 465 573 990 374 217 38 879 905 771 894 369 584 772 149 144 686 1269 311 81 1133 927 917 446 754 607 576 980 284 574 983 81 1175 515 1142 991 1158 85 753 506 785 764 104 1137 81 226 1332 615 441 1045 611 561 217 1293 730 411 144 64 839 64 1291 999 1393 24 1395 980 1175 561 1137 1333 275 81 1005 144 81 63 1086 475 300 409 1116 801 261 19 153 259 651 1422 149 1301 250 1291 327 300 468 1405 1291 963 149 312 1291 735 1404 927 81 1158 732 321 1180 717 1291 815 266 217 535 566 1291 1285 614 176 1137 1219 81 921 242 1387 300 1339 821 1118 233 81 561 317 466 958 1013 86 47 81 1282 1343 300 1291 922 1141 3 782 57 788 927 241 398 404 447 300 968 815 1092 1390 1291 927 996 501 428 462 300 38 1285 1395 3 1291 869 1291 231 462 1291 1396 627 165 153 980 1175 1303 321 940 754 1175 431 730 300 519 579 643 107 519 1266 1285 398 300 561 63 931 495 109 59 217 927 815 146 151 463 735 794 1171 149 1175 86 669 1085 516 1246 538 1097 400 63 683 1071 948 740 999 594 561 887 1285 376 477 730 772 508 1014 192 556 114 836 791 576 1069 772 75 79 1175 111 427 611 393 999 81 1395 311 300 980 513 149 958 1175 396 149 530 1291 144 559 1381 1241 311 669 1175 1050 144 377 934 217 636 1251 922 730 712 1395 925 311 349 1137 754 1101 217 917 149 815 1149 217 815 642 604 561 226 965 1285 980 265 931 1137 999 12 727 669 217 548 1145 932 1191 34 815 947 121 300 740 999 1243 398 1406 815 356 1399 980 1015 300 576 980 452 1246 311 311 300 772 300 561 1005 1423 72 1054 942 965 113 1032 428 979 488 927 772 1402 815 1175 1303 1167 965 45 1132 1137 300 1291 1193 1175 730 1303 742 1015 165 460 1251 218 1175 129 536 1258 815 790 1167 165 466 999 922 266 1083 1085 732 1175 576 927 288 300 927 14 312 819 604 927 211 1133 48 1251 85 1291 153 685 1232 217 38 922 475 1175 475 455 1288 481 86 1300 223 81 1291 955 138 999 71 209 1059 637 905 1137 927 586 75 730 356 57 35 927 632 131 149 885 1032 1059 1323 1184 326 1167 259 744 1044 786 522 1137 789 1232 519 188 1177 837 927 1251 885 149 1005 217 416 1005 535 1151 1363 1292 643 999 217 914 669 1175 855 449 859 824 300 1032 772 1251 1232 1268 536 513 742 815 1395 1133 519 146 38 1175 1161 815 1048 821 574 217 970 560 855 398 642 121 974 572 38 815 309 455 1330 359 204 445 81 1347 1115 794 154 821 1269 217 927 1387 1267 576 217 994 688 38 756 1134 905 1085 149 885 1137 1018 1032 695 1122 144 1167 300 929 1368 167 1054 1035 1094 378 699 327 631 300 931 908 1175 1347 300 254 1370 476 307 1077 576 1350 938 1395 754 1173 561 967 735 300 942 1057 1414 536 300 206 64 1116 50 590 772 1134 1236 259 1406 663 642 1406 1175 217 837 941 1290 1386 273 1175 1405 188 519 195 275 1232 1327 1259 702 1059 881 435 1416 271 273 81 184 947 320 536 394 374 466 1246 128 1005 576 1162 100 613 1412 819 144 35 1085 606 576 702 332 1175 1251 519 251 160 1134 514 1406 320 1291 576 1185 815 1109 931 729 222 86 819 75 81 1375 1137 1064 316 300 155 980 435 1055 206 561 821 1175 81 1264 927 885 359 326 905 815 669 1054 1085 851 958 927 447 548 144 1279 915 1291 29 300 1110 37 669 1297 561 1281 217 1175 576 491 561 300 81 257 905 576 68 300 12 1175 896 691 1146 983 586 586 149 576 999 1136 1167 1319 273 980 125 312 541 740 165 1175 1175 1097 153 975 1019 221 1327 217 711 754 18 431 386 1057 999 931 1074 144 431 278 188 300 451 1414 567 561 805 86 931 300 1196 515 201 165 355 1085 85 326 300 1279 1221 75 1291 121 1175 1291 1248 300 1330 81 927 819 302 1404 1284 958 999 988 300 619 787 68 815 545 582 1409 140 484 1051 882 165 629 1133 1163 566 300 754 38 915 195 121 783 604 981 81 38 856 989 300 1088 1175 902 1305 355 965 1171 121 1291 927 667 315 851 1409 85 980 1308 436 727 732 566 618 86 1172 969 1193 1054 1175 1368 815 1281 147 847 530 304 762 903 999 927 1256 165 38 230 376 735 1168 764 919 50 1251 1131 696 1065 1065 317 530 300 1149 165 1428 321 713 311 1424 1291 300 980 491 1045 750 624 946 300 186 812 927 885 583 815 86 1220 300 121 1065 300 735 158 311 1232 431 561 259 311 946 1339 1269 1312 735 1175 377 298 642 1040 916 311 1291 765 965 1032 29 144 38 658 1097 1214 815 221 185 708 885 485 346 730 741 401 1015 917 242 980 417 387 789 472 243 75 300 38 596 345 799 38 922 1317 1343 297 536 905 349 1276 634 1291 1059 409 300 187 1152 1341 782 1236 755 290 81 1416 1052 927 273 726 1335 810 617 189 669 1400 1416 1291 217 217 327 1148 677 1408 536 561 1175 535 531 1147 1049 1254 1149 346 300 1150 574 33 149 604 597 1408 121 927 930 1200 809 1045 1175 300 245 741 946 203 702 1291 1230 730 300 403 165 691 931 457 356 1291 1028 519 86 165 917 86 1103 1175 142 121 894 647 674 664 300 326 600 1359 1149 642 815 217 1167 1251 217 1227 490 1229 687 980 1057 642 201 217 300 478 642 63 576 1340 1280 999 1171 1160 1100 602 740 1357 735 191 96 86 81 33 965 1360 947 300 1291 958 584 815 38 31 1010 999 121 978 1054 1005 913 1376 81 927 594 1361 1209 38 999 38 247
1153 534 670 25 545 1383 442 603 1087 401 94 1425 1332 519 1099 577 971 1204 778 971 705 661 411 1205 161 198 531 1193 661 1323 1185 945 1091 707 600 971 1237 309 200 161 1087 268 49 283 1150 385 936 49 1427 616 1075 399 1154 963 427 101 665 687 1402 737 971 531 971 12 1091 433 721 1232 1416 1221 1332 1376 568 1091 971 194 891 19 462 1346 920 915 971 1289 229 581 1404 1290 295 982 705 873 945 1425 249 5 971 1323 621 1416 878 498 249 1082 719 143 12 837 1075 988 334 711 568 1340 562 423 525 58 16 593 1185 945 621 1123 908 1068 987 1339 660 1115 24 218 636 568 1347 724 632 1047 592 757 1404 273 945 869 632 1262 652 721 1347 1055 1417 218 124 543 945 277 1200 1082 661 309 1227 868 247 1087 1112 1235 209 1209 570 244 622 593 1332 1130 79 1337 25 495 1359 1204 209 41 1075 49 1204 1383 1292 911 1400 1404 314 49 1416 1022 1124 1272 142 909 878 715 522 442 878 217 230 49 945 767 101 1223 1277 309 1024 631 1047 1226 1299 345 442 1091 407 161 109 1404 945 218 1256 705 1096 121 1299 1075 231 270 553 430 621 427 621 1274 1241 876 500 602 918 1347 256 531 256 218 1152 385 1008 1185 451 161 562 603 1082 510 936 1006 122 461 1235 193 627 357 1368 391 778 1121 669 779 107 399 1037 872 971 58 986 594 956 391 218 705 217 610 661 330 1186 1398 610 1185 1404 729 1141 1404 1350 230 1404 99 909 789 484 1383 1075 1338 956 124 510 1399 661 543 582 427 847 477 977 715 1371 778 621 935 621 298 639 665 532 1332 971 309 385 333 113 1384 209 984 568 49 1223 878 141 1395 1332 270 764 49 594 58 25 596 650 1075 568 185 925 297 605 531 1395 1416 270 318 868 555 228 190 461 436 801 1333 70 639 700 99 331 1387 1252 516 42 567 1366 133 735 637 836 209 1123 531 270 1319 344 315 606 661 771 945 1193 986 282 382 218 896 1193 158 894 158 64 309 98 54 1106 1082 270 661 1225 368 309 1265 778 1347 1305 481 1299 778 1404 270 58 1082 896 1408 1235 58 948 639 1241 991 1198 1235 778 218 1082 348 49 412 1239 49 1185 1359 937 701 249 614 971 1359 1264 778 49 230 49 507 1305 896 67 991 660 1377 817 1204 152 12 1227 49 1404 568 218 555 1232 915 1348 971 434 1415 1193 1425 555 568 270 602 82 1332 621 461 351 230 994 14 218 1123 1172 1406 99 5 1299 594 698 778 1359 18 158 660 270 194 1305 1204 707 1305 971 1185 660 1193 971 746 218 1404 280 263 1152 879 177 824 196 543 878 1404 1416 1113 650 1398 621 1359 1372 1383 268 340 363 1082 1123 1006 269 1305 815 693 99 1087 49 908 1050 249 661 334 83 1204 1397 181 267 934 18 971 145 934 878 1222 214 58 1383 1119 339 1347 517 209 124 99 49 1115 1193 610 1082 1348 568 1349 24 1193 92 142 1332 971 1204 107 613 621 1290 1347 184 54 218 1321 49 449 602 971 751 246 785 1425 904 49 810 1008 696 1067 614 543 1123 1135 1204 1190 967 1082 1404 555 639 996 183 618 1221 531 691 778 721 382 929 483 311 1404 768 12 594 299 411 1262 1364 1271 945 1082 49 44 1347 878 1248 419 392 660 1404 593 991 1075 1323 218 1323 49 230 428 1383 738 610 825 1030 145 1368 380 1280 543 778 37 531 217 981 432 971 1204 566 1405 1087 1416 189 1017 209 1333 1235 72 461 101 490 657 971 212 1265 1211 268 1299 434 1246 268 520 778 193 1404 639 912 1359 400 778 945 217 309 778 878 810 428 22 944 218 1091 99 78 1075 1347 209 1045 1319 428 53 815 377 1398 1430 368 187 1193 1359 142 1332 1132 525 593 524 99 157 1098 1317 872 1167 621 1193 621 991 1347 1228 644 1305 1075 436 895 610 931 737 610 1404 593 693 661 26 732 1171 1091 988 1087 1364 661 1262 602 209 610 868 1225 943 1193 764 1249 1172 1289 971 858 1146 1075 850 49 1262 119 621 573 124 506 1332 971 721 1193 593 661 484 610 1412 661 84 543 461 535 1332 1177 1398 83 1359 965 99 846 1185 94 1204 285 230 1395 428 506 1258 416 1092 1221 65 185 598 355 1206 63 894 1332 845 1204 912 660 1096 427 531 661 746 543 49 692 668 161 474 568 287 1123 1082 971 249 858 261 827 661 1332 1248 9 1155 1404 534 1029 12 904 1276 737 904 594 610 64 1318 704 735 1235 1190 258 1404 1409 610 267 1384 837 1404 1346 86 661 1193 1007 1025 957 1404 1270 661 356 1398 143 1404 65 1359 434 775 543 322 83 1053 460 971 984 872 1262 1262 1035 1346 974 1288 593 67 1121 1016 1075 1027 534 1428 654 531 660 49 582 1332 381 605 1299 1204 469 245 943 1293 1002 971 964 585 218 198 385 523 242 661 594 124 228 1193 178 25 1319 1204 12 971 1221 230 922 1305 594 1091 1193 1202 778 1075 896 820 406 195 488 336 1198 218 220 991 1152 543 271 180 1091 1359 218 453 218 172 555 1145 1133 1059 218 639 1083 309 835 349 543 138 663 428 538 1235 1378 1075 1411 975 1299 1383 1053 602 39 1333 1250 1192 79 626 610 621 161 435 1249 484 249 610 1332 923 862 106 289 822 1347 1347 534 586 391 1067 1299 1404 921 1068 944 499 1383 526 128 260 1332 555 1091 1271 1397 209 594 554 49 415 769 224 1204 678 971 1078 1305 1006 1305 242 218 945 221 1221 58 1239 535 560 512 417 1193 12 597 1383 682 1087 780 639 1082 161 464 309 411 1347 621 1235 26 309 1046 1177 1384 1204 1374 1075 1082 381 1262 1099 385 1075 174 584 1235 454 1317 764 1259 31 531 969 338 625 1114 49 1299 1275 235 601 1221 1204 546 1235 1135 230 230 1087 524 118 621 1347 93 661 639 101 1105 46 540 1359 218 1302 1135 593 1305 726 922 403 382 1087 1082 25 639 878 281 945 314 37 49 1392 979 775 1384 1215 916 945 506 999 1264 373 524 557 209 1299 875 971 971 709 464 1123 1404 1256 312 660 568 1194 1147 442 991 484 660 292 139 520 660 121 1154 1220 1325 945 945 1262 1257 401 65 101 209 660 860 1193 778 860 506 524 1159 703 218 1302 464 778 55 377 542 661 672 248 690 1272 621 531 101 945 484 524 878 684 611 1204 639 854 533 143 209 1398 49 1359 945 555 217 205 218 921 908 79 22 1416 1383 1319 418 1425 221 713 421 44 41 1071 984 642 896 461 461 461 729 957 971 230 551 1347 621 218 34 1284 909 628 618 1190 534 163 1359 99 554 147 299 1075 971 64 547 964 1075 1091 1082 143 1210 442 621 1346 623 1185 218 555 531 639 614 1332 957 1174 715 775 744 1299 1383 3 1299 24 360 31 1075 979 890 665 610 1082 1332 945 1210 251 971 23 461 428 1197 1193 1398 610 610 213 568 249 1170 1075 1193 1082 639 1421 202 218 619 573 531 792 889 101 427 1404 729 1123 625 422 1299 1416 1199 725 862 1332 1120 896 1305 661 49 1108 1020 1045 945 945 1404 1221 1122 966 226 1416 1075 878 936 641 878 544 1167 366
663 843 255 1077 857 1308 186 384 1124 124 888 368 960 1162 25 1146 1096 908 601 880 773 442 1371 149 497 766 203 625 397 612 900 1102 336 38 1162 210 248 947 623 186 186 409 186 268 231 1365 113 1335 119 750 368 966 728 328 1393 78 1030 266 726 1177 278 23 1159 341 368 1053 578 1338 966 1088 32 1204 670 626 1155 1060 24 1236 1308 821 789 367 370 16 309 839 1409 636 409 663 1216 916 767 330 101 625 546 88 171 38 3 1155 91 329 119 370 203 839 1096 1374 685 1240 966 439 720 528 677 383 210 824 578 1214 649 1374 178 424 1015 350 1010 667 731 457 560 65 127 360 195 59 216 193 409 690 655 791 710 601 367 113 930 367 1355 966 409 578 789 566 409 572 739 947 1374 351 625 1124 443 165 681 127 1362 1110 56 824 1408 572 925 130 959 941 1223 952 368 405 1096 927 658 1308 1381 370 1203 1409 631 19 994 978 413 1096 870 502 116 380 119 1287 283 328 810 19 1214 1124 3 1257 625 947 40 1073 902 491 1082 601 279 1308 1365 493 1083 960 236 23 791 1084 896 3 1096 1155 594 119 245 1317 1178 1015 812 1021 1038 119 303 445 1159 1096 1281 1284 1424 457 206 1365 540 72 781 322 625 1159 572 683 409 1393 165 1156 982 532 127 1332 795 77 588 99 367 102 137 1287 697 552 1233 368 442 988 1188 1065 940 231 246 1124 442 1015 229 286 1156 165 422 442 479 1409 409 810 1409 776 241 1345 1121 1096 966 267 509 409 206 975 523 578 405 753 1284 1145 409 1214 1428 571 753 1028 985 113 350 311 663 507 368 947 416 1273 1096 431 19 14 6 159 442 799 45 833 960 344 74 19 1096 383 38 214 1374 1096 1374 1214 1398 978 409 131 432 947 976 726 946 341 1389 1159 946 384 1266 1399 1217 377 328 15 767 1155 701 296 572 389 1156 1257 281 186 779 1214 1374 1318 352 1409 109 24 195 509 507 1214 669 271 1378 522 867 806 467 240 1238 25 876 947 915 56 1425 572 480 442 1428 71 947 791 1285 552 910 165 1409 601 1409 1159 383 572 1241 1050 1176 1358 584 377 902 439 1096 324 1398 1361 341 1009 134 1423 328 874 640 1187 779 114 822 1427 578 399 1277 637 142 810 19 439 1081 445 77 861 557 140 1374 1096 695 503 36 601 199 1374 770 546 380 811 1094 295 380 1096 776 1014 546 966 1184 1096 355 1223 1221 254 165 810 1094 1307 547 1374 801 809 384 1054 947 38 367 368 1223 913 1276 827 1296 1096 910 1323 145 1273 1330 445 315 1397 119 1277 800 1409 621 767 148 1127 663 119 257 578 1064 1409 947 1388 476 67 839 95 1271 1173 966 660 1355 341 1374 473 269 1164 1028 741 319 1124 396 1368 598 704 442 1096 712 1096 1306 300 646 356 1156 327 431 137 76 142 532 761 1355 302 14 1096 566 695 45 92 19 559 1298 29 572 216 1374 403 455 897 966 1223 960 685 1096 743 181 455 1156 563 823 1138 1223 443 19 1069 1096 1096 723 328 328 13 105 19 1299 17 1374 294 341 578 1374 1162 1096 1355 1061 981 1409 546 1374 791 1399 415 1219 203 1217 752 1155 655 1288 737 368 960 1393 127 1096 814 1371 846 1185 1372 1173 542 328 1181 343 800 1132 972 650 1308 1409 824 1091 977 579 518 612 1214 810 1158 1308 738 328 88 409 117 367 1238 442 578 601 995 349 1137 737 483 1096 559 926 593 1116 41 273 1355 178 1198 559 917 1230 104 750 696 442 269 74 418 1238 185 731 1238 409 1214 585 564 1155 167 1177 1223 545 1080 1214 207 947 695 947 1299 723 1125 625 457 1096 646 1415 1096 581 662 854 1427 259 121 518 53 1339 974 389 1015 1343 380 251 798 267 1169 824 899 484 791 1156 715 1295 253 1210 560 253 601 1096 1156 257 1092 1096 772 96 18 400 468 328 1409 824 930 203 1393 1333 753 608 119 1239 380 523 16 186 767 966 1211 1265 862 328 602 1200 1318 1034 186 176 1221 40 3 19 199 1212 736 1211 409 914 960 1308 658 1331 254 1265 1121 1156 1402 523 409 578 1428 252 764 3 1351 229 1049 367 3 391 1114 1155 93 1291 810 634 398 341 409 890 842 797 341 753 564 318 69 946 1034 798 976 1096 837 572 1269 753 203 139 858 578 119 532 399 1297 165 1158 970 1374 572 328 440 721 1393 328 523 798 1393 1173 868 1255 473 780 159 657 1335 842 914 559 1156 971 1050 594 1028 388 513 981 498 380 1371 673 557 1214 1075 1307 1428 77 973 207 99 313 1030 375 523 691 1351 370 1409 1042 1223 409 791 578 572 545 14 1162 1427 976 11 1162 220 578 236 171 1096 824 558 205 107 1136 222 1326 1096 1214 393 315 19 885 691 586 522 28 753 1401 409 1094 389 724 523 572 70 1374 672 286 593 966 1265 244 45 253 625 391 1409 648 1032 1100 25 442 810 1173 910 920 867 783 1179 842 346 416 1133 94 685 1114 1388 864 966 999 368 1096 578 1088 922 328 409 1249 435 578 1238 546 743 523 409 77 1308 44 1268 1223 17 578 545 182 922 1169 56 1374 1096 449 524 1096 673 328 1361 628 392 783 392 557 550 1156 283 427 193 312 1121 1159 1096 960 269 800 670 916 645 1116 762 333 695 880 720 564 146 1096 894 1428 219 1308 910 367 4 960 546 1159 1009 869 19 1096 641 507 370 70 631 409 909 1096 443 974 1363 910 368 246 341 601 442 383 1214 1325 107 1029 108 368 896 745 1308 443 727 969 374 341 653 774 1302 1371 1007 974 559 127 947 3 1247 1393 1307 409 1155 714 839 1162 95 1365 1014 163 372 324 1162 539 1322 1355 1374 363 74 1139 267 253 901 393 409 1110 1094 1009 401 119 273 1162 973 810 1124 482 795 874 127 625 523 1308 3 1240 1400 1374 1288 589 44 907 824 528 789 1013 1077 613 1124 824 559 1308 535 1308 626 1355 640 682 1032 673 278 714 1151 1113 1112 341 545 251 412 339 608 182 193 539 572 409 1013 1096 1374 127 1355 1107 315 168 763 1355 767 364 1121 557 1115 1176 539 573 1096 1417 1094 1355 1214 1155 1293 125 663 455 3 19 315 222 328 997 1133 352 135 1292 409 368 313 455 366 1077 402 1374 442 203 807 585 973 897 546 3 267 184 297 3 173 852 1323 96 1393 128 370 652 1171 1199 367 945 341 473 1371 457 355 545 743 165 966 790 234 476 90 767 629 267 267 226 572 402 532 128 1428 1428 1317 1314 663 1427 810 822 1287 455 165 182 1099 355 559 1374 341 1348 463 38 290 590 481 210 903 202 247 481 1216 205 186 546 370 469 253 66 1193 1214 205 966 1096 203 1308 1308 960 1340 1175 1241 885 380 1409 1308 409 754 281 572 739 1096 1032 659 313 838 546 1023 1256 1380 323 480 328 385 1118 93 1156 1429 789 1169 203 602 870 1296 144 267 341 1308 12 1047 578 1032 767 186 572 290 383 753 485 1314 1374 1099 225 545 172 561 225 409 672 572 405 910 523 1343 3 1268 624 1214 1214 981 286 1014 1108 186 966 1200 1083 440 30 3 1096 3 1169

proba init 0.1 proba clean 0.4
506 264 504 340 1158 746 76 1399 161 470 876 532 1291 345 990 1415 715 495 126 715 1235 407 1071 537 1158 990 655 1072 374 1371 688 762 545 1364 1205 715 252 1140 1240 762 481 762 285 285 1246 829 276 1415 1216 345 404 851 778 143 1258 276 1277 1388 1181 1171 715 868 715 312 1277 815 866 114 372 167 1291 982 1316 690 715 384 141 167 881 1195 757 1250 715 1070 1257 681 1085 340 1201 506 766 1283 573 1412 826 287 1277 103 1313 441 1232 375 498 629 1201 38 655 845 570 147 1208 1098 1182 130 663 899 743 4 1197 1217 685 990 390 147 317 611 751 108 382 1395 635 1316 990 1316 312 762 855 1403 1371 1342 630 282 715 508 340 427 1072 276 946 1250 1378 1 762 1030 1337 1291 861 315 675 1136 147 234 200 120 78 56 285 294 172 898 800 1217 1332 1277 1095 511 516 775 341 580 312 1019 990 990 315 457 1137 1277 312 1085 580 285 573 1061 1390 459 829 1407 673 63 312 425 673 117 240 285 990 579 1098 140 1105 221 1055 863 383 990 992 1154 1133 690 997 394 689 1291 352 41 508 857 705 878 1277 352 394 219 335 29 390 1151 390 1246 1298 868 8 1277 580 660 846 655 492 1316 944 829 264 900 1277 312 1072 15 315 861 48 552 688 1055 465 442 312 312 985 1182 126 1278 1250 1246 762 757 1182 1004 715 1283 84 715 920 1182 41 1387 117 56 1001 573 722 1291 580 731 108 352 397 1085 762 240 1085 945 843 508 121 1179 1158 333 63 831 50 1199 111 546 147 118 106 589 762 629 1291 220 149 663 1011 1167 1316 1265 506 1291 990 202 413 312 895 941 340 1135 1316 285 613 673 1268 717 1291 1309 397 285 352 76 1322 845 147 79 147 990 990 569 762 655 804 285 1309 767 394 1277 100 943 1215 1076 1071 343 1151 1398 387 945 95 315 629 1139 1277 717 757 285 1291 1419 311 285 147 312 415 1085 886 312 1203 1338 958 1337 303 871 1394 1108 56 285 1072 990 262 990 1305 704 588 1380 1219 1277 948 902 1004 673 615 976 990 580 426 1026 1291 360 1291 1217 1370 1277 285 1424 56 126 1357 378 45 220 869 56 857 1316 1277 711 285 1126 999 285 1258 147 545 349 56 1277 715 819 739 126 285 240 285 220 116 285 442 220 382 343 147 147 450 1284 809 285 1089 1182 673 1277 335 1140 859 715 1128 1315 1208 810 1277 1316 1309 352 681 1291 200 413 1141 240 859 1408 56 147 193 1346 945 251 1151 547 1250 220 479 1158 545 852 48 343 1200 832 757 1073 715 1159 1034 96 715 340 673 1085 374 885 587 630 506 835 510 1213 54 1085 788 138 1399 1291 588 1158 1141 1248 762 1166 826 1277 147 1066 832 48 1198 1200 945 261 285 125 66 394 91 1344 271 688 82 790 545 967 341 715 1117 283 673 1289 1089 1174 413 493 990 352 456 220 831 945 340 10 1368 810 1277 1089 1182 927 397 704 336 942 1291 990 315 1366 225 390 101 532 45 720 1316 78 285 529 762 1277 465 285 341 707 938 285 418 175 147 264 1277 110 147 1282 315 596 991 1277 1085 1277 1316 508 1240 964 167 655 166 220 292 322 1191 1152 73 1291 303 312 715 312 810 427 563 838 990 1277 285 922 1366 673 1427 1055 738 1122 1085 1217 757 847 1322 41 258 285 240 596 891 262 220 1160 87 88 1250 262 126 675 292 113 1277 117 841 510 715 1089 214 937 481 540 518 96 285 343 10 1370 117 273 886 394 715 394 743 1387 262 170 394 262 762 303 660 1173 960 56 757 1200 1071 643 990 117 1121 1054 673 748 1401 354 1072 1316 1305 945 897 621 629 879 16 556 90 1414 468 67 1291 394 990 573 1126 278 927 1355 1092 934 315 952 945 508 78 992 185 1018 1011 1422 655 312 990 220 1117 762 312 159 1414 539 1118 1277 220 1085 1217 587 655 1200 1140 1360 285 220 481 653 392 427 910 1026 312 657 1349 59 285 1352 580 340 259 45 782 1141 990 1232 285 427 211 321 1368 1058 795 1291 307 140 434 164 1274 121 296 56 912 398 472 1200 467 104 1232 1291 562 341 258 237 897 990 499 990 431 192 506 90 1277 762 1004 492 167 1277 1381 941 2 663 18 1277 1291 1261 1277 1204 1277 1248 783 655 1363 798 938 479 446 1329 1281 56 1182 1085 147 1277 1066 1183 240 1303 1277 876 1291 1208 1354 775 1085 264 266 1200 827 757 45 897 688 1368 307 760 762 990 629 818 138 1177 708 810 1376 52 1337 1110 1269 1200 954 294 1247 1354 218 1291 176 602 1141 1291 1404 1085 1368 479 389 508 1265 315 1071 811 990 715 932 577 1054 427 953 508 619 141 1217 799 666 91 1331 676 264 1103 1337 639 1230 285 332 676 210 407 486 312 220 762 859 990 538 315 1277 426 1316 319 673 285 732 785 572 762 149 1072 897 1085 1291 988 312 990 167 240 298 1034 715 1423 682 1243 20 723 285 1057 1277 17 580 1274 853 145 1233 285 804 626 593 850 1277 762 41 1366 1316 262 1277 496 352 1066 866 414 688 1100 272 1419 473 458 558 90 1278 845 147 352 1232 701 1085 82 143 1104 544 343 1376 1021 399 50 341 306 458 205 1235 967 312 340 1291 394 1166 1182 1377 928 1277 182 264 520 1182 1071 563 1 1277 1368 403 1242 203 1212 1378 1013 1291 1277 333 396 220 1054 352 1226 285 120 1277 312 762 768 715 78 197 1066 827 1152 56 1277 194 354 577 1337 524 593 580 545 557 312 131 1402 78 481 52 378 1277 784 1098 1151 810 240 22 1089 312 395 912 138 1396 1277 1341 986 315 133 1054 1259 829 990 361 117 494 771 818 352 295 147 268 545 30 898 1242 928 154 178 194 859 167 688 1075 341 451 762 240 1424 141 1327 390 352 1072 1174 866 1232 794 196 147 1119 1316 1107 463 1217 829 217 2 394 1244 481 1277 10 663 673 866 352 686 358 285 1277 74 85 919 483 463 281 1277 1071 285 780 549 1287 220 1395 41 1277 715 176 315 147 688 1068 849 1059 1316 1151 728 40 835 121 538 874 990 303 755 1277 133 859 1008 1337 691 427 52 506 680 1098 340 796 138 104 220 138 56 188 1158 762 673 737 742 188 507 752 147 1194 545 531 934 943 762 1277 1098 1232 1178 320 1232 211 367 673 378 1200 584 548 285 1291 285 1200 312 1277 117 537 1316 241 1071 82 406 65 651 1030 780 835 573 438 1354 706 1005 1178 752 1379 285 487 1000 471 1249 506 715 503 1198 58 390 1316 1372 1054 681 10 147 1277 264 1249 341 945 998 219 1358 592 715 934 991 1066 402 1084 1277 729 1180 545 262 690 1369 840 56 1277 655 168 3 1291 906 836 947 332 463 1085 550 831 276 967 1277 1055 990 1089 799 918 580 1277 1107 384 382 86 315 627 223 1295 518 56 1291 1058 580 315 1316 1192 315 1200 1098 1277 378 45 636 1261 1283 312 352 282 332 757 951 1223 1077 147 1083 552 1071 346 580 673 762 1291 1277 285 992 1242 285 1232 912 663 1337 1337 277 167 147 990 688 482 578 1200 1066 571 1232 312 1232 1356
386 542 147 1152 891 239 1246 1026 46 731 350 274 704 844 1247 305 516 1137 669 1238 1283 542 1093 374 891 1100 391 557 112 205 274 909 1421 933 142 1419 747 160 606 1006 46 783 927 157 212 184 1421 656 191 493 160 1058 1211 847 1177 712 565 776 249 991 1006 962 927 993 516 15 274 733 601 220 432 1350 357 382 492 380 449 908 239 243 518 1208 224 787 751 496 1068 633 1246 662 14 1120 1281 226 1219 205 1006 205 1067 558 863 414 309 824 607 470 964 351 1150 1035 1 318 357 207 1130 1241 589 401 741 1403 274 1049 547 1227 415 135 220 1165 557 1353 584 1049 368 357 909 226 1367 644 909 960 1062 1200 1338 541 493 831 209 1421 1002 1075 568 393 554 274 1338 1223 272 634 826 160 375 239 557 46 846 274 530 909 6 891 1187 1260 558 873 557 1006 1177 493 761 230 927 205 577 376 807 239 479 933 1335 1068 1058 530 980 298 907 568 639 1230 863 253 150 1246 549 1191 685 157 909 46 863 472 849 160 168 660 1259 524 844 1281 548 250 1032 250 1110 704 1281 730 1409 14 1154 863 233 909 1365 251 1212 313 1007 160 1007 1414 863 423 608 1061 345 909 579 193 14 1049 1120 1377 542 1057 768 715 557 345 632 156 870 1177 1334 175 274 171 897 1029 678 274 766 693 1049 536 1426 911 357 38 260 241 334 274 1155 357 84 14 754 274 542 1262 591 1191 201 274 1082 542 929 1068 510 685 1068 791 370 646 1389 329 1205 670 557 554 909 468 542 274 969 41 79 660 233 804 1294 463 818 1065 550 880 274 565 799 1001 798 1068 760 290 280 1046 519 1408 357 530 1404 863 549 330 704 1262 198 868 226 719 151 1116 375 59 357 1338 1086 265 700 897 415 1068 1198 1395 740 1006 303 345 1000 58 373 290 160 274 345 791 1281 989 297 851 1006 852 732 157 310 772 997 157 1227 34 376 174 720 516 433 329 420 909 426 33 331 586 274 157 787 529 386 672 387 1068 887 205 459 632 518 542 720 863 160 274 869 251 784 775 1334 847 174 345 628 1006 157 669 274 766 6 274 67 804 720 274 1029 426 1006 279 530 1155 1407 530 274 1207 1268 241 274 1006 863 1407 290 766 157 685 530 454 784 157 274 868 239 290 169 250 250 882 518 715 436 357 37 250 109 1068 1182 671 109 1044 787 787 1053 357 825 311 1232 705 129 175 992 685 208 1190 274 1227 1236 773 791 909 160 607 987 1407 947 891 307 382 470 329 784 1235 913 654 645 1161 1306 787 405 287 863 1068 165 1281 250 726 22 827 133 1395 1206 1068 387 323 1037 1191 495 1229 732 909 862 367 568 938 1227 1284 951 784 909 173 791 46 157 936 909 658 542 329 1246 944 1411 282 26 7 201 982 411 38 1253 707 171 334 568 1336 1430 715 1238 201 554 868 202 1414 1407 676 250 525 357 828 1158 787 444 793 704 1006 250 710 488 1007 201 620 1371 794 1049 274 157 516 1006 766 1253 927 260 787 342 157 512 1281 74 542 250 329 483 1325 516 568 635 1031 1068 363 357 1385 891 707 1263 669 1038 956 1180 909 17 674 744 1068 1177 1236 516 73 1093 253 742 1336 1338 997 157 77 314 863 185 661 95 239 1068 711 891 250 787 259 205 157 685 245 239 79 927 649 804 109 1205 386 766 274 847 205 666 1322 775 997 247 278 915 420 46 1101 186 105 157 290 274 453 175 863 2 107 542 155 699 1357 554 1234 628 386 972 909 669 1118 1399 274 497 824 373 609 1338 1291 160 684 457 894 202 624 900 1049 1122 791 1110 250 1425 582 1113 558 416 909 32 507 1375 374 1036 1281 670 109 1173 290 863 1260 1337 449 791 1201 913 881 1346 542 1115 575 113 868 909 787 1192 1393 1334 624 547 1052 420 632 168 1068 349 670 542 1177 1068 160 927 1107 46 109 542 863 300 1281 1136 998 1053 1160 274 54 780 250 503 562 687 804 1103 863 157 41 980 128 574 19 1391 704 250 281 366 723 407 890 201 274 542 228 1195 175 890 1144 863 1191 1417 756 1346 1003 1110 433 449 1429 909 685 415 434 1006 194 28 843 114 643 1338 217 183 1311 163 1006 174 1407 79 435 1071 909 783 467 809 159 1237 1120 171 1183 715 384 357 6 375 1006 83 808 1281 1177 767 542 174 1177 909 493 1068 542 251 345 515 5 51 1070 1006 201 387 909 1278 469 278 1237 323 63 109 1093 34 670 909 199 243 1177 30 366 1130 563 787 1068 1061 542 706 826 470 1068 657 93 554 687 1401 35 683 140 1132 274 791 727 684 313 589 243 960 300 495 253 637 1369 1336 205 542 329 909 274 594 530 376 23 813 205 233 1334 804 19 1254 1157 1281 64 736 260 1049 281 343 891 281 847 909 748 915 321 471 1068 60 1006 703 909 816 685 386 784 650 209 70 446 847 160 157 681 1120 999 780 990 479 1133 412 927 250 715 109 410 927 482 29 413 1049 386 343 125 542 111 274 239 1334 160 493 750 419 909 34 329 339 274 1227 927 997 110 233 239 250 565 621 290 957 163 1306 1081 201 1007 715 1255 677 409 777 1186 174 155 415 357 16 535 909 1050 542 1293 357 363 168 1068 669 927 883 1120 239 28 591 213 704 100 345 303 804 684 935 384 157 1199 180 814 516 557 1361 32 784 1284 784 385 274 1006 847 666 1046 561 1030 674 163 799 363 622 1037 239 1230 46 670 274 673 715 863 160 1093 1006 83 274 989 160 863 323 1177 1006 468 274 747 707 684 354 950 1049 278 1260 274 1220 542 940 568 375 1235 363 226 311 743 95 168 1288 858 373 1366 1334 790 260 1153 685 685 46 449 114 936 256 504 542 239 863 560 196 474 1260 1119 1329 965 1150 482 435 1029 728 1220 46 1006 1356 239 1054 274 1427 568 571 157 1006 19 676 670 32 997 1408 1006 373 873 557 449 592 209 352 975 334 1191 1383 250 1227 412 568 670 860 357 160 568 1246 787 1181 909 613 1116 909 239 669 334 705 568 909 909 313 670 809 800 863 530 1428 459 669 1090 459 274 237 909 1177 863 659 63 775 789 926 893 542 396 1424 1260 951 1334 632 863 241 1389 449 863 1066 982 210 274 1177 582 470 891 1191 157 837 1281 1006 1241 374 1049 572 11 1201 929 527 909 549 557 787 1281 826 863 863 1121 607 752 226 157 175 175 1191 1352 1170 277 685 79 1006 1007 1049 439 684 988 1419 1266 1006 542 1160 910 1003 775 458 202 50 274 205 88 109 1336 1334 927 791 1336 336 736 243 909 1364 274 670 465 239 797 704 753 793 804 1276 253 1343 239 1270 168 629 1006 661 133 1080 278 565 780 1006 1068 912 384 179 1146 1116 175 135 271 201 1191 775 1275 205 357 299 990 909 863 1006 239 182 839 1049 1334 743 1037 1134 58 1405 486 496 1352 1227 1410 487 250 1310 780 1069 1162 174 1302 157 784 542 530 863 909 1008 909 1338 739 1052 804 733 1334 995 557 952 109 913 863 250 863 308
853 440 1065 194 1308 603 1175 773 72 916 1238 4 564 243 1290 1185 74 1418 280 1300 455 954 894 271 1308 1182 954 924 846 572 74 754 1039 1105 1386 1300 680 1035 542 1175 1175 505 1175 996 246 238 923 173 936 1200 754 1278 1002 217 694 310 1293 783 844 146 74 352 1300 1296 1300 1230 74 1026 1035 1089 277 357 465 1175 1300 1181 471 427 856 173 456 971 1300 1258 1194 401 397 1174 505 853 136 1379 1238 1121 1191 686 890 313 789 564 1424 217 1191 194 520 287 136 1258 754 395 1305 151 634 1366 947 503 808 503 507 593 128 190 285 395 201 1339 399 1429 42 505 385 707 283 678 1030 341 421 667 656 1180 754 1242 74 210 1200 385 92 1044 1358 114 815 634 505 558 754 1302 505 118 777 701 395 1233 429 483 1293 1429 304 754 1279 265 1258 1 564 522 995 393 745 1200 693 71 304 313 190 41 950 229 1034 81 1030 589 71 304 626 1256 943 815 684 1278 1424 1427 195 1299 1424 829 505 304 754 65 1424 1391 669 1304 28 220 628 157 965 435 1050 1159 1259 1275 212 564 1317 714 210 1412 541 1382 890 1300 566 258 144 869 970 694 405 302 426 1329 58 890 721 754 266 576 771 1343 1379 238 440 128 706 475 996 1132 1300 1194 505 1119 385 730 823 915 1030 844 1370 634 1193 879 1087 385 918 1397 1282 238 280 81 215 1300 160 1419 413 171 57 154 954 485 229 829 71 128 1260 1014 46 589 505 505 589 910 642 514 10 815 1035 275 955 505 79 361 954 74 395 694 1065 1414 505 754 207 30 694 656 405 1375 824 1293 853 564 1300 1035 238 1030 1067 1311 280 760 600 304 1022 1424 42 481 564 258 726 304 985 73 371 353 395 754 395 754 304 167 505 383 1275 1035 258 266 1140 1300 915 974 1286 196 318 920 526 824 412 287 435 81 531 295 1400 74 837 74 592 58 1226 304 395 829 258 1330 1009 74 1162 533 846 871 244 842 304 602 544 506 1004 1086 1327 854 143 1035 999 750 1103 1118 258 954 23 1424 1064 1141 293 238 492 896 285 435 1330 169 1215 1400 798 1100 675 1193 914 824 1090 280 424 1258 994 664 1400 323 304 26 1132 304 128 395 929 942 964 74 1300 435 1327 1193 459 505 304 475 1278 731 128 423 42 800 600 754 1266 35 1429 304 1300 97 1424 1300 1223 1314 384 1300 32 1039 1225 1165 1397 634 258 754 777 540 1014 1107 1162 505 384 1175 1203 395 997 920 58 9 505 1190 566 280 233 1308 1367 42 258 881 275 285 1148 74 1300 128 42 85 1300 1215 1424 589 1250 1238 754 96 853 1254 1402 628 149 564 300 1203 1139 829 728 822 1103 754 1035 1286 815 522 395 175 141 154 871 1241 58 1161 1253 1251 1043 938 158 815 1202 285 970 1261 1181 201 730 1300 808 626 1227 417 1153 963 815 523 1355 1370 572 730 1088 58 304 917 958 985 947 201 1121 1206 385 518 74 506 564 1238 74 1039 209 285 730 1311 1175 15 220 1293 304 1390 890 1300 178 1078 1376 271 941 304 1140 146 395 440 890 386 395 834 74 815 784 1391 589 1400 824 210 265 187 1089 954 385 279 505 871 1201 411 717 564 1383 1030 280 1028 907 385 1372 325 754 1391 304 857 1300 1424 497 10 1024 42 589 25 1252 1300 944 739 581 304 505 949 229 166 280 524 426 968 1422 1086 1193 603 435 187 1300 811 1297 916 1300 1356 178 1024 1375 564 1185 1124 304 332 1186 194 276 1073 301 865 754 579 1422 278 429 965 956 375 1035 871 890 1143 265 824 80 1012 232 352 754 438 767 854 1424 972 862 1087 472 1049 914 910 170 985 1285 304 1392 564 636 754 442 1023 581 240 1206 841 1130 185 1142 772 1424 1417 1272 1315 910 210 706 896 210 1130 405 816 1058 602 74 730 1 1390 754 901 136 1224 1024 1178 766 589 237 1130 954 1383 910 1206 304 243 275 783 954 385 1175 435 985 1178 93 1065 1401 1238 71 1142 138 1175 194 300 1296 1424 304 385 275 256 1414 1088 709 1035 229 26 14 1368 93 384 730 74 954 1414 1009 1197 1002 343 959 829 1207 693 959 397 170 1030 58 759 754 505 1373 252 1400 1312 59 1162 1089 581 412 592 297 586 444 182 1330 435 1300 99 1400 736 694 682 1420 890 1100 706 45 1294 280 435 576 1383 395 1391 515 889 88 472 1391 954 1330 1383 911 1200 564 440 293 74 941 1184 1175 941 1300 985 428 754 1246 1229 886 754 729 1392 967 1321 814 1130 871 1219 173 1301 1092 81 754 780 1258 564 1334 954 300 829 287 589 240 16 77 210 434 1288 65 166 1309 1300 287 1232 385 385 74 173 389 754 210 308 615 931 78 830 440 340 754 1386 42 304 813 564 113 271 999 285 474 505 384 66 1238 1175 1400 208 1346 505 238 265 634 93 1300 1088 176 1025 170 589 564 285 1030 1206 1089 505 126 354 1300 1391 276 1184 280 804 543 708 1379 740 71 1047 194 634 781 304 985 283 940 1276 524 505 727 16 1052 898 1400 102 954 1300 244 824 67 632 1200 58 74 754 1249 115 1210 1258 395 1209 928 1302 1219 754 1300 357 919 889 346 366 957 717 730 980 1179 505 541 518 1191 985 1330 1014 1215 312 505 634 754 53 440 1112 634 1029 131 564 890 1312 517 1379 229 1350 17 231 564 890 775 591 112 1030 1300 1300 825 1234 1391 1030 505 955 1300 1293 1109 123 780 304 984 1400 934 1089 706 756 1093 771 149 273 81 319 669 501 1293 330 1130 824 1039 1097 1335 1242 671 754 944 19 1030 1350 8 1024 1383 522 361 74 1391 933 385 385 238 190 886 1086 1308 704 40 347 815 395 539 141 599 1410 1154 908 965 505 1030 384 1089 1300 585 616 1183 505 505 423 1315 1370 332 74 1335 954 824 1424 742 965 395 781 436 1180 404 678 450 780 581 189 186 417 1391 1320 824 1424 74 1069 815 1202 304 890 667 649 1130 442 1390 932 890 384 110 955 1315 1371 304 965 1049 74 1300 1186 1400 395 589 815 1130 42 33 777 815 588 5 532 42 85 74 1073 42 1175 224 384 815 871 754 385 1130 853 1153 1424 304 42 1180 74 280 1115 616 1315 190 505 1424 1424 480 505 1103 773 395 954 97 74 1134 505 2 890 128 1424 1387 1315 1424 246 1128 285 824 1383 582 287 304 829 304 897 1238 1400 1010 503 128 985 1291 171 1378 1035 754 251 3 944 435 327 1424 1424 1305 1034 95 669 1360 1305 151 608 762 853 1300 505 9 871 405 334 241 264 217 676 93 890 440 1065 693 397 1180 280 849 1300 74 635 1281 190 506 1175 1391 287 861 808 534 173 754 128 634 1300 954 824 677 564 735 46 897 813 275 589 229 347 965 385 890 616 74 355 886 1293 71 1400 564 871 895 703 194 280 607 754 1284 280 829 871 71 1175 1380 495 1175 1334 1424 522 824 1175 1308 79 750 662 1175 191 813 280 694 1081 919 395 791 699 1065 1035 71 385 180 1330 1175 2 64 954 304 1424 74 656 871 113 1219 1089 1225 854 1175 1035 955 760 493 706 1424 985 1424 246
1189 1114 827 73 583 1142 1140 563 564 525 591 1249 395 119 534 554 516 537 534 790 201 1418 709 963 583 333 1128 1015 904 31 572 879 602 963 745 957 1321 395 730 532 204 879 902 903 501 304 145 462 794 142 1320 768 1036 98 1038 10 8 1049 1325 1140 1131 1260 688 623 1131 464 572 414 395 1060 824 464 705 902 997 1196 204 761 1142 462 898 819 470 1045 450 237 713 1353 879 1189 688 1337 808 1249 1084 31 1393 31 1049 395 1202 1280 592 73 209 220 1400 1076 1131 1083 234 701 393 249 659 946 247 790 550 1165 572 1131 1049 1234 1345 699 207 256 349 879 499 572 128 1107 595 112 1339 1328 974 71 329 80 1131 1181 702 86 1314 1064 902 625 1353 393 879 572 1131 999 879 80 1324 395 1234 644 1015 425 353 572 974 1320 688 583 487 1165 1311 8 125 1300 82 750 1212 191 902 31 110 885 80 1142 695 43 1320 395 1174 903 546 1085 167 1353 1263 333 1403 608 901 1140 1081 98 879 903 1131 10 165 1084 1265 395 613 1320 1354 130 1255 405 1140 902 971 1003 570 395 1403 566 149 210 1295 892 8 1131 247 243 1380 993 1049 1038 1049 306 1244 284 944 8 1295 1131 654 801 462 788 226 304 695 1006 644 387 1015 1295 80 302 879 604 1408 19 973 559 1336 860 176 623 503 639 1202 1111 1025 898 724 820 1397 1188 532 572 1049 433 111 738 1284 514 1418 308 335 464 1183 572 572 896 736 713 879 879 713 514 1345 407 252 1353 401 787 1015 879 1320 1065 896 572 899 1038 1201 428 879 475 421 47 1049 1401 1049 1225 237 716 1189 1390 491 395 304 846 715 451 603 168 17 903 400 1374 879 1144 699 451 1046 903 387 702 739 844 1234 1131 245 1131 955 874 879 621 302 395 426 459 1042 8 335 836 1143 563 1003 1162 996 319 98 514 913 387 754 292 8 75 898 903 760 214 1349 903 1234 464 105 395 481 1186 491 459 1420 1131 169 993 370 234 5 903 49 58 507 881 641 395 711 1079 1167 8 342 1418 1264 845 420 1021 885 304 526 193 532 403 395 1295 91 8 903 993 3 834 403 1184 1129 62 669 623 175 572 8 1370 974 1186 623 903 426 293 1119 1280 1189 482 572 15 1305 895 903 879 903 450 904 903 704 256 148 782 1234 1131 1285 697 322 974 2 889 146 1003 657 550 941 213 1039 80 1090 1045 8 393 1295 1194 1196 1366 1049 769 153 879 1355 117 1283 1234 171 40 514 1191 879 1140 100 98 904 583 58 1301 1254 158 952 319 898 225 333 1371 349 1060 901 1131 621 713 157 530 519 371 1189 880 662 572 542 713 612 524 654 464 1049 1097 1056 1131 879 612 1353 8 1234 693 1370 1181 1218 1237 514 61 903 420 1131 592 1418 1353 1140 2 950 269 58 1049 623 45 554 993 233 1169 2 4 1353 839 451 397 1049 1290 879 514 1200 697 818 1382 80 2 888 869 499 533 393 572 1331 73 994 1162 991 1049 1122 203 701 889 572 589 903 896 1131 482 572 98 623 1045 103 903 1130 244 1234 298 8 572 1234 838 901 1353 628 80 713 8 572 764 1124 683 1060 1078 472 131 879 1320 231 1197 664 395 537 949 535 261 1218 499 50 346 1131 80 903 1290 230 1403 1285 378 807 349 713 1165 898 1218 1045 1098 226 903 1396 1353 1142 1049 98 562 329 1003 19 407 1017 572 256 31 8 557 1110 1311 397 2 1360 1420 978 735 554 126 903 201 697 73 483 502 993 1402 896 1003 1180 1181 1370 405 638 412 879 590 1422 572 421 4 898 33 1158 692 590 789 395 881 376 1083 884 896 633 572 902 514 751 956 555 679 1011 395 73 1320 29 1388 464 659 302 457 287 341 592 1216 1202 1241 1165 659 1367 333 912 683 1407 896 1049 1193 1049 256 98 1045 327 1140 1131 1028 1049 11 1420 8 98 713 1165 1085 1418 1195 824 595 903 177 616 22 896 1111 961 1241 623 1331 912 1131 98 257 964 1403 1249 701 73 1297 1187 1403 903 440 65 1049 701 879 1075 395 1131 528 91 562 912 54 1107 572 896 879 572 1301 1082 473 133 453 1173 550 1126 355 751 366 672 1131 1320 1275 1345 73 8 879 534 1165 1060 80 1320 576 497 951 934 8 824 1243 80 44 8 131 1038 983 1295 454 572 151 1248 623 304 256 218 875 1234 80 1003 1084 1364 1129 80 896 395 1124 590 715 395 695 995 361 240 898 701 810 1320 98 641 1320 1251 903 1045 1320 524 513 1003 832 1397 1142 590 1150 310 199 20 1037 572 987 1045 713 1389 896 1236 624 67 713 433 85 329 636 572 175 1158 1131 1261 482 201 775 176 1392 572 673 681 1131 1165 31 969 151 242 31 695 598 590 1319 349 974 710 703 879 31 758 397 1174 879 976 7 56 844 8 911 1376 879 304 583 393 912 1140 879 432 722 1122 713 395 1249 256 1140 1060 201 712 420 516 902 9 420 623 273 903 1299 8 1295 1247 1140 73 393 532 256 637 572 201 393 98 879 1060 237 572 340 8 1162 896 329 572 1142 204 340 1029 991 572 590 840 73 749 815 1234 979 658 832 395 1142 98 1131 163 1059 1328 934 373 1268 292 323 1393 879 1131 300 1084 995 395 956 1302 1291 879 393 8 1391 695 1290 393 1158 143 395 8 552 600 717 1142 586 1140 1236 395 8 703 369 1033 903 387 853 903 1350 8 256 879 1015 397 335 973 1003 255 757 1399 8 147 1418 436 590 1295 649 934 833 298 756 946 1142 761 1009 332 701 80 387 165 1385 544 1131 1049 697 945 395 587 524 799 80 879 1131 80 1049 1096 1309 304 183 879 19 255 233 1065 305 1353 1234 855 922 1008 1202 1282 462 532 879 1313 1291 1060 348 30 623 745 879 1131 723 204 1093 1049 1131 284 896 1142 1244 130 907 69 1335 572 1394 987 1165 1049 680 687 825 885 1099 80 16 1142 1211 59 1075 1353 946 903 8 86 491 1267 1184 428 1388 8 1158 844 1015 204 869 548 1049 782 1049 688 687 984 1234 1142 1353 1292 349 839 383 1353 979 1045 486 1014 901 976 590 250 8 902 1379 631 1131 1131 1392 926 1189 302 165 974 349 1273 98 317 508 1200 204 1028 879 98 665 280 729 423 780 1234 1418 58 1376 639 879 879 8 165 1403 1041 204 1202 993 790 1049 757 1208 164 1215 974 464 903 483 1036 8 1383 963 572 195 773 1428 1075 395 1131 395 1015 1045 669 624 1202 1202 834 1140 498 828 903 650 769 711 895 1189 482 1298 393 80 1049 572 918 657 1196 1205 1135 8 695 761 499 355 80 454 357 1131 572 31 584 1003 785 902 8 353 1126 592 1049 321 1218 1036 572 8 638 1142 1043 824 355 1304 475 164 126 532 1142 329 1268 499 1131 123 875 551 1125 1018 1226 80 395 1320 91 274 1131 98 769 73 554 514 718 565 925 31 517 1084 701 970 1202 8 1142 701 328 572 63 690 387 975 1047 898 1038 1347 1349 1234 613 240 1158 395 333 1111 329 646 806 903 1346 896 903 1202 613 249 1131 1131 477 1060 1419 881 1252 395 1015 702 1003 1167 1049 635 903 501
553 1376 563 1335 680 336 755 482 1089 106 843 881 458 1138 1006 357 253 686 115 579 1369 709 1200 329 189 948 302 1047 576 528 97 882 36 555 1168 579 555 853 652 1156 97 628 137 960 438 648 1236 72 133 1368 253 155 1004 948 338 592 115 94 1069 502 359 33 137 210 18 372 1268 1382 853 107 469 253 911 362 579 199 97 597 1110 1300 1267 1117 579 846 92 592 866 866 161 553 517 915 856 225 315 773 598 773 961 853 406 695 1164 1388 1021 207 706 988 605 911 953 856 911 1266 1336 898 646 245 418 235 901 587 1083 262 678 207 1217 769 684 1413 1289 425 708 911 1073 747 991 1397 629 101 432 598 882 155 18 150 92 1233 18 807 866 884 628 901 882 1068 1162 1101 386 856 911 1001 604 894 397 426 163 18 1048 640 35 915 853 598 1366 1044 853 907 249 70 115 840 605 72 18 1083 795 18 965 866 70 847 853 686 1212 866 723 902 461 432 915 1310 648 422 137 847 882 480 1365 315 58 92 587 362 40 469 1167 43 831 219 834 18 33 619 882 867 155 517 597 724 411 892 539 915 865 989 1083 132 1083 333 286 103 974 598 1417 882 854 302 11 1285 514 460 252 938 598 395 661 1417 598 1269 887 15 1228 66 827 1388 1073 56 760 943 288 661 434 1263 44 643 943 1408 579 718 1025 579 1027 911 182 517 875 426 1284 620 426 907 70 1397 70 1418 574 866 687 389 866 511 910 645 1258 866 853 270 412 800 966 25 779 901 911 1112 1256 645 312 882 351 644 1217 937 1029 837 1102 1102 553 706 579 853 90 245 18 1040 604 207 911 72 698 648 677 881 438 1254 837 847 253 1318 90 654 911 1106 911 882 18 898 690 403 320 853 915 1321 880 598 661 1417 1397 1145 55 566 839 752 1417 439 110 18 747 607 598 56 304 97 1318 1350 1327 847 911 907 581 853 1014 1083 862 419 545 587 855 11 468 121 426 960 384 137 1369 137 817 853 1092 661 710 598 1005 915 828 598 853 550 60 579 663 179 1228 353 853 1417 245 598 960 582 426 1415 1129 337 1194 115 998 1004 1380 425 598 1425 847 194 1091 163 1047 1025 761 930 137 579 579 198 540 270 960 1201 847 629 663 960 1098 300 253 315 556 66 1373 1366 90 847 1019 911 306 598 744 866 956 579 1318 18 889 1162 598 911 915 892 711 761 500 718 1047 137 956 1102 426 911 69 1147 315 532 358 502 811 137 245 714 137 684 509 919 1302 1251 1258 403 579 1397 684 889 579 78 648 866 204 345 105 18 553 264 1129 901 648 866 853 904 245 907 327 598 487 882 853 637 866 598 911 1314 195 834 1117 507 944 1291 960 1401 395 708 1236 866 529 18 846 557 970 673 66 579 645 81 306 906 1066 1299 866 683 1292 587 851 66 800 365 812 1004 11 520 598 777 911 596 218 889 943 875 284 579 187 1109 575 1083 66 1283 217 1252 755 1163 847 1282 432 598 961 137 137 1249 820 847 179 882 911 876 598 901 911 168 579 866 288 598 866 598 911 155 1179 1000 107 1297 718 1088 1388 1406 581 579 661 853 338 1073 579 1083 1200 150 7 109 882 598 847 1059 370 648 217 1011 1142 253 866 1384 1099 18 846 211 1329 847 171 866 425 1237 137 524 1067 74 53 1396 928 901 182 142 18 249 191 1327 579 89 1403 1142 192 853 283 874 960 854 1004 431 375 1383 486 911 579 1335 708 1094 168 1167 332 641 342 365 255 337 458 426 285 245 921 1162 882 249 411 115 648 104 628 1372 58 425 18 451 192 253 362 817 928 853 1322 882 337 511 907 384 1002 1394 1124 1379 1397 962 406 915 345 97 23 155 66 1022 110 1306 43 359 1239 1073 882 66 1286 1227 1228 1392 1168 400 1142 412 137 866 1050 1413 265 338 736 15 245 1306 402 679 968 150 313 1404 520 110 427 952 245 368 70 1188 56 814 311 1009 342 1402 847 150 1281 584 491 575 598 853 1083 66 723 798 25 956 66 1047 1123 459 901 28 68 809 1198 907 278 754 356 1149 986 1397 1364 685 777 276 1051 452 598 628 1184 1186 602 598 1428 824 245 970 1095 598 578 137 18 675 598 620 562 541 949 18 901 859 253 1306 97 426 911 575 262 598 137 315 856 506 951 136 81 338 365 873 866 1064 726 829 350 219 565 820 579 66 93 862 103 253 1142 882 1170 523 345 1200 1142 18 882 1351 1300 231 1203 115 253 1275 1142 415 245 1336 1283 907 641 866 809 245 601 155 901 99 1301 1286 835 579 579 215 150 150 901 1300 101 18 204 432 313 645 917 191 162 919 297 901 684 847 685 476 33 162 912 1228 1406 1363 956 1397 1008 18 598 137 911 204 648 394 943 971 337 628 930 395 532 866 853 1351 1073 587 107 1424 541 663 579 711 929 52 245 512 245 1132 1249 867 70 544 1397 884 367 137 1083 901 1129 943 137 727 508 1094 425 914 598 879 1311 459 939 188 1228 411 411 1156 901 882 1232 866 985 35 911 892 66 676 1351 882 18 18 253 1065 545 1095 1133 403 66 366 1131 796 697 1228 922 520 459 68 635 939 1124 884 882 587 823 889 911 1007 92 853 598 137 1263 305 339 698 263 1014 853 598 1417 640 302 245 253 245 960 92 598 1073 379 412 579 1258 1 1251 663 93 426 598 875 31 1030 882 1362 1397 1095 471 1336 302 253 879 1334 1101 509 560 598 382 584 512 1200 882 846 1004 1073 853 1289 198 338 598 236 587 1047 38 150 290 648 579 1351 915 760 1039 356 892 866 911 412 464 253 406 259 72 1167 279 1073 956 107 1228 911 1306 1039 1388 982 996 97 760 1430 579 58 370 1083 171 780 550 911 915 1379 762 1324 704 611 613 1335 1335 8 285 137 1256 1047 366 578 882 866 537 847 18 911 481 1320 1292 1327 1397 598 956 847 412 97 92 115 1167 172 253 459 1373 598 911 605 866 1158 684 911 810 866 190 920 431 253 1013 605 751 684 598 576 956 787 882 1343 150 306 553 1375 596 245 684 861 115 137 30 426 97 903 950 306 905 1416 646 1335 861 911 430 1288 624 915 1003 1228 598 68 1271 880 97 406 1224 18 512 1430 338 941 1059 250 907 847 826 1335 598 249 1213 372 253 1154 359 426 853 862 370 352 992 487 14 406 406 423 1220 856 253 960 937 1095 511 953 553 579 981 943 245 1083 425 645 245 114 783 262 598 714 1188 1361 1122 176 137 33 1417 579 277 1061 1079 110 1228 137 645 160 1111 1083 1300 882 1372 884 598 1029 4 1189 953 1212 92 832 177 432 602 413 800 1167 603 598 613 512 477 136 308 70 598 853 882 901 783 598 624 563 178 1072 426 376 137 70 18 911 532 286 882 406 598 9 962 345 901 989 495 253 1323 864 1092 1391 198 953 262 289 178 411 821 70 586 282 120 1107 960 663 881 847 406 587 709 882 882 1351 107 163 641 1228 853 412 1182 710 515 648 919 1225 940

proba init 0.1 proba clean 0.45
1112 1357 846 1234 591 1000 86 528 658 887 415 633 136 400 391 391 88 33 945 1250 628 460 65 500 590 1310 1226 865 610 82 768 747 805 300 677 693 728 192 958 116 658 795 294 690 698 517 1270 1123 671 1095 88 45 648 1265 157 730 1260 854 752 451 1260 805 83 462 1373 259 1401 547 108 1116 47 116 1285 343 693 979 286 249 1131 300 163 798 294 916 1057 767 823 1292 634 1112 804 573 127 552 840 865 246 272 1068 88 487 158 840 270 1199 171 1226 1405 805 356 905 713 1401 233 202 667 1156 1389 628 1072 86 1079 134 1410 930 1364 18 75 120 154 297 811 539 1169 805 530 680 721 365 357 1240 1260 392 1080 1234 889 865 1319 805 819 926 1401 795 811 96 296 828 75 535 1230 1002 1345 865 658 809 1209 1184 752 789 1305 1237 1072 572 1260 749 1145 1210 1004 1099 768 1118 994 96 1299 1260 551 741 1425 462 823 39 243 616 1410 530 1412 1354 735 294 616 549 331 294 640 628 243 392 649 374 632 865 972 1079 805 615 502 484 889 1118 1042 445 945 397 119 747 1354 1080 804 151 355 1260 747 1408 1220 547 924 1404 1195 807 302 1210 847 673 810 352 88 277 1226 728 483 573 883 469 296 247 86 865 450 75 992 25 617 1009 1199 920 373 462 1349 1174 1401 966 913 1414 1040 743 100 1290 1 1175 294 116 86 226 1214 307 804 1210 1209 460 299 232 116 1199 111 121 460 1057 823 1426 628 823 1203 415 749 818 763 1329 1201 1337 795 509 863 460 811 160 157 161 858 1426 392 1181 657 157 528 630 675 790 327 1112 972 1299 45 187 462 962 671 1234 767 677 1184 768 294 523 1403 782 877 660 243 88 1389 501 975 230 748 1401 392 687 612 1426 1226 901 388 200 1184 658 1323 865 750 1300 44 1043 268 828 790 1207 171 380 380 392 657 108 1181 234 662 999 126 1417 1184 1410 116 281 119 556 380 1420 1025 138 1079 1146 252 806 1018 1209 297 294 303 1375 1299 723 1410 1329 351 381 75 127 460 1114 294 983 1401 1299 805 710 1066 134 889 119 743 1389 1260 1230 390 1209 1389 1008 790 674 698 147 1209 898 811 1260 547 1184 1135 294 243 1010 454 55 405 1209 1135 811 891 1374 1091 1064 628 243 233 1261 1191 23 644 88 268 865 1260 114 9 686 1184 1047 340 294 687 1171 876 399 75 567 380 1396 715 1260 1401 1296 810 702 119 777 785 1209 628 1376 1260 1209 1410 868 1243 1203 1148 805 108 941 467 153 870 1118 120 96 494 258 134 464 1033 346 1401 120 1037 748 787 294 823 679 380 793 1388 1112 138 771 811 456 1117 226 1364 39 952 797 666 1125 1079 795 1021 16 1260 1410 743 547 82 392 47 1203 658 782 930 167 1118 460 1331 22 134 549 174 1196 1110 620 819 671 953 294 124 1202 1389 1205 648 1299 1079 761 661 795 1203 883 1119 1118 1199 75 94 35 1017 1427 605 1401 811 362 1299 747 1338 27 134 1279 805 135 194 811 445 243 380 810 1135 951 294 942 1401 653 243 552 925 1223 769 687 162 294 367 805 420 918 75 823 1260 790 1080 685 1340 1401 1226 819 1323 878 392 1234 1129 526 119 1326 462 86 114 1199 776 694 1242 1079 75 243 398 805 294 114 574 370 88 823 1072 284 1244 1294 743 1300 462 628 781 1000 473 83 975 678 595 1163 547 1040 811 889 123 1260 615 166 1308 1373 94 865 138 658 124 362 705 1071 88 1241 1234 1072 137 61 668 460 1112 699 547 547 1366 38 985 254 392 174 86 613 790 560 96 715 945 392 284 503 661 294 1057 857 1206 865 811 1373 1203 1076 88 805 634 458 492 419 343 457 187 33 1118 1299 176 246 762 729 267 487 1072 1072 1253 1203 1080 16 1366 1080 1059 873 1048 1226 462 88 397 385 826 747 875 1121 866 138 1260 901 823 1072 246 460 96 692 157 294 744 658 1282 460 975 810 790 462 885 759 366 294 673 39 599 1424 847 1234 617 462 949 243 428 605 220 885 24 1260 119 380 1355 570 975 539 676 73 1209 460 839 811 96 700 119 362 116 708 256 364 1108 170 1299 1152 584 1350 1007 92 425 1323 677 836 86 652 1260 451 301 1270 522 547 687 487 553 687 1203 1260 325 157 1226 145 1230 576 547 88 370 1118 1209 1084 85 1222 75 502 1043 1012 562 233 460 119 86 1258 14 1240 1187 609 1118 316 1025 1043 1182 86 294 55 217 183 88 392 1148 1364 306 628 1199 1127 246 392 965 1394 96 1157 1165 88 1376 701 812 1323 460 372 116 171 823 2 1137 954 1080 811 250 979 210 480 1135 171 907 1146 667 1209 431 899 1373 1072 397 254 379 992 1305 563 834 392 1260 120 243 1076 119 397 1114 1057 134 698 355 156 1299 869 460 687 1393 1144 1062 294 243 1401 311 86 795 1118 865 510 823 451 134 462 1079 6 628 1200 1428 549 380 86 662 86 1044 4 1299 573 418 39 685 65 1401 1265 243 114 408 628 1401 83 1229 411 945 811 547 1260 1360 460 749 23 790 398 59 1074 1260 811 392 1360 204 795 300 1410 805 1147 504 823 747 687 810 88 268 1160 547 307 164 570 1167 649 315 459 209 840 1199 1187 1112 814 544 864 1353 392 1079 762 661 1401 1273 179 1379 687 83 1197 573 1000 1045 1039 634 499 1260 926 1109 698 1323 88 1166 467 217 1260 462 795 1337 1373 370 984 687 1161 294 1209 246 89 778 1389 392 753 1074 547 279 492 462 88 963 84 658 3 790 687 1189 374 174 1199 805 715 131 462 1045 655 1364 462 75 863 1079 1260 1136 891 1304 1191 96 392 1193 1075 1398 460 747 131 1401 1279 280 88 487 1118 1184 1265 1111 462 638 472 723 549 1228 1263 795 628 658 381 1116 1077 805 865 460 790 1103 959 327 734 769 811 950 451 1072 400 388 887 1234 837 658 83 519 790 294 605 747 1141 770 104 1303 255 700 1316 1163 106 989 687 1070 1316 1337 407 122 116 510 222 88 747 329 1260 1410 768 677 246 120 1417 105 139 1118 1417 298 88 748 747 781 120 687 65 1303 619 392 681 783 959 1112 430 374 898 120 381 502 1281 381 1209 138 392 159 294 456 1275 970 1234 642 598 460 1118 271 272 320 88 687 374 487 447 993 487 1154 482 134 790 96 945 171 243 116 39 96 242 687 174 612 811 88 216 1291 1209 158 392 1387 207 10 380 1073 487 487 1374 108 1209 88 726 327 1154 598 1315 1112 1135 802 1401 96 1018 811 860 706 621 536 554 1323 557 844 535 1108 694 1105 397 1253 1401 272 125 872 397 1183 83 171 15 1118 608 610 392 718 294 1373 1226 790 335 119 1407 1057 392 555 1349 1265 531 1144 867 274 687 872 96 1337 593 875 39 687 213 747 335 504 1260 271 853 579 482 1209 116 224 39 75 156 1211 1208 96 487 1260 790 230 223 811 296 380 88 939 1076 1395 157 188 181 1410 1046 1059 1265 1370 39 294 903 150 1044 545 406 460 1184 223 1079 1107 96 392 898 985 546 167 417 699 1337 96 1329 1245 487 962 384 464
664 1036 1041 182 1070 147 1403 685 1027 748 186 1133 326 319 1009 36 960 84 1342 186 668 729 748 1336 183 507 892 880 1360 1219 869 724 664 699 550 667 563 153 921 508 869 13 792 998 1402 794 559 1119 23 1034 508 1268 445 507 109 1309 1190 915 329 593 507 1091 1317 848 1091 858 857 285 326 1048 340 960 225 1101 1295 669 869 1367 147 824 367 1000 1222 1194 867 222 990 949 1390 621 97 1050 779 1133 1129 880 1091 252 979 326 1227 798 1129 824 740 5 1237 1156 508 169 75 1186 929 1191 214 480 980 480 1129 662 857 438 979 1305 1202 1370 559 1303 934 1106 131 372 974 618 508 1301 846 961 1097 1226 1192 326 438 1025 930 180 1417 114 611 1000 1202 176 13 857 1053 981 256 418 253 85 10 868 880 507 242 507 996 724 841 418 212 662 326 1091 433 634 326 11 126 508 507 946 724 1342 273 147 107 1091 838 508 544 996 326 1200 866 1202 589 779 1046 131 979 1403 794 1065 538 996 724 1027 1227 1129 880 304 980 937 820 682 1168 779 1403 1133 332 131 1045 340 1218 186 1025 11 897 1227 798 1317 755 952 1113 734 979 765 979 1064 1227 1063 1255 1091 340 798 773 1281 1396 1325 1050 550 107 505 1091 960 880 1283 418 1338 1316 1197 1293 507 230 360 442 305 1283 1305 1219 896 1000 627 177 196 922 1380 597 370 740 52 1186 998 186 1264 897 507 1091 886 1062 590 1065 1293 857 23 212 990 1000 1157 445 1003 1202 980 267 1202 442 1375 741 13 724 63 1424 857 457 979 1041 980 1000 429 886 1057 979 1237 979 752 708 1190 1131 340 536 61 625 1425 861 980 949 1404 285 996 340 794 51 917 340 1422 1398 996 880 1403 77 550 1169 724 844 625 1091 1359 1000 441 1098 326 268 1115 894 1091 661 463 686 293 704 374 1367 401 105 1003 779 798 150 1375 1091 831 652 955 818 439 1335 996 1305 960 723 937 269 1295 550 215 173 438 507 462 1115 198 507 333 1331 1320 560 507 550 326 201 1339 1090 724 268 958 274 662 1298 1296 1342 126 184 1293 508 779 326 302 1171 1091 1250 788 507 1145 808 1188 16 507 767 1386 507 163 1091 1050 996 58 507 996 507 126 378 1122 1386 1091 1227 779 410 141 1356 1302 996 320 729 1021 196 996 960 1263 1167 507 993 692 1204 507 508 85 794 1091 131 399 819 1216 131 1053 1423 1133 1091 1103 268 340 565 340 979 960 1293 471 819 836 507 1305 93 469 507 618 508 1035 1000 507 126 1310 286 476 1374 1340 1373 725 1176 964 231 275 1406 507 656 266 794 990 967 779 1299 644 621 58 19 857 794 990 326 368 724 1040 979 126 206 34 1000 230 1202 1091 1305 1287 470 223 724 164 508 1027 1021 1411 34 1161 403 1202 126 508 326 743 373 288 921 902 980 8 794 1034 550 1256 1202 1345 939 507 23 1123 13 1094 996 808 1079 1281 418 200 545 698 627 1124 495 857 326 574 798 635 872 979 1078 766 1416 1132 1298 242 996 1231 508 798 1342 1091 921 1073 634 996 1216 984 1305 432 1091 1033 1176 557 798 1202 1202 418 990 1091 721 60 1374 493 725 627 627 507 578 802 273 748 661 340 106 1069 1065 1295 815 627 172 1345 438 418 1021 729 23 794 74 446 1081 205 990 662 808 1317 372 186 428 996 445 257 147 1216 462 143 1271 131 1000 382 1417 857 779 11 1119 126 357 1135 1244 550 358 173 678 326 980 1080 249 915 637 347 693 1227 764 1275 1091 366 1398 1335 251 650 550 488 1128 461 1091 317 798 392 610 126 13 23 438 1065 384 507 794 1216 755 445 880 718 959 1003 777 960 10 196 1316 937 377 724 1355 866 534 1323 1176 886 1137 131 1348 340 1088 252 662 869 1003 1025 1131 1208 1025 1230 979 507 979 317 798 1308 980 348 508 1048 1078 675 173 1091 189 990 662 1137 552 106 624 1244 507 1230 152 131 1292 1227 197 779 375 178 202 1041 507 138 1160 318 1133 836 1254 206 724 1227 996 462 1375 979 1025 885 157 340 1295 967 1050 1140 1060 894 1263 800 1384 451 857 1056 140 1375 1227 1065 1345 126 889 618 777 1188 798 681 611 608 1202 1001 1091 13 761 875 794 1091 625 375 813 1366 606 1091 326 779 1091 1420 1091 677 1179 148 330 719 857 606 550 1230 869 507 2 951 1305 418 798 1129 1099 1228 895 1152 340 106 1069 319 990 107 220 1154 817 460 129 634 508 462 1410 724 1246 960 1133 438 1105 1365 131 1262 939 1137 724 494 824 126 689 486 473 562 1133 990 1389 1023 206 895 21 990 854 126 797 60 857 909 878 1035 507 1317 1033 445 507 1312 857 824 94 508 662 131 99 980 1345 1355 107 602 788 857 666 996 485 340 540 817 1383 869 1177 1103 819 1342 178 681 1091 1303 1305 577 794 1036 924 1035 960 13 1415 880 777 990 937 508 1286 960 727 59 407 769 1230 859 181 1283 507 885 1021 401 1050 690 1254 36 1288 1131 815 996 1091 857 131 763 1050 126 186 23 857 1384 1091 635 23 1317 196 147 869 625 1192 357 857 826 1011 17 1410 1269 806 507 316 482 338 147 1091 737 960 962 1419 606 1291 129 507 979 215 513 334 563 1129 678 326 1299 987 1105 43 784 1091 1277 107 713 722 1214 606 326 508 1139 950 603 147 1047 376 491 326 1091 431 463 992 507 960 259 996 965 1091 1374 1183 741 961 242 436 813 1168 27 507 1091 929 1366 264 1372 1251 670 606 1042 697 995 570 147 242 1279 837 1188 1091 960 1227 1367 1337 1295 979 910 927 332 1227 63 106 724 480 798 418 571 507 627 794 724 80 252 981 449 1184 507 1202 1305 1420 1398 880 1138 563 268 1209 241 993 819 810 508 263 1230 507 1000 571 1027 869 583 979 23 880 824 147 1227 1188 127 1327 252 688 1239 214 662 352 1053 1418 693 1342 1027 418 990 147 794 787 724 1202 1420 1021 115 1305 1181 575 1355 1176 1050 1091 819 934 741 869 384 657 1096 1301 1091 1317 1004 798 1305 508 1202 1137 803 971 1367 1202 1403 291 222 960 788 724 461 400 1091 340 819 1202 438 960 507 599 621 1236 1227 996 69 472 507 507 285 507 96 724 208 794 269 1303 463 495 666 26 330 1353 709 252 856 960 1091 1227 1227 1365 869 1227 351 896 93 1188 106 23 34 996 296 1021 126 1230 1091 1065 838 1000 1239 1128 255 1293 326 438 937 124 257 886 1389 518 1330 619 556 1085 880 1021 556 1202 618 880 621 37 68 689 1295 979 1293 980 507 1340 725 1013 1091 107 1041 126 618 1189 462 562 1317 1292 252 398 131 1345 1219 1392 62 1345 1403 979 824 724 249 794 1091 862 147 57 340 537 1216 955 485 131 990 147 1397 261 877 1091 1359 1345 493 797 1190 616 1091 326 724 956 987 960 462 55 319 1421 507 433 436 468 826 1421 1129 1173 724 507 1091 147 461 993 857 722 151 960 165 485 1152 1050 338 136 1305 636 794 462 771 658 627 700 340 84 1021 1377 31 996 1227 792 827 438 625 494 1050 300 1321 508 326 741 939 131 655 1227 798 1227 1402
1341 53 834 536 608 1262 732 397 301 1283 636 855 308 1267 1110 40 584 1319 338 1378 716 985 387 201 1035 622 558 263 1100 1019 737 1120 909 538 536 175 1011 717 638 175 737 752 752 1114 808 760 838 519 246 339 1120 445 14 1052 649 644 763 10 113 1098 386 581 752 179 944 687 386 390 73 1152 308 584 1421 752 1319 1178 737 273 1265 1312 880 494 1386 43 175 543 773 1025 497 933 1207 231 144 200 455 1019 332 1019 722 308 491 1319 455 871 123 847 378 709 721 271 846 1022 154 994 984 968 195 308 1076 413 386 1120 681 1395 928 1369 1153 790 541 181 427 1389 1165 1421 336 903 855 1206 331 1082 1164 926 1120 475 686 1232 1218 986 752 1360 1129 1032 452 386 1120 111 405 542 1413 717 1430 91 1357 301 662 386 32 1120 1149 944 398 855 308 332 1259 656 308 717 752 82 752 1019 1319 337 1200 1080 129 1200 290 773 82 1096 671 1052 458 1129 1357 288 491 1102 1319 1272 1144 189 463 1114 1120 301 491 865 1337 717 1365 391 659 513 496 774 1217 752 787 1200 1339 308 495 61 475 777 1281 491 1149 166 527 123 967 441 681 1258 681 1429 491 1414 754 332 1115 1120 766 1405 1202 895 126 760 322 1234 332 584 1396 877 332 928 805 307 248 263 689 1380 1068 518 1349 1019 894 190 575 233 1136 1245 308 737 1372 1386 1019 1380 1137 1421 1110 268 189 1116 1253 1013 1037 21 82 386 386 554 695 773 1178 724 1019 1149 3 524 792 1129 793 1015 668 752 1118 1143 684 386 746 443 869 499 952 1120 409 110 1200 852 636 943 1286 79 508 416 41 717 241 1172 1200 280 74 664 777 263 636 491 1298 1147 308 493 219 127 584 1226 1265 649 1395 1120 1421 1120 1200 1330 616 479 928 223 1078 944 430 332 906 924 1245 1047 360 1038 93 1286 1115 1149 1157 1319 1124 997 332 443 1359 860 1165 271 524 94 1395 83 489 416 1388 56 855 79 525 1120 263 1351 191 721 1032 1114 263 1010 464 622 1283 717 441 349 425 533 704 229 409 491 717 817 641 82 249 711 308 1039 416 910 48 332 1114 338 1116 1226 97 1286 1019 1405 537 1116 465 386 332 92 752 401 1034 1408 480 1349 836 999 979 332 386 1418 499 568 1114 1015 252 3 719 1114 629 127 584 432 1395 388 1084 616 277 752 944 1421 1032 72 1102 548 748 83 1102 289 75 999 830 1421 768 308 573 416 365 1044 1116 97 475 1344 1032 1395 1051 261 271 123 93 35 446 578 1417 944 672 626 425 559 973 129 1089 887 1372 352 541 263 1319 183 1032 773 785 1310 1110 658 46 589 330 386 1144 308 1166 1406 1164 21 1323 332 678 1120 752 193 1129 16 1395 856 796 1073 1120 768 1149 301 1114 307 1120 81 659 1129 208 773 184 331 672 1311 528 140 961 863 1144 603 855 1226 1129 909 559 584 79 1286 452 1149 164 422 263 263 1226 8 1101 118 427 668 887 386 308 485 1052 708 723 681 492 1319 1022 1218 386 857 384 1319 1019 332 1363 752 416 1217 1311 752 1119 454 1395 343 332 336 1395 449 1319 1129 1087 1143 773 332 1286 475 944 726 585 479 1388 1010 763 1120 439 1058 684 308 649 711 189 246 631 402 854 333 1120 611 1114 73 1200 491 311 756 525 584 773 697 1382 1200 763 537 298 752 1010 398 1426 306 752 596 122 72 346 204 591 386 992 1019 596 189 676 188 861 646 814 525 65 308 698 413 1114 847 307 958 189 491 488 1289 336 72 427 1416 752 1031 251 236 1265 6 338 42 1319 1286 835 539 558 977 1120 189 717 622 1144 1347 1310 412 150 386 752 1149 1050 584 1319 630 510 308 1071 1031 64 605 21 104 770 1013 1238 1102 741 416 491 1093 254 737 1149 475 1115 1429 475 1270 636 1339 558 127 584 88 1098 1226 1120 129 957 483 525 332 1165 773 1235 332 479 649 1096 443 752 316 1284 1102 431 1190 1319 743 278 803 647 1012 263 454 82 590 1240 1022 305 760 130 491 263 188 1015 70 363 513 480 416 175 1182 263 1213 711 792 263 386 907 1111 386 409 743 416 491 21 360 1332 453 1149 541 55 1052 752 1120 898 928 228 332 144 674 437 262 332 1120 828 1339 78 750 332 416 346 332 873 332 1030 1214 479 1053 1421 386 621 584 484 263 1116 1421 253 1395 817 72 391 790 200 650 697 416 649 1120 291 308 1427 1200 107 105 546 1022 876 336 752 989 1120 671 584 1120 225 1406 717 72 26 379 1075 1120 440 199 409 507 263 584 163 646 308 975 841 836 21 948 773 660 1319 810 475 386 711 466 61 622 1372 271 461 622 253 386 199 491 75 1235 1019 1258 1269 1250 1019 1237 1129 6 50 541 673 225 308 298 1019 4 339 1405 1016 1093 912 638 175 332 1352 1389 1327 1144 944 1049 1175 786 752 705 263 758 773 308 390 1271 175 992 766 3 500 882 1200 263 35 263 463 853 880 30 1325 82 1202 1139 1032 1019 752 1110 386 493 944 752 752 184 352 386 1114 332 1225 1386 1007 888 1286 737 717 717 271 386 1120 452 194 718 1256 1395 752 1359 591 308 1120 332 689 584 162 754 475 598 529 263 737 726 1376 83 792 455 614 416 1019 15 819 1213 150 1120 521 272 205 1421 1019 345 308 332 752 409 982 751 1157 651 718 308 332 506 148 1405 622 584 788 1114 265 978 1303 155 908 1071 93 274 72 1230 1399 1032 332 604 1019 48 1120 1147 1327 714 1064 263 963 584 148 270 639 1075 1286 1089 1200 282 93 1155 1120 728 1391 800 717 491 1406 649 332 968 1319 304 727 622 1419 760 1052 1120 1165 381 1341 1302 622 1129 1395 1111 1397 584 149 842 388 345 968 566 472 514 892 70 187 1341 752 766 301 737 384 846 1086 427 805 1286 491 290 704 995 1387 1389 443 191 628 560 437 625 536 1145 301 752 731 1286 1144 887 355 1129 943 1114 338 104 1034 104 360 1047 1103 332 75 887 757 737 143 1275 1275 1347 584 294 1008 1200 1395 836 1129 1238 541 1421 93 1129 118 1411 792 584 1319 1319 6 269 332 1019 759 1129 1120 1120 622 1075 605 928 491 818 541 398 338 1139 348 1116 737 1120 1019 1032 164 949 722 536 76 1395 159 672 818 931 1114 584 332 491 401 792 737 491 1243 1200 213 1286 649 1200 1338 767 21 752 256 1047 332 189 442 386 584 806 1339 1116 1226 1120 771 1133 221 1013 1217 491 491 1083 1227 1075 584 1114 409 1044 988 558 946 145 578 165 1120 681 386 1404 622 438 533 183 332 796 869 1144 1149 334 567 1159 1120 887 1019 1147 72 742 752 332 271 605 1285 681 199 1120 1092 1032 332 479 1286 332 308 1218 1002 397 982 942 773 950 316 345 427 332 475 1319 1384 449 241 82 332 308 1120 683 321 175 516 1044 373 536 622 1019 82 82 332 1421 90 1022 105 491 332 1286 1022 1063 386 673 581 584 1200 225 269 205 1077 309 1395 1365 531 4 645 82 203 688 416 332 1114 1367 485 631 491 706 1245 1120 1120 440 335 771 815 1116 1382 608 1144 72 333 1144 1319 491 769
19 219 744 132 350 891 347 200 1383 33 60 12 297 1266 1088 264 816 1334 277 146 861 377 265 985 350 552 1089 1421 726 1271 1058 632 878 1075 681 755 21 297 51 203 904 181 968 453 785 262 178 1199 656 101 632 297 1254 726 1394 538 707 1040 1018 924 1058 254 622 1 1398 1340 681 1028 297 538 297 1340 575 426 406 757 879 1079 885 13 703 555 855 583 687 628 1407 23 1308 19 1404 21 863 12 963 1421 676 301 549 297 892 916 1098 1310 1201 1129 1089 784 632 1392 380 525 575 1168 832 63 1399 311 263 1283 1058 523 694 285 269 855 282 278 1246 121 264 1058 2 575 436 181 521 3 289 3 632 510 632 926 436 1398 1421 940 1313 1422 69 1267 654 1058 523 297 766 122 1189 538 1392 703 1421 405 878 678 52 632 1384 508 373 2 297 703 358 154 297 135 2 271 2 117 523 734 1238 892 219 678 1068 297 1398 692 532 535 1121 316 835 881 10 1257 1226 800 1202 1201 677 481 632 73 520 942 1421 1189 1419 1169 51 1246 538 863 985 355 1208 878 707 297 727 1196 254 662 617 264 538 1260 723 644 1028 1338 959 1330 959 825 10 118 515 707 928 632 1102 8 548 1058 201 262 219 226 546 200 1421 617 707 528 1210 1394 538 538 132 135 291 1346 494 1392 1218 1272 1058 482 181 703 848 221 269 972 755 456 1047 575 594 70 2 456 377 863 259 1340 1149 959 1058 771 1034 1300 181 161 301 868 1057 119 586 745 297 337 1227 654 1307 508 605 1058 938 1226 682 119 181 632 629 1368 1226 832 167 905 918 36 19 631 1218 297 262 281 232 898 587 712 575 255 271 10 643 434 297 644 868 962 594 205 228 400 1392 632 1392 632 1260 641 181 118 195 297 644 481 105 707 1421 1206 1128 549 751 409 936 812 1358 269 863 44 1001 588 707 1254 703 135 1002 462 959 670 1392 1340 644 297 61 833 326 329 727 632 918 482 253 386 1267 734 711 1318 183 1349 740 297 782 559 535 686 644 377 61 1202 297 963 734 262 93 1262 538 366 297 617 397 707 1220 743 697 1154 33 898 778 2 61 95 1107 1058 707 1028 1344 1096 1398 1325 555 1110 603 972 1340 636 1058 281 1121 730 55 592 951 309 155 73 183 962 1262 409 1392 632 776 141 320 928 538 1392 1267 707 1257 538 269 21 1257 1398 59 12 707 575 644 632 103 297 1428 360 1195 1427 932 223 1267 1392 1276 376 269 979 538 871 1106 928 1227 350 158 1262 644 833 694 384 703 595 605 768 562 59 636 617 1267 921 1051 863 152 498 19 1201 750 1058 1143 297 867 786 110 1340 52 1393 56 523 297 715 281 732 1392 1262 1028 430 632 1321 462 1423 22 946 577 1098 377 705 152 594 371 431 915 127 1247 1191 119 318 886 1269 1175 989 367 184 597 776 702 928 654 462 579 232 1413 902 609 538 1392 81 264 59 594 849 297 626 1127 87 1301 959 462 579 227 1277 1058 1013 1397 1103 594 707 951 928 1398 1014 169 482 585 1224 1392 1236 707 526 1392 1047 1260 630 117 87 538 661 1392 961 1426 500 565 1089 1060 1131 967 1131 297 1063 213 297 1394 111 1331 825 467 731 1100 916 523 707 1242 730 676 10 776 1344 727 1262 538 1283 703 1260 245 1363 679 670 1023 842 1262 167 482 522 548 1098 1299 1028 835 1058 1398 301 254 2 1115 959 488 538 1421 727 904 94 264 1346 1165 409 232 392 2 589 522 242 632 985 1145 1028 632 538 1095 1332 181 421 669 456 679 1262 703 1416 235 655 632 2 1330 928 625 1307 636 311 1421 1058 230 462 309 994 1000 858 1199 297 747 632 1245 640 1340 985 1254 863 212 566 1098 743 972 2 1283 879 1170 1429 1028 839 744 852 167 851 694 962 933 502 348 181 632 988 202 571 727 686 985 538 1283 676 1089 1394 787 1254 2 445 904 1257 1333 178 857 863 987 1158 1262 1080 482 385 1398 186 12 223 1095 561 1422 1004 928 482 563 105 120 145 804 297 1165 299 1324 522 874 639 1001 1058 899 152 1058 1420 268 104 602 1340 1264 767 175 69 650 556 135 928 632 56 269 851 707 181 44 1268 1091 6 1271 260 1153 246 1028 707 297 710 707 599 890 324 1226 1089 617 777 1058 1028 1421 1398 382 604 575 33 285 686 1318 661 331 1394 248 381 297 1394 632 1103 297 219 878 482 873 703 1337 205 203 482 740 632 181 1016 12 632 786 146 1257 354 159 1052 670 1022 1254 523 9 389 632 1245 487 1039 716 1197 1240 1340 362 538 1257 1075 107 1262 1058 4 878 1043 1180 1398 269 29 1025 1338 1058 1419 1381 632 1283 355 590 119 947 898 219 23 632 526 562 74 833 297 606 235 538 538 580 181 771 734 369 23 707 1398 1392 1125 262 350 261 874 1398 654 435 1421 701 1071 297 985 1059 1254 538 269 1262 1114 1398 676 656 1044 277 1098 499 1065 124 380 249 301 1427 1267 538 962 518 526 269 136 462 181 1261 990 1058 1028 676 185 559 724 526 186 746 575 171 462 1058 632 1395 339 1241 648 1392 964 674 1161 538 632 707 857 1114 409 1421 1028 1262 804 928 959 487 632 825 822 354 1260 297 568 299 1150 377 88 632 594 219 928 692 985 538 297 707 1392 742 1227 115 1088 406 1241 297 707 241 1094 589 203 1359 203 1088 687 676 689 181 1227 63 63 15 20 1160 991 1267 707 197 377 1060 670 617 529 1028 908 720 304 1043 1396 1017 904 293 898 707 487 120 349 265 632 1319 232 443 297 119 786 1394 707 2 1260 303 1402 1199 1398 262 523 487 2 830 200 554 393 1346 1392 881 603 730 892 1424 765 538 654 452 447 538 368 1398 1136 571 654 352 1069 1040 494 941 594 1421 173 1262 355 1051 277 1392 2 311 410 483 1283 294 324 1151 432 734 904 686 232 1262 10 228 1236 845 28 1347 676 1392 149 1052 883 959 1386 707 45 878 1227 879 292 221 538 361 1178 813 1133 676 1392 538 853 455 562 575 849 659 1121 494 1112 1262 636 1260 637 1262 707 755 170 1276 632 632 482 443 19 1412 191 1015 562 84 482 482 705 961 879 849 755 1267 592 952 277 1222 1347 1392 377 603 1276 2 720 181 707 440 309 1033 34 925 548 785 538 898 1394 580 1068 461 1340 819 76 1283 707 182 78 1058 1260 1422 851 1014 297 632 574 471 494 863 1340 892 892 1420 467 1257 1260 847 1420 1420 18 258 19 473 623 575 523 959 1058 119 1363 39 232 1392 254 219 682 722 462 225 482 1151 318 456 874 623 749 696 1328 707 269 717 985 1081 818 632 742 1267 707 1089 695 829 297 130 56 1360 833 333 538 1262 786 538 264 707 116 523 1392 345 677 271 707 297 632 217 828 1398 482 61 632 264 932 1340 875 271 487 575 1362 985 523 892 686 898 792 590 1058 189 863 254 347 833 703 1226 1238 848 1392 1419 942 482 525 271 1202 181 903 734 38 714 518 162 892 594 832 523 723 508 548 285 1161 538 297 1227 1114 532 876 892 247 330 17
767 308 310 593 114 117 1341 861 670 83 538 971 1361 859 693 115 330 1369 1128 234 137 1238 687 276 711 842 39 815 1233 319 937 1155 776 1386 1344 647 650 1243 1256 1343 937 1102 1259 663 539 1374 457 143 90 512 1155 814 465 29 505 750 1069 126 1371 342 191 1230 1259 283 418 442 80 1059 814 331 165 777 861 756 983 229 937 823 117 1190 1354 1384 234 971 1252 1354 480 1193 1131 767 980 572 538 971 599 147 1343 1343 515 1361 846 980 599 1197 1220 1284 566 647 354 484 1010 913 861 971 969 40 1335 119 658 1232 117 1155 123 1291 1410 1203 572 200 1117 1324 1074 711 332 861 283 1102 539 1376 63 1403 480 42 1197 129 593 807 1252 462 681 1384 1020 846 567 80 1355 1190 464 583 44 1243 133 117 642 670 93 813 663 1289 234 864 319 1232 1361 978 234 311 936 509 748 1416 1343 937 99 14 654 117 308 1233 283 480 318 663 144 458 631 864 982 1257 1138 1409 513 1301 846 126 1035 663 1155 670 37 599 990 1243 890 569 801 488 480 538 54 117 1086 1343 1230 480 538 760 129 1248 272 939 480 1155 279 267 1059 384 123 437 123 861 591 192 985 1343 272 1259 1378 436 36 1037 143 1374 308 799 181 168 1252 272 1343 897 1028 344 1364 877 1080 1023 283 1170 234 861 119 319 1384 985 908 1354 861 1398 1087 721 1199 80 472 861 434 735 901 815 1367 449 432 126 201 815 480 465 816 480 1365 1035 480 747 947 358 622 520 814 1130 180 1052 1131 953 682 80 859 12 1000 358 1408 1355 430 389 526 150 456 574 813 855 1044 1389 863 1243 1374 538 898 1170 1343 170 861 663 127 846 786 447 1361 192 176 663 9 119 921 887 898 1289 861 1197 154 979 1126 495 1120 1243 441 21 388 154 1229 754 215 538 1355 620 1282 481 1241 747 1245 330 341 369 1055 998 1354 663 1329 167 1154 1355 859 126 441 1312 1065 330 66 1012 971 1289 234 555 853 600 846 663 234 251 1276 1316 580 1243 429 319 323 993 395 1233 1065 1356 1243 861 1194 1374 810 777 480 655 1312 272 170 52 84 879 518 119 200 813 279 892 1202 971 63 1401 1096 1059 663 1201 1258 663 117 748 776 477 783 1343 117 329 383 119 663 1035 663 385 1215 663 1138 414 117 657 1410 545 743 1072 465 663 480 861 846 154 73 406 1355 243 31 330 1030 971 1110 861 441 163 22 25 843 721 815 1035 1355 136 846 1291 314 552 747 418 480 373 1384 892 837 892 753 777 618 180 682 1048 1354 1210 1183 496 208 878 513 272 846 480 1095 538 53 926 466 403 1390 80 641 1361 1243 231 984 126 950 216 319 1197 814 861 1390 1096 318 777 1059 1324 1289 1010 747 670 663 1403 1283 290 571 367 970 480 269 85 851 109 1087 721 358 435 846 1024 93 119 879 651 949 234 676 905 1102 747 663 526 76 734 1343 1304 861 1176 102 1349 861 158 716 538 693 189 50 123 234 68 913 319 846 424 663 330 480 1410 332 1259 1087 971 737 663 701 843 1291 1386 1343 80 439 195 513 624 1382 461 480 659 813 129 864 1308 1031 33 721 826 205 1375 745 697 148 1361 1260 283 330 1280 687 721 1381 497 1155 304 663 234 465 846 955 1278 971 117 480 1232 1354 1289 889 983 670 1355 1035 518 117 1425 1259 513 949 216 1384 1059 119 80 96 453 1068 35 1418 466 397 1202 364 971 937 1361 115 1290 465 137 920 593 273 1354 513 918 1347 1293 849 1059 1059 480 186 752 246 1232 1165 1423 480 813 1354 59 1355 490 1155 1296 1243 706 846 147 513 589 1274 846 387 747 1332 480 544 1122 300 1361 415 1289 1001 628 126 80 961 1374 448 1172 70 893 411 368 1232 937 747 129 234 158 138 442 790 1102 848 283 32 892 951 1086 1155 234 240 175 971 987 904 480 1232 926 715 1260 280 1187 1259 681 937 1270 9 867 287 171 283 1112 975 874 813 538 936 504 971 913 593 511 842 962 1122 1341 879 456 234 823 349 814 117 213 982 513 47 431 1343 815 493 199 80 432 1240 938 966 126 638 221 37 30 1332 561 371 1224 1264 1163 502 415 154 1242 532 940 723 1096 635 706 676 369 1059 154 1312 293 154 299 1000 1320 499 258 277 1198 80 1059 1271 538 971 582 861 1274 859 654 572 599 710 707 892 474 1312 1260 1289 1084 1361 308 1274 234 855 1354 913 160 1225 1259 728 1197 485 375 971 1289 656 70 137 951 1018 30 1355 480 632 772 257 234 463 1140 971 1361 1043 1088 511 126 268 480 1014 1008 1029 129 80 779 500 1077 1296 513 137 1078 161 1211 80 771 176 290 1232 1230 124 358 915 1080 308 1189 1289 52 777 663 1254 273 126 971 480 283 475 616 1355 749 538 269 154 1087 813 331 1374 864 861 393 639 216 528 985 1194 354 1361 1223 283 418 170 137 777 435 1021 330 863 268 892 336 663 1354 1042 316 538 528 593 846 685 1259 48 80 137 861 1259 220 1231 189 846 1059 698 689 465 1049 117 117 937 1361 73 466 80 1289 1273 415 674 971 762 1259 1368 715 480 1155 154 750 1379 1126 1348 1059 777 714 892 1235 1343 129 149 1019 599 1085 1312 77 7 418 1280 861 1289 966 308 1120 861 1355 480 1361 154 1259 320 166 117 1309 928 172 1361 389 52 1355 1323 100 777 221 663 1252 1082 283 425 180 1408 947 39 1357 1110 234 846 1343 1147 203 352 1355 271 561 1059 694 234 283 47 117 684 937 456 876 154 501 790 322 687 1289 470 510 283 1243 785 601 1260 1343 438 330 1179 1128 199 1256 1374 784 234 368 965 13 493 982 583 1291 399 776 978 1291 1157 723 480 1036 283 1140 1391 1104 700 1087 1122 1035 1035 670 937 1383 116 163 273 631 117 403 777 554 1133 368 843 210 453 1232 1165 545 9 538 755 670 1259 83 117 846 117 1155 990 1165 663 625 1291 191 10 1403 403 561 154 1355 895 242 937 1252 234 480 1001 1343 1259 341 612 748 480 185 1319 777 861 590 1193 42 64 441 777 513 802 315 117 154 1325 1355 965 1289 1369 679 652 767 186 752 505 311 434 513 654 196 1002 937 1074 558 846 971 395 604 593 201 1291 457 776 838 368 234 485 154 1411 109 1199 937 846 965 86 441 813 1260 465 1246 663 126 663 600 538 154 1356 967 1384 781 1355 823 710 814 1197 1097 242 971 723 245 859 732 37 1126 148 777 1065 156 309 369 711 767 1099 1035 861 572 123 27 358 521 242 1079 492 1096 308 1111 681 747 884 1226 849 945 815 776 968 993 1202 937 1259 747 1418 1317 123 719 1355 124 846 279 1408 117 117 630 971 1252 572 1260 690 480 117 548 480 1397 154 791 814 351 357 993 52 154 1361 1155 687 355 481 532 722 1011 628 815 126 146 420 1343 861 599 913 480 1303 1096 117 913 1359 80 1392 330 1398 1125 762 1354 536 480 239 861 831 677 480 254 999 317 508 1312 1413 663 475 859 895 1314 1289 150 1155 1197 480 759 1318 171 143 814 180 1123 1181 422 846 1396 1405 1118

proba init 0.1 proba clean 0.5
1228 598 330 1292 87 625 140 697 1036 723 1374 198 1201 850 140 1298 1148 835 1108 100 1199 1195 980 208 345 140 327 22 60 65 541 639 204 979 889 852 1373 1039 1199 250 153 250 1378 516 641 67 1256 133 943 1148 639 970 461 652 28 1200 140 1181 723 1421 541 392 962 767 212 1304 1148 590 587 109 1201 732 755 332 1378 286 977 215 541 133 203 805 1045 198 1152 1108 1161 1198 1202 631 851 682 723 198 1312 330 1378 398 1399 979 1238 836 1312 1263 1388 1001 503 251 399 646 93 104 755 198 1412 939 525 340 343 626 541 639 626 646 1426 1018 468 1148 283 250 370 374 140 755 1369 369 762 936 1299 397 1195 228 639 1086 21 27 1152 768 733 1152 1075 873 250 535 639 1201 250 976 642 587 646 541 528 1036 1418 374 193 639 1078 844 524 626 979 212 459 207 979 1399 679 1050 922 1168 140 1378 757 541 1057 212 1022 1161 1050 1011 455 353 479 956 171 439 731 745 695 723 731 979 409 1011 639 1036 731 1312 836 750 309 1367 977 140 1310 1250 723 1341 1416 97 767 1201 391 479 1086 934 767 1238 976 962 213 682 246 1197 1097 1062 1097 518 1238 1178 606 1378 1104 639 1073 767 440 426 587 695 741 228 212 1378 836 1104 1148 461 250 428 374 22 765 844 720 318 668 73 1148 1134 988 239 129 203 957 352 1424 1284 1333 1148 716 755 479 1028 120 1148 1195 929 1032 445 1284 374 1407 176 1418 1161 250 409 1161 1048 794 231 77 1148 970 249 359 250 88 1090 1195 535 646 1097 1342 654 250 639 1054 1284 1097 284 990 726 431 992 397 1201 731 486 285 140 1396 210 1011 51 755 22 1224 731 70 1062 1201 682 1373 1011 732 297 869 695 646 639 755 639 140 1220 250 327 1234 1039 682 132 213 1378 159 1104 791 1004 85 862 215 1139 1104 1048 502 836 717 695 212 140 203 516 1201 553 185 516 646 140 682 979 504 1148 695 1256 85 88 22 715 872 1195 1236 516 22 140 891 140 695 587 100 679 18 976 682 1195 1380 675 587 1148 498 1050 608 1073 979 53 979 1104 487 1378 516 1140 527 1051 1078 963 450 695 730 198 133 374 1378 59 107 618 1412 525 541 305 1251 1141 165 1290 541 613 1424 452 516 409 1011 1284 927 516 374 1284 541 186 646 1382 723 452 1330 554 57 755 731 212 395 30 1091 25 62 413 1248 198 212 755 682 1201 756 1201 504 767 374 409 944 685 720 755 778 1054 1048 1148 215 140 1206 140 810 700 1085 412 682 203 904 1276 203 1298 1284 628 1370 22 1148 896 731 1161 1356 231 502 250 363 714 235 535 805 37 1039 764 399 664 34 903 462 639 250 196 1252 212 646 1003 641 747 639 890 553 1036 516 1170 639 235 1195 910 723 250 1173 672 503 906 1014 485 525 62 731 548 695 1179 11 482 117 1382 1055 1284 250 553 1011 338 22 195 1378 800 755 36 428 136 911 535 1201 723 836 481 892 1097 1382 55 1136 570 374 1418 1011 1195 1148 1290 840 922 163 198 719 1011 1381 968 646 859 1378 1043 646 474 836 1063 295 1148 1161 212 755 1086 1160 204 17 327 485 1284 499 639 1051 723 829 979 490 825 922 1378 714 27 744 482 639 976 526 385 1195 731 522 185 198 541 1161 626 203 962 594 479 130 80 409 162 541 873 1284 1367 520 1152 706 891 1148 535 1056 618 422 927 237 589 54 695 642 743 707 446 1092 879 516 1249 189 59 1297 203 96 213 1195 695 1113 571 250 781 695 891 250 639 1148 1148 1148 298 203 373 116 922 639 1284 587 399 731 323 840 736 836 374 100 1048 222 732 254 1135 962 979 162 88 917 603 325 1420 43 1403 1371 545 468 855 731 1262 626 977 1048 1086 1104 412 1054 1195 1346 22 877 928 836 1284 502 229 639 859 626 1347 198 212 1284 1161 626 1382 1195 710 455 399 1378 695 351 1390 1195 27 109 1238 922 224 391 1402 22 140 1050 930 198 685 1378 460 1195 731 1011 27 51 971 765 250 1307 1201 401 1382 22 626 1099 601 1094 374 1195 250 535 1085 318 161 1238 1063 508 510 1233 180 516 845 836 140 639 693 501 162 1378 250 836 495 667 212 639 732 279 342 891 212 1201 28 212 1418 212 1221 1143 327 1248 813 535 1032 695 695 198 1233 755 1078 646 976 922 1312 587 710 1284 1195 979 490 639 215 979 1281 1213 907 332 203 1228 719 1195 1104 292 639 1121 732 118 1195 401 331 1387 1039 876 1195 639 1202 108 1310 568 1382 541 944 198 1201 1231 1195 516 22 1001 1161 854 834 250 1086 535 344 1378 1325 140 1290 1048 707 27 27 535 133 835 732 626 663 379 1175 477 230 422 203 639 838 1130 1011 945 1201 387 198 1348 1195 1284 250 565 723 723 1195 1148 1078 755 24 731 1123 1120 1139 732 250 1195 22 451 1161 979 1378 767 140 812 409 741 1104 1378 911 22 1033 695 1269 58 199 411 93 1050 723 1134 953 449 1284 1095 971 350 1117 1170 250 479 668 374 1197 212 145 1195 962 541 541 328 262 18 553 535 639 250 162 990 198 652 836 58 546 979 639 1195 163 732 1285 373 821 760 1127 1382 923 198 250 25 698 1312 1134 1201 480 90 1269 6 271 639 732 91 708 755 81 215 979 1148 1054 327 1227 541 312 723 1413 979 212 1104 525 1284 1011 140 767 516 311 212 901 250 1185 608 1418 166 1109 1200 906 1303 212 948 1195 233 80 718 474 1313 773 22 767 458 541 1418 1033 276 396 1378 757 432 215 48 639 139 577 781 760 1238 694 490 1378 250 836 843 561 27 1269 877 541 639 1284 44 124 557 447 593 755 309 84 732 731 428 1190 152 250 337 249 307 14 788 1169 1124 250 409 1036 1122 1391 267 88 836 1195 541 1238 1202 852 646 952 374 1112 145 626 312 1212 318 318 419 1036 976 1065 541 64 1097 88 1053 644 516 1148 804 1300 1408 562 699 588 212 116 1060 649 977 1272 1284 1245 479 1148 962 318 836 646 1148 464 966 84 755 215 701 723 1088 371 22 441 399 678 541 922 1093 303 1022 88 639 27 1099 141 623 731 1011 898 682 719 922 1049 1119 977 419 1281 731 198 1326 1110 544 458 646 96 693 922 1262 839 732 212 731 830 1250 6 1238 1197 97 1017 254 710 1429 1001 1203 708 1248 49 723 212 272 162 374 325 116 22 374 970 541 1141 408 198 555 757 25 731 1092 696 962 732 516 918 382 163 1314 545 1290 409 336 639 1097 374 1390 939 617 205 646 212 559 1103 398 1048 683 922 1096 639 535 1262 855 850 482 723 1148 1001 482 1010 785 133 639 769 1368 212 327 541 139 979 198 829 345 957 1105 1161 541 681 49 307 212 824 970 693 681 1312 1050 212 979 639 524 1074 1378 922 1103 162 1073 22 188 1050 1050 422 755 1312 1378 1163 1284 212 541 1388 623 374 838 1267 732 1313 403 203 683 472 1072 646 163 1195 922 809 1050 1330 897 1201 25 516 427 1195 211 731 140 324 639 639 973 630 646 140 1368 587 1245 667 305 507 731 1148 731 1303
1146 1103 110 577 574 557 264 451 415 264 1013 180 1354 444 1228 1354 781 891 824 750 1416 384 1246 264 574 1155 943 1198 1131 563 748 1420 959 1398 105 1060 221 486 1074 717 1225 1415 338 1020 440 663 1342 97 344 484 781 486 213 526 784 203 1008 795 934 569 673 1393 449 787 167 909 1409 281 486 329 310 781 1258 834 89 930 1225 169 557 97 1182 904 1137 1173 1274 1400 318 1325 1415 1054 97 1274 1013 180 431 682 784 350 1251 486 831 1057 431 978 1375 244 145 1408 717 692 105 769 432 1186 1278 891 810 919 645 1205 673 1420 1251 259 1260 963 201 89 190 1415 74 673 741 159 717 562 69 620 1335 455 996 1267 1420 794 577 80 930 1119 717 1016 1173 432 1415 673 1420 772 870 885 110 717 443 832 1198 893 579 172 301 1335 1013 710 1123 1205 1354 1372 672 1364 1150 1083 1296 748 167 1054 1420 1184 451 557 862 1110 884 717 1277 1076 486 288 459 1173 159 597 831 683 344 264 663 977 603 1020 1420 197 831 431 67 557 830 1179 1165 261 17 1026 264 906 7 683 417 273 1420 1191 1177 1209 1072 831 1260 717 1345 61 1115 840 1251 955 1251 1345 831 1361 80 1250 1072 781 302 1400 97 915 419 1375 1031 748 574 1314 1198 1072 89 783 1415 964 748 364 151 1075 1001 1185 1168 432 378 1307 545 80 1189 1182 1258 1269 517 167 448 1080 763 342 934 696 190 673 385 771 53 977 364 748 1036 528 584 124 1415 671 350 1260 750 763 1252 1173 486 463 582 1415 1335 1378 1200 673 1169 100 736 612 1415 1420 498 1252 1251 445 1251 1342 172 1022 1090 1158 809 486 1072 953 781 863 577 836 1258 565 997 831 1415 342 1354 844 597 1076 781 876 289 806 443 463 1258 1420 1371 999 1084 797 1260 486 1184 1090 1040 784 1352 1160 1138 880 173 870 717 728 1172 1260 98 89 496 59 959 932 1182 176 390 123 1307 1420 42 977 1184 486 603 1110 727 900 1012 1420 345 97 793 265 490 1020 98 781 1119 298 233 486 140 1337 798 1181 679 1072 371 831 486 331 1184 717 229 781 748 231 486 1072 750 791 1020 140 374 458 933 172 541 998 217 172 318 1284 1254 135 64 385 1026 1076 748 523 857 1077 466 154 831 1212 517 497 1020 125 1076 212 229 1020 673 109 781 407 711 1205 1264 985 968 819 1115 1258 289 1254 683 946 1343 89 683 350 635 180 1254 432 1072 273 153 273 1251 68 284 1302 1343 850 168 42 210 33 650 1335 717 264 603 167 827 574 556 781 1396 419 229 652 1182 1198 1409 748 1399 1223 154 1072 831 1019 919 1013 871 1028 1041 788 896 1267 663 1354 1262 626 1269 977 1251 574 1077 1420 486 940 1383 1254 42 763 425 229 1420 1268 1260 1005 1020 1035 1335 77 46 1173 264 748 255 193 276 313 1159 143 810 93 317 1385 1375 1216 1173 571 907 781 1378 312 1415 1260 1014 820 97 364 959 853 1258 384 359 1246 432 518 677 1013 1057 132 1411 1251 1205 717 338 807 864 1418 1076 1110 350 89 434 1102 729 458 310 1076 922 783 42 91 205 912 504 172 154 1383 1383 566 717 1254 172 1346 710 1287 239 1237 1056 333 1415 1420 1163 264 776 486 1025 1001 1250 89 364 80 811 591 1420 1067 1020 1044 717 831 1264 510 841 781 257 1205 1182 1335 1080 634 201 1420 878 1215 557 1258 1026 1010 704 683 1398 944 1372 633 1270 350 158 782 1023 1307 1168 612 1345 841 1073 1354 477 1254 1020 981 1314 577 1209 831 1098 187 453 264 597 41 1274 825 1322 566 1415 1420 918 1423 778 172 1182 866 1282 52 1420 693 717 1399 663 922 154 799 1198 673 791 1260 1036 781 717 477 351 486 1317 1420 408 686 688 264 932 210 784 683 77 536 831 1084 1205 1422 1260 548 187 1390 1234 468 1251 269 1251 1001 781 216 1152 229 717 1044 45 205 841 1427 264 1398 1205 784 954 393 239 1268 1205 929 1173 683 901 80 585 639 364 802 781 599 1026 1013 1029 1374 180 963 978 1376 160 831 1076 80 463 1251 352 1415 349 486 1320 1205 270 495 552 1343 1161 673 554 1415 1272 718 1268 273 831 977 185 419 506 1260 353 620 527 551 1335 74 1260 1340 1254 1415 10 972 249 804 65 1148 1194 119 1124 1267 1354 1026 89 596 995 1335 1136 356 1072 1250 77 257 781 1369 673 934 1258 783 259 959 1110 431 772 187 278 680 273 1149 1335 1083 1354 1087 878 900 529 1182 483 310 748 1026 198 1335 121 781 180 1420 64 644 683 364 580 784 1420 857 1225 646 1407 167 781 675 180 1354 247 31 181 977 1306 1418 1132 555 196 1220 1246 959 220 120 992 89 197 48 1399 778 1146 1270 1263 1110 1205 572 608 1080 1106 242 388 1173 1420 673 781 1076 1283 273 296 97 1383 1422 796 1415 1343 932 1013 327 1274 213 172 1411 663 1076 388 251 1335 1415 468 1143 701 324 1354 717 1001 1335 50 793 781 229 99 1131 839 1419 824 658 1020 611 456 316 1356 264 25 432 1092 1076 768 587 683 482 568 1415 16 496 1415 697 1254 1412 1356 748 673 557 748 1244 1328 123 853 1420 761 794 824 1258 1354 717 1307 115 128 557 1110 678 781 100 188 985 781 1300 1205 1251 152 1415 89 851 1008 364 254 255 1260 309 381 432 1420 717 1019 312 1258 1279 890 1354 1335 760 975 665 557 1061 264 378 1354 1254 818 952 975 1399 781 248 1020 635 533 1001 1415 1216 1151 188 229 796 229 167 172 1420 27 205 278 1420 1072 18 725 212 167 1198 781 557 599 299 696 172 1254 130 776 717 364 1420 1251 766 1001 486 831 93 1304 717 1415 717 942 609 1399 958 663 139 577 1105 1209 24 710 469 1173 42 23 114 781 831 468 97 17 1415 1001 1343 1024 748 184 547 951 1415 722 489 1422 1168 1251 717 900 915 557 831 1411 824 325 134 819 1268 874 1205 1010 889 20 577 1184 1199 1157 820 557 716 673 1420 1383 500 1020 1250 42 258 316 621 1307 1141 1250 1343 770 1198 1422 114 1033 17 356 781 349 1339 53 42 748 1173 784 781 1258 717 1173 264 1060 1121 781 154 966 422 781 89 448 1343 1173 1420 1335 427 873 518 549 831 1095 819 798 310 503 798 193 1422 1335 163 831 114 1163 824 577 494 1381 679 945 984 441 540 781 1254 831 157 363 1422 831 1302 209 652 172 386 241 803 1076 977 111 407 1013 1254 1358 953 748 781 247 345 1418 486 1420 5 943 295 572 24 831 831 1258 279 1023 781 1020 785 68 610 309 533 940 625 741 1420 1251 221 728 1399 1217 820 259 717 347 110 217 1260 1062 591 631 634 673 722 90 683 1417 264 1254 1307 11 264 1251 964 1420 748 432 1254 1247 557 705 273 136 922 50 649 462 47 557 305 17 1425 562 866 486 1266 341 635 484 1254 1354 1420 389 820 842 117 68 264 62 66 977 416 281 1404 1258 1044 951 1335 831 1250 557 317 284 1025 1121 264 781 1176 769 525 1114 899 128 259 778 1060 264 692 788 632 564 711 89 1020 229 922 770 831 1335 973 1420 1420 466 90 286 1255 748 486 1089 35 683 433 663 1173 831 440
907 1275 1401 735 268 738 985 631 423 985 765 263 515 180 1081 853 1390 43 1402 382 254 685 330 651 1136 783 708 1217 190 1119 533 116 618 55 789 434 861 515 184 753 423 1193 1300 997 675 27 209 244 368 261 116 128 920 1044 503 1378 892 1188 1149 985 1390 1390 910 1401 662 521 207 742 515 974 515 28 631 1113 261 1336 735 416 415 244 8 961 910 1136 263 309 1195 261 1193 907 969 247 765 294 703 193 662 1277 1162 515 587 1328 703 417 368 1188 624 801 456 1132 1261 1163 631 934 539 340 343 308 254 343 207 533 1338 1132 1216 1198 1146 1011 292 1193 401 533 30 631 10 785 699 890 857 1102 694 889 116 23 290 716 818 209 1063 961 261 1401 1193 207 116 515 1193 641 377 1212 1132 1303 337 423 300 1270 1036 116 1125 848 1282 1253 515 289 478 510 1249 696 55 821 1390 1411 368 84 1329 683 1275 1138 648 1195 821 517 515 918 69 261 206 155 1188 686 368 985 1188 953 254 404 64 335 957 703 118 1392 5 237 968 1292 718 1103 985 1390 679 753 1040 515 908 416 23 959 260 914 27 881 685 368 931 420 1338 1166 1338 631 898 368 1185 1390 1269 1413 75 527 849 533 395 911 1275 72 268 753 1217 1096 641 43 1193 366 1006 890 574 911 468 657 293 631 261 701 533 383 785 8 631 1109 811 184 1319 1219 695 631 1355 50 953 743 1390 796 903 1324 924 743 281 744 1310 1195 1193 254 1195 62 606 1182 1294 261 515 1071 197 1193 1339 1364 1218 207 1132 1341 472 939 1193 116 114 1402 368 1206 1253 209 140 794 907 544 881 515 1224 705 1102 291 861 541 631 1402 145 1188 1052 840 515 1132 372 404 28 184 1195 911 1132 368 1132 116 28 366 1193 1006 1216 515 741 952 685 662 917 195 1379 1059 1312 1386 1017 164 815 985 364 910 1128 414 662 76 8 703 121 1196 1404 508 1132 1324 722 1195 1365 910 911 240 873 116 1401 1328 1409 1292 39 404 803 316 1027 783 911 515 227 1405 1064 662 1074 97 114 1188 515 631 136 55 145 562 1195 381 515 1233 1356 662 404 529 59 232 1125 324 1212 527 1188 536 120 98 641 1354 272 773 1002 404 743 1132 1252 184 1364 753 207 55 1307 232 404 254 404 452 508 404 1212 871 1413 612 522 1132 1390 500 1400 753 1195 631 1188 56 1207 510 534 261 515 809 282 1039 662 631 460 515 1302 515 358 259 743 254 1428 739 1364 1132 1010 452 1285 1005 1193 985 961 346 55 1189 996 334 770 1081 1283 799 8 1078 916 190 990 1278 368 666 1188 1195 388 765 1390 819 907 368 784 207 712 515 339 963 1311 1324 66 55 555 116 515 631 261 662 1132 56 929 1342 116 174 1205 423 404 1046 813 421 302 261 985 488 469 1212 981 92 501 502 939 139 1188 710 911 730 261 1278 966 753 968 1089 1193 965 1186 360 1167 1401 641 628 631 151 1227 963 631 62 515 765 261 737 1245 1338 468 682 322 773 533 442 404 1398 820 261 1101 1390 880 45 375 28 428 919 1132 596 641 207 1132 1318 261 261 545 641 1195 662 1317 23 363 969 974 1354 184 20 1193 116 515 985 565 1195 1308 1071 837 960 1206 935 1159 1278 116 641 404 1093 342 1188 1108 1173 1302 1018 1195 552 8 1390 699 1291 847 1401 254 261 4 201 1364 415 1217 205 961 1204 261 207 225 820 1282 953 979 209 1132 911 1217 108 423 1273 890 142 404 1418 360 886 1056 1368 139 685 1390 911 1313 1354 65 812 911 619 785 116 1390 420 261 438 8 55 373 470 116 953 224 527 1188 428 1101 618 91 533 368 491 589 1390 1008 287 141 515 1051 116 1096 69 1324 373 355 796 1114 931 464 515 587 1253 184 591 1087 23 1354 869 23 1250 336 457 708 1378 116 36 1 985 1413 289 270 884 188 575 304 1195 590 227 1155 1357 115 987 1402 911 423 389 272 157 368 1315 1401 507 427 612 1402 765 1369 1390 997 739 359 1194 472 1159 347 828 1071 739 10 557 1250 515 1390 606 1143 210 823 99 1017 743 1367 1099 207 114 1143 82 1263 1324 376 55 961 1201 601 1203 962 647 1103 1270 1216 1051 662 785 157 1065 364 1068 1238 1117 602 282 1354 1390 515 1064 368 1104 792 364 123 741 67 837 207 313 911 1216 753 955 631 1125 1132 641 56 703 743 469 184 259 515 673 116 369 515 1275 618 112 654 8 173 804 1390 1271 717 1338 785 28 1160 116 963 1064 722 202 1049 53 116 498 693 114 539 1193 1182 1136 898 1195 949 1329 158 1324 1188 1195 255 55 1256 23 207 287 618 788 783 881 254 325 783 1034 207 244 548 72 153 53 1125 939 120 1277 1275 261 116 418 1153 1141 1149 515 937 1229 651 307 527 1193 337 881 765 1275 662 821 533 1193 1188 1281 631 567 985 785 111 735 873 515 1195 911 1401 985 974 254 139 626 807 204 261 32 1354 1051 404 1244 22 583 821 985 1250 631 1195 522 1390 207 254 631 1276 1193 105 625 533 688 662 206 1030 393 403 901 919 1102 1168 151 207 116 693 251 1369 1236 1132 421 839 795 1195 116 1390 683 1413 145 452 727 571 890 763 194 753 1193 1350 419 75 76 515 687 1216 1274 1193 631 116 130 1275 1089 631 371 1426 515 662 273 114 205 87 1348 961 1191 515 662 836 598 527 783 28 766 404 1270 662 745 1193 278 320 89 842 56 217 184 708 1390 1426 148 298 466 808 822 17 436 535 228 1161 1399 891 423 358 879 641 753 209 142 914 116 553 360 176 515 798 963 405 662 1172 978 641 916 783 702 1191 533 1193 1253 536 84 201 783 261 1132 92 1252 30 587 579 1208 1195 1193 1032 1391 974 179 368 1401 783 1193 254 423 598 502 1338 803 552 254 521 1283 710 1161 1132 1253 920 22 337 626 942 827 143 429 184 423 641 360 743 1188 3 1131 261 1397 404 837 532 1236 692 1317 669 1229 662 678 385 367 1095 34 1175 295 58 1390 462 556 1390 1132 80 261 1020 1035 631 121 261 985 1319 1293 1413 1101 28 552 923 662 44 655 261 116 1413 783 69 907 1008 694 823 1316 91 1401 195 910 1223 870 995 1193 1188 15 358 899 954 108 1132 95 1252 1357 1253 1193 527 662 1075 587 815 462 587 139 1399 607 1356 856 1364 1188 760 1324 404 55 765 662 953 453 533 689 35 394 437 515 251 71 1185 552 796 1203 587 587 1129 985 1401 28 404 114 114 1139 792 907 261 1197 631 116 1338 533 939 783 1302 360 1195 662 1275 615 55 906 699 1379 745 1413 743 1021 1186 56 1278 985 662 1188 1278 762 1093 244 116 1275 206 662 1319 238 1234 515 898 271 1012 1197 1004 1195 30 383 1195 169 344 413 368 154 862 1056 821 641 515 116 1365 640 116 1401 1056 251 158 783 1413 124 821 117 631 375 1274 196 587 641 1306 1025 1219 533 184 7 28 1266 177 8 677 1337 792 1132 5 459 1390 515 821 1188 785 515 145 404 708 1374 583 587 116 171 116 116 1135 974 572 873 1023 515 41 640 56 842 587 261 83 1424
1324 563 1163 668 553 514 978 1296 1232 388 1410 468 245 464 1317 1260 873 1253 53 296 1073 554 1380 1166 553 1317 294 449 1129 470 873 669 522 805 1214 405 721 4 982 819 534 1358 1184 850 836 968 784 574 933 1223 1052 6 410 286 976 1198 1317 1326 771 476 873 1191 311 1287 639 1182 873 653 4 1229 245 873 790 522 257 443 134 380 178 574 1232 1015 554 609 449 1385 302 1409 17 571 1169 721 1360 722 767 449 851 688 1028 245 1183 277 289 810 508 638 294 1369 873 622 110 21 790 1338 194 784 1260 245 917 828 1380 208 22 622 112 809 1359 1120 171 1095 60 500 1317 790 957 1358 1084 628 242 1106 819 1353 873 1131 1223 901 449 522 605 449 252 41 1358 800 208 170 1052 1129 1106 4 622 577 449 1114 136 874 1184 848 823 553 734 828 245 142 90 1283 245 1223 805 272 653 1391 208 1312 630 1091 563 873 621 302 1298 1184 254 286 1227 252 150 1150 968 1148 344 763 968 575 1317 1184 716 873 1183 477 449 531 519 622 125 1317 819 1343 1368 522 793 1354 1009 245 197 838 1241 768 1395 1183 819 873 1354 404 653 1084 1167 41 743 1138 1325 137 901 851 311 1330 758 1324 531 1346 1046 191 563 1017 539 873 449 311 1129 112 504 480 634 1194 225 1190 621 723 246 622 337 542 624 901 1358 1232 790 1182 147 988 1250 359 1164 790 1003 415 128 1317 554 298 1091 140 1317 180 554 554 1010 302 1358 540 302 1137 112 1260 1376 252 1425 889 377 1358 970 751 554 800 622 703 1310 1260 504 669 290 690 745 194 1400 1312 597 531 824 245 50 302 551 1317 1106 1260 982 505 790 1184 542 968 999 112 245 821 1150 1184 873 794 302 733 622 1129 790 669 1317 460 1358 1206 112 302 1417 1213 1354 1116 449 311 1133 208 560 1326 681 404 311 1137 243 1129 716 146 1129 873 1232 364 847 376 1091 1184 622 140 733 245 1059 873 803 371 64 669 410 849 643 783 583 1042 1127 1317 504 1317 210 302 296 676 618 1129 968 554 239 968 4 604 736 805 817 665 819 33 245 311 794 1276 1042 550 649 708 1153 919 1209 1317 1396 348 1040 500 1129 504 1184 1008 151 1184 242 1000 522 795 1317 873 800 852 147 895 1184 199 1184 1338 817 1042 500 1311 665 1326 622 1272 341 1287 554 1184 819 790 968 873 1352 217 1231 1129 326 522 193 1230 1127 790 794 245 894 245 749 1176 500 1317 559 865 1145 622 990 1212 1137 669 819 693 776 873 805 553 1317 665 1396 164 817 22 1232 873 1317 361 97 680 671 546 968 302 771 1133 1037 997 823 572 128 800 968 302 254 736 1052 140 796 923 780 208 254 1074 252 1129 622 665 504 817 741 745 1137 829 1184 112 669 1354 554 252 805 22 430 112 966 1031 775 288 1260 60 968 1356 1010 481 252 915 282 639 323 1317 566 1137 1184 614 183 1194 1129 358 790 812 744 384 622 800 245 326 873 89 1312 22 1272 256 134 1084 500 136 1184 1136 851 1129 1107 653 1317 76 964 1184 1118 1257 622 1317 851 904 622 552 873 252 206 1129 302 10 790 493 1335 522 1144 294 1001 770 271 669 583 230 361 302 981 621 653 67 1380 901 1170 915 208 1129 1184 1098 554 968 989 1046 1292 665 302 828 1232 554 1317 553 792 1184 156 438 514 658 1317 702 552 449 1214 504 894 800 255 1394 873 1085 132 1224 639 819 449 152 534 821 1260 1380 1042 1326 1068 1147 1407 1216 60 1354 851 1354 1150 1100 504 819 1354 504 504 669 851 838 239 489 1232 805 560 653 669 1405 681 1099 968 946 1107 1351 449 500 296 1137 676 568 522 137 522 245 881 86 1149 767 140 1354 901 445 227 104 1228 850 1315 773 828 1353 1137 1117 311 1143 491 554 92 647 801 184 873 553 1260 1358 873 1024 299 588 550 641 1317 302 828 210 554 127 217 1088 1272 325 534 616 554 901 873 950 653 294 665 357 1317 518 517 417 787 102 486 1344 1073 1183 1184 901 957 798 598 509 24 245 1299 1272 514 227 943 1376 598 500 554 868 800 979 137 1306 1183 140 1039 805 1199 7 59 292 494 1317 756 1027 112 1391 1129 1358 607 321 1065 512 669 490 192 309 504 1012 245 134 1129 323 1015 169 999 294 1186 851 800 1184 615 325 1317 1101 790 1009 622 1129 653 289 1352 1421 1129 554 245 1026 669 1223 302 563 522 873 641 1232 1337 964 819 1194 1412 669 1358 873 851 452 674 208 1273 1194 279 938 669 991 1127 805 1323 1272 370 492 1318 302 218 554 727 140 359 302 808 805 504 524 800 1129 560 972 1317 639 1137 1038 1099 1084 800 574 422 568 828 1148 1284 1260 915 688 563 1071 669 283 665 1184 244 245 1191 746 819 22 1305 1358 982 1317 157 554 137 1378 500 1348 968 553 790 321 568 1358 438 449 18 302 245 22 621 1317 591 1073 665 817 325 873 518 112 1317 681 1042 1239 986 273 979 45 978 41 819 87 1343 5 1073 790 1317 504 1259 89 500 504 421 609 554 964 1156 294 134 470 1223 1429 800 669 65 49 1086 491 622 560 999 693 819 1016 1150 778 873 1326 788 1181 918 985 1272 910 500 504 915 1376 999 1194 245 1354 112 15 566 790 851 568 563 995 790 560 819 245 851 331 718 587 178 479 229 982 245 851 311 559 1045 1099 873 25 1184 1400 1129 1265 1358 779 639 136 817 965 817 1273 245 686 291 873 794 62 1429 582 703 1019 131 1287 873 1221 136 534 234 1137 1129 58 1250 681 1380 873 734 678 682 254 1183 1128 267 630 1248 873 1129 518 1099 527 968 208 669 1426 1265 350 1208 250 252 622 258 1328 568 607 1147 1184 819 1028 657 1147 75 134 172 325 224 566 1154 616 134 288 207 873 449 554 178 1183 181 448 278 1228 500 451 1337 828 597 56 198 1354 331 534 1129 302 665 968 1270 189 252 258 1184 851 622 953 642 1083 962 1132 851 560 514 449 134 921 241 819 546 873 394 1070 1129 622 819 252 209 665 790 681 252 543 1224 1376 665 14 873 844 665 653 1302 779 252 556 873 555 716 1224 112 1183 1184 468 155 964 653 385 906 653 208 1358 968 1318 846 1154 640 313 622 663 522 653 773 987 873 851 1183 1183 1376 1049 1183 60 1297 22 67 1342 554 491 1184 140 1184 805 325 476 733 241 500 1383 560 39 500 254 669 245 935 662 1325 812 622 1266 1209 1083 454 873 1042 1209 283 785 139 920 1021 523 790 1052 373 500 1260 1099 309 1252 1399 851 563 1264 805 7 571 653 1191 397 873 773 776 1354 915 873 1129 1137 915 929 519 574 208 1206 41 639 294 178 115 245 1289 1010 1144 239 1148 819 665 54 819 511 851 1046 915 954 104 1043 389 883 302 238 404 1252 1129 653 264 1288 1260 1317 140 1317 110 1129 622 45 1129 828 135 1129 375 575 81 500 1100 61 873 407 296 1232 387 125 336 622 519 55 653 254 1117 968 1358 492 522 1042 817 554 1184 1183 873 254 669 669 1157 287 857 1317 134 245 531 505 1354 783 1183 522 1183 1314
398 1241 801 1342 377 198 724 1211 375 1002 1239 1400 169 1318 1215 1220 322 324 1300 732 1005 468 1254 682 377 259 343 996 328 215 291 999 711 113 679 115 578 578 1238 724 724 1136 724 253 1416 378 1029 995 1220 964 1053 1003 398 776 27 380 180 401 444 992 929 801 31 496 1404 958 530 1319 447 1342 729 487 1291 1350 724 226 652 189 198 380 592 364 1300 836 722 443 971 251 575 398 466 1315 1269 1400 277 1429 724 724 1054 169 812 445 1214 1081 1220 1318 756 552 1053 484 211 1269 530 126 729 1198 1379 1198 1005 1106 929 1053 1005 102 74 818 978 321 487 1269 158 251 542 1426 1053 1291 39 291 63 1304 324 104 1053 531 442 710 416 1029 1053 153 1094 530 592 929 322 158 797 348 758 1423 490 1319 911 1206 582 930 31 1246 1300 832 809 1106 169 217 397 1232 169 925 718 324 1300 795 1214 431 324 198 239 328 1241 169 153 31 306 776 116 1094 1300 1318 610 1105 1220 992 988 608 1005 31 1053 182 812 765 996 112 1025 714 515 180 797 1269 992 446 172 724 1222 169 1269 1383 531 1146 694 812 80 1053 1024 1220 608 246 1005 856 1005 81 1012 1220 710 724 31 1053 1242 1136 901 195 1315 33 955 1305 652 1214 996 441 724 675 28 696 1256 1300 1338 745 233 423 126 530 133 1022 762 710 1136 237 1291 702 368 1300 1321 53 135 883 1383 1162 684 312 468 56 650 1300 1300 291 929 468 1294 971 1139 1005 971 952 1026 72 747 1094 596 869 1030 1331 252 1196 468 929 46 985 456 1082 247 309 56 458 1220 76 841 1029 930 1197 398 169 325 169 438 1269 1260 405 724 1346 1291 31 868 302 812 1302 169 1106 668 31 1136 736 185 197 328 1220 530 1001 1214 613 150 814 74 1180 464 1242 601 894 663 83 291 1269 838 656 137 527 713 749 562 76 301 1177 1315 276 419 1368 98 1192 686 31 383 1300 508 466 618 102 474 384 874 1246 1300 901 1339 682 47 777 1300 487 413 180 736 169 1294 1073 1360 348 464 468 339 899 446 530 479 1053 435 487 169 899 466 60 1133 1315 648 719 941 489 864 930 1248 1300 641 1228 903 929 1315 133 31 967 670 31 489 1237 1070 172 1300 724 929 1170 1184 1286 754 1005 31 1419 1155 750 425 907 487 70 98 1214 321 123 1335 31 724 1291 526 1291 60 519 942 322 257 711 251 1400 752 530 464 1246 782 1057 150 487 763 1005 145 860 433 1248 1314 491 1359 737 1053 992 276 83 961 377 1148 487 291 325 399 1090 607 999 990 291 145 1300 1220 487 737 971 744 1269 1256 1286 398 1220 1214 929 898 971 1304 41 369 561 600 90 1073 487 564 576 1094 1315 411 605 1222 435 1004 1363 996 482 863 397 274 217 490 1094 992 324 289 74 1250 157 1231 1395 1082 77 1256 673 36 900 1094 849 609 1053 242 534 592 884 31 1228 1300 1340 724 961 1291 707 459 251 530 965 169 1269 80 141 784 1005 628 1053 1248 470 929 119 31 102 1214 80 1096 31 340 530 534 31 12 1177 698 1331 724 832 1246 1287 80 1094 1094 1291 971 246 930 531 1218 1210 1342 1385 686 160 22 720 382 1002 345 169 950 528 102 321 719 710 1269 849 1246 1291 31 501 1053 1005 37 531 1163 487 971 1106 519 369 431 1383 1320 31 1005 410 198 462 1005 1256 901 746 591 900 577 929 907 878 1194 170 1322 333 1214 1228 209 431 982 507 573 300 31 675 1228 904 1242 820 138 408 468 736 455 498 1331 1333 782 1088 511 1014 153 587 80 930 1202 891 1304 975 1246 42 137 1300 1345 166 1370 237 996 929 1220 907 1050 324 1053 208 546 169 1282 422 1018 843 540 575 594 433 527 482 441 1430 1300 816 1106 832 42 531 1300 1273 531 468 1257 1300 343 907 1053 1133 1337 992 1053 340 517 1423 661 459 1080 971 1106 527 468 950 713 265 1300 1220 1170 222 468 710 1300 562 1005 748 487 596 1300 1269 266 205 713 724 55 1073 1214 812 31 710 23 175 350 990 234 169 321 1185 1300 318 510 616 1300 929 468 553 929 56 425 1190 812 1417 1402 589 1415 375 848 291 1214 324 1424 981 74 350 1315 1072 645 1393 1342 863 1159 1003 635 169 929 632 466 543 321 1417 1315 778 699 43 1021 1321 929 929 804 1269 23 907 1291 83 1130 1291 80 210 795 444 1291 468 466 950 452 1188 169 1322 724 1005 684 1166 724 534 324 1300 47 102 1381 42 1214 986 938 441 991 734 823 527 688 408 329 1138 593 1300 1214 296 732 971 400 468 316 1300 916 971 499 1137 1331 531 929 187 513 1422 700 142 1005 1128 529 526 929 961 255 1214 1106 280 1199 1082 849 202 21 574 540 102 487 31 813 169 801 309 249 1214 254 952 1102 291 1269 588 1315 1102 930 1302 1319 377 530 297 1214 1136 463 996 321 971 169 1053 907 992 1342 1005 487 435 711 1291 1300 257 458 137 31 592 1300 948 795 992 512 530 724 1300 446 1025 1005 530 702 10 1383 463 929 200 1261 146 468 410 112 269 1035 14 20 578 929 40 592 410 1183 871 409 1053 960 271 169 567 724 748 390 983 1160 929 487 544 273 651 724 1203 322 472 644 298 466 736 821 904 561 785 1053 1053 98 1125 530 947 677 169 80 571 56 1315 198 1409 992 1218 169 388 1016 1340 1136 529 1136 724 31 663 1291 907 324 829 1046 702 406 28 435 1300 930 724 292 660 455 31 1371 291 1393 753 1300 657 235 198 176 649 1256 964 711 724 1300 137 565 1053 569 1228 1394 1409 812 730 950 724 1198 1053 1291 267 529 351 945 1214 418 755 939 869 131 123 1094 530 1386 1300 217 1300 1263 652 886 1205 106 1183 1413 324 1220 66 438 1302 1005 328 469 126 249 1053 996 468 198 812 883 845 398 1054 1032 151 1073 1106 1034 284 1342 1269 978 1414 1291 508 198 869 1279 458 1094 1152 31 49 748 620 706 453 1234 291 1315 425 907 1264 19 533 254 184 774 724 379 898 237 602 1214 1094 1255 487 1291 137 1094 834 1240 34 487 116 1214 632 487 321 965 777 1094 984 369 1404 656 398 104 812 31 18 363 534 906 363 237 480 1214 483 1300 536 495 597 1360 787 1407 583 774 208 132 833 1136 1315 812 328 747 1348 812 901 533 324 930 950 311 196 31 73 929 1283 1269 1315 427 1119 929 882 450 524 663 860 1214 169 324 1400 562 894 1300 1300 1144 992 1121 1136 31 1144 1312 315 72 398 320 1005 530 1053 1005 929 1082 529 636 1244 1334 391 358 383 557 1013 312 901 801 1214 1359 38 1346 193 849 724 1291 1204 849 1076 1005 245 1277 911 278 321 311 198 706 169 732 1294 1288 813 571 169 198 1374 463 1076 724 1103 1214 462 738 919 392 601 169 1376 218 1182 321 808 269 62 1360 1300 724 1273 1088 724 1291 35 724 1214 1300 1315 930 512 1217 929 342 562 724 820 265 820 569 33 1038 1291 1025 314 324 261 1088 989 1249 466 724 1112 435 468 31 812 1025 558 462 1246 408 374 43 39 724 803 332 1248 947 794 812 711 812 1173

proba init 0.15 proba clean 0.05
315 364 386 596 265 1063 436 565 1363 288 673 1359 1200 399 436 184 219 474 567 35 192 685 746 215 1258 1078 1331 1191 1059 331 913 436 35 795 1073 657 1031 1200 1091 219 923 331 602 1078 1080 1080 231 687 801 391 436 1184 711 1221 1154 709 602 754 818 1135 639 331 35 1319 685 363 1063 685 1200 1185 1264 1363 1065 118 436 1004 923 1308 1063 931 1419 1078 35 923 1204 731 244 545 14 315 77 490 1149 553 98 853 219 331 754 1200 478 602 98 926 1004 630 1331 923 1366 910 125 1149 1065 1039 567 531 1262 1343 747 1024 317 436 754 811 463 231 1251 19 1205 1240 737 843 720 1065 871 498 402 471 85 819 685 338 436 1354 684 853 1078 1158 43 1078 199 1065 331 310 436 475 1240 1159 1140 1200 811 120 853 1363 353 903 245 685 1285 87 923 295 476 1159 1300 219 1184 661 795 1143 923 227 436 471 219 1063 667 685 1149 244 755 245 1200 617 131 199 1076 388 478 152 1254 349 478 1343 1357 245 436 1363 1090 98 853 1200 570 1221 295 602 174 1149 798 1063 790 219 331 1264 1149 880 465 1025 963 35 1159 1366 520 890 685 310 754 1419 754 1102 224 883 558 1159 533 118 493 1343 87 38 366 867 1265 1151 219 436 853 533 1159 463 1240 1197 1191 923 253 337 146 1101 1392 1065 19 704 1078 709 1295 1419 1065 1423 401 1343 331 6 431 1065 285 1025 1343 903 685 28 1049 659 1238 317 310 219 737 244 1240 1357 244 903 5 221 460 199 1200 1170 386 331 1000 598 685 310 811 1154 412 923 331 436 405 52 754 72 754 1366 599 582 207 463 50 1200 745 1149 1301 894 220 738 1065 245 635 478 847 196 1264 1375 703 245 436 1343 244 1260 811 118 1065 436 1295 1082 331 804 463 1200 23 1197 520 1159 209 533 1079 1149 1143 43 1200 801 533 903 124 35 584 429 1159 436 1419 1078 1039 1397 716 245 811 436 401 1200 669 35 1164 567 814 436 400 310 478 685 903 1078 853 1070 712 436 1010 1200 253 325 1403 1159 1024 1140 563 291 1200 19 471 1411 797 944 685 810 1200 1140 1343 1159 1078 310 903 178 498 64 1330 1343 1293 923 140 38 1159 245 245 737 35 245 853 1301 646 1343 669 685 310 859 66 1341 818 1357 245 1247 797 345 942 1039 766 1304 528 118 973 567 1366 245 244 1065 478 1008 152 244 917 35 152 12 265 1359 545 1065 482 1200 16 1200 754 711 1191 1357 1250 1159 903 811 935 59 903 436 1200 436 1078 436 872 216 683 1070 1147 1385 797 668 1419 602 657 1402 960 173 19 173 478 244 1333 1149 493 174 305 1254 1319 310 478 244 885 939 940 659 754 1326 325 436 331 1065 199 545 731 1392 993 797 436 55 903 766 1078 273 1354 974 685 259 750 948 11 784 837 267 1238 1070 923 310 478 1343 804 178 199 946 471 685 754 1019 331 903 245 1357 567 363 1159 1047 1065 1423 737 773 1065 310 1264 1149 35 1279 948 754 1377 859 118 766 310 353 245 685 1389 1159 1394 1137 1386 501 732 245 474 330 141 1050 1159 310 811 76 35 199 508 545 1184 1159 811 567 811 1058 1185 1331 1343 666 847 436 501 261 853 1200 610 36 401 19 635 1070 1395 946 436 1159 245 704 685 478 567 988 1362 1063 244 781 1419 118 1026 275 1047 245 19 363 1063 754 923 310 696 1008 1078 506 436 310 354 261 1422 648 1362 939 685 1357 853 1362 738 619 1032 6 310 925 125 596 35 1419 310 520 685 1008 703 42 331 491 163 565 1240 436 116 1081 19 1139 1419 795 1143 219 436 642 1200 1343 478 474 124 528 853 38 253 903 405 1153 1137 582 646 1184 1040 436 45 811 274 992 463 28 1398 331 1064 1023 565 795 219 923 903 124 533 316 1051 685 754 639 754 1149 408 1238 1309 1053 685 581 1217 570 1362 1159 6 244 1369 1314 685 610 45 128 49 1063 1170 152 685 350 118 124 1065 671 711 64 401 1149 755 222 1359 1159 596 325 866 17 923 567 1170 754 1051 1240 1018 1200 1063 990 1295 456 1140 270 534 276 685 1240 310 1186 1279 1200 378 204 1259 795 1078 465 1186 471 602 19 1060 1334 463 1040 1159 1240 1307 271 1199 1159 1060 97 173 972 685 1314 1200 833 1159 131 1159 534 1154 1331 1140 1293 310 265 509 1149 923 903 1065 397 811 1159 1008 98 542 610 1343 685 1200 937 1060 1429 244 49 520 567 732 1419 118 883 685 923 1010 436 1314 1363 923 436 939 576 1008 1031 1018 1030 436 244 61 436 805 1360 422 284 923 1200 1159 685 1193 659 630 244 28 1159 1240 507 310 1321 838 19 1078 685 903 711 923 542 310 274 342 118 1249 331 642 230 575 659 12 581 871 923 1334 245 1218 1200 1137 1206 147 685 1343 1240 917 471 1149 685 1159 1246 1065 880 478 375 1065 1140 827 331 1139 853 271 244 244 244 1149 436 1185 19 484 797 657 1295 1384 213 533 1200 1185 1419 519 1376 755 569 596 1065 244 460 1137 310 192 1040 586 1240 751 219 310 312 1159 1282 685 720 1063 1063 1342 661 661 503 310 436 1240 1040 467 923 763 602 1293 908 244 436 685 118 1363 1304 754 667 738 118 1313 754 1185 1240 19 934 98 35 1200 897 6 1065 331 755 436 663 1265 1019 1065 53 712 1184 1159 622 702 591 1063 1293 1078 1114 1280 1159 533 823 1343 1159 436 1078 1078 688 1159 1149 1240 662 685 353 797 1008 797 1343 903 1159 21 685 1343 436 235 94 800 567 668 1070 1295 1063 353 982 1264 187 1159 923 1307 1200 1211 436 754 1357 187 1200 1090 633 610 1159 1240 118 1159 642 1078 709 657 436 244 926 902 259 1197 91 6 811 131 646 645 1052 952 903 244 1240 305 151 1185 1191 447 546 638 331 284 709 923 1392 754 219 853 685 1063 1090 918 517 811 831 891 666 901 989 754 269 151 1149 17 1103 1159 1346 1063 478 1063 990 199 131 1078 685 902 580 964 795 55 7 1159 917 164 853 923 1204 116 64 55 436 657 1095 1159 811 948 199 270 669 1065 1200 199 1207 813 934 196 1193 666 840 766 1159 558 917 199 436 685 786 573 315 463 1090 245 527 1403 401 923 1403 903 923 1186 331 478 1133 754 741 596 1363 528 685 646 20 795 1360 1343 1159 1090 621 990 923 478 310 1116 754 1005 1392 219 630 245 659 245 269 1149 1159 1413 215 38 765 559 639 1191 1200 685 506 257 813 124 541 758 726 236 214 953 1295 310 781 6 745 716 315 312 795 327 436 754 38 923 259 275 22 146 1159 1265 19 795 903 1422 621 399 19 657 598 1342 1008 1108 118 1159 630 946 923 754 933 436 208 903 685 1331 1063 1063 1184 484 377 680 1256 331 244 1063 276 244 737 1159 988 436 242 749 811 755 1159 761 436 1249 78 1159 1093 1070 880 103 903 786 657 755 118 1065 98 118 436 118 1159 1063 118 882 310 1343 124 1363 1214 584 1419 1154 372 1291 811 504 551 685 1200 755 1257 454 317 118 310 797 685 245 1090 436 1032 436 436 244 1185 786 1013 1191 1200 209 478 1008 437 478 19 1090 460
484 713 944 82 1415 513 1117 812 814 974 910 1387 1007 598 245 1195 1042 439 739 650 239 536 1424 550 1415 972 1211 1296 784 276 965 1256 1187 1131 598 550 342 1007 1429 113 1092 1134 906 375 664 562 78 1112 939 276 1107 1007 322 323 372 1226 1256 1 937 1117 198 198 576 198 1256 1222 1097 888 1007 13 983 276 1097 288 276 872 1092 1397 513 1231 754 1117 536 578 1377 459 1261 53 1134 484 710 906 887 376 1172 655 1256 1322 1 1007 485 276 906 692 726 1067 412 578 276 478 1187 723 1097 1152 425 739 1003 739 1217 671 965 1345 1 478 226 78 682 78 332 1134 92 478 906 478 1135 522 53 474 1327 402 169 117 1345 908 53 157 1377 1426 350 1117 1133 784 1134 757 1345 1054 1134 198 1394 1176 478 558 340 814 1146 965 1366 1345 95 425 578 906 238 1256 152 276 552 134 956 1410 198 565 276 867 198 513 713 536 702 1007 791 1366 1007 674 1148 1133 652 976 777 2 939 1117 777 906 55 1366 1345 715 648 1172 1381 1176 866 413 604 728 1062 887 1117 1185 36 198 965 1007 1345 47 73 715 1220 1113 1256 1107 1014 970 1349 461 1 566 1 699 1136 306 1042 1256 1224 1107 603 739 1082 300 90 562 713 1176 1415 276 1377 53 198 823 1134 576 965 906 488 574 1135 909 1041 1097 739 1399 1377 522 723 754 1097 1222 791 828 411 784 1 1097 126 1151 906 784 536 862 199 378 906 965 536 536 333 1261 1134 55 322 337 396 1003 1140 1391 1007 200 918 1134 1134 185 536 965 478 1045 500 1003 1134 1345 321 739 1 923 1 403 637 165 484 1395 276 1007 649 503 449 1003 53 777 478 1366 760 777 358 313 1007 137 533 1366 276 739 576 205 478 561 1097 1234 1107 931 1134 1232 823 1007 598 1185 1014 1256 1296 198 988 93 133 580 1397 1032 112 337 887 276 1345 576 1256 1011 754 1366 1308 200 411 1366 478 1042 173 1007 1055 78 53 198 663 1345 198 196 1201 1 784 656 1087 332 646 906 1419 1007 650 13 629 1256 207 536 321 556 1007 1097 867 1107 259 332 13 1366 1007 53 739 1256 656 906 784 739 1 637 1137 906 178 637 739 1192 1256 929 1366 1427 791 656 965 1370 1187 124 378 1256 784 791 1393 739 656 55 1366 1361 259 656 578 213 332 580 478 1107 78 1366 536 1366 1032 1097 784 1256 2 331 1112 1042 2 198 1256 1413 1256 1097 334 276 1334 231 1 904 965 55 1112 275 784 478 886 989 337 393 1256 1117 1117 791 1398 1415 233 332 1040 276 259 1299 754 62 60 965 332 1256 1057 53 784 1261 1049 887 630 732 484 358 1107 757 777 1007 1176 411 1107 378 1 78 13 276 1007 540 580 1256 478 492 156 259 1345 400 337 814 656 271 1351 1014 536 1391 1117 1097 1 1221 1054 116 745 1044 1003 1375 777 1122 574 739 1133 728 78 1107 871 906 1134 337 1366 78 791 294 113 52 1097 914 92 1256 1097 59 1007 199 276 124 1304 1 1276 449 489 671 784 1146 1366 198 1256 1256 347 198 791 1097 982 1366 457 1187 478 713 1256 581 478 598 276 580 580 198 1007 1256 637 134 903 801 13 1232 1265 739 1134 834 824 1107 1296 1007 1222 1135 198 78 333 157 670 728 1345 198 1366 497 536 777 863 1099 663 332 1261 456 754 536 500 266 169 1366 55 72 513 1 906 1375 371 1377 1117 1079 302 757 213 773 1256 906 811 411 78 446 1100 663 814 47 1003 1169 656 580 78 1127 906 754 1375 1014 276 1014 600 929 976 1218 1014 905 187 1345 198 784 276 637 754 956 157 739 1345 906 1397 906 777 894 1397 322 560 784 78 337 193 78 78 247 1280 1007 588 1345 429 1148 378 906 63 697 1338 2 531 891 124 386 775 1092 337 322 929 1110 1244 536 1 378 1 213 276 564 1003 259 1107 972 1251 811 663 1256 906 1261 422 457 536 1222 120 1341 198 1031 814 2 536 1040 561 887 55 611 332 873 791 671 111 48 669 113 360 13 1107 485 1366 1430 11 1 4 1185 390 1007 78 1276 1087 566 1371 1140 1201 1097 536 841 757 321 975 231 485 378 315 445 1117 194 193 965 1107 906 1024 185 226 588 1256 1405 316 379 551 1256 1234 1055 432 1324 929 1256 1007 1092 1256 919 1256 986 340 412 624 198 757 1422 574 528 578 213 1097 150 478 198 492 1172 723 885 1256 536 1007 1222 1345 1361 1261 713 636 198 1423 754 113 1230 1256 198 1419 349 1088 276 578 1256 411 531 2 1272 744 233 1366 117 817 777 125 1087 1107 102 578 1007 1256 536 13 378 235 1261 132 476 236 1297 757 198 157 1241 598 78 1107 322 598 877 965 1263 1171 1107 941 60 965 1003 728 1131 713 1391 1345 198 332 1366 785 231 1120 785 1411 78 653 1134 1112 570 1151 1256 1256 791 637 1134 777 1366 1097 1371 1107 358 335 1087 214 1261 1007 536 1135 1117 13 55 332 259 58 198 1087 226 739 1397 656 1136 1256 692 176 1117 868 784 726 213 198 757 397 1097 276 1134 421 361 784 1260 1256 223 536 1125 784 952 1092 309 1242 19 757 1345 39 56 1349 578 1101 276 411 743 1261 513 198 561 276 682 1 625 332 501 590 1 962 1134 1042 451 485 53 1007 1014 589 1170 1134 1097 1256 1097 713 666 1097 456 558 1007 1256 1049 321 90 513 374 1117 288 1007 1256 1224 1181 1150 656 276 1160 656 1020 1256 1135 1134 52 78 1146 259 492 259 545 784 1345 374 78 739 1366 53 633 42 525 1087 1373 1294 513 1146 814 204 637 1256 1366 648 1397 242 1256 1 78 1135 1007 1190 411 1222 275 331 561 198 1192 598 157 1107 1107 1134 906 1385 598 536 276 1133 478 322 1187 276 537 985 1366 1062 1134 1135 1112 13 1092 1418 791 598 1134 55 814 1092 165 1 1097 807 536 513 485 93 739 478 566 478 49 985 903 1016 100 533 82 867 814 198 1261 513 777 791 1345 580 948 1366 1256 1194 1204 1366 639 411 1129 1256 157 1366 609 1092 720 739 1062 362 1256 276 824 1256 478 879 1133 251 332 478 1397 1133 1381 1057 1140 332 78 276 253 332 113 285 1112 1133 1345 276 1309 1015 484 823 648 1366 332 629 906 198 60 784 1092 1107 1134 784 728 1 739 82 434 478 536 1187 1106 1322 1134 1 1256 648 485 123 1092 485 1375 78 1423 637 1222 536 373 1366 378 1366 956 887 1256 906 550 1107 270 157 756 965 1176 56 550 704 578 887 378 124 124 786 1117 1015 332 656 321 321 541 476 484 78 55 1097 1256 1 478 1003 965 509 290 478 1256 713 926 720 337 784 391 503 1107 965 1322 965 492 728 561 1256 337 579 986 1 1200 1366 965 784 1256 412 513 78 1007 153 1023 1345 525 2 1261 513 1304 1062 92 1256 1099 1107 852 743 1355 1107 78 1007 1345 1239 691 113 198 866 56 1108 276 378 784 938 78 1097 1335 113 1107 648 1256 637 113 954 1192 1390 519 276 108 913 754 759 390 503 478 265 1031 157 1007 1107 1346 1290 759 1349 656 259 536 1366 485 1097 923 1345 1345 1400 13 478 1417 1092 1007 1083 777 492 54 485 198 485 1357
808 1116 934 748 316 405 1264 437 1363 1264 341 540 239 985 679 670 1103 82 855 1103 797 915 639 796 763 1294 1009 1359 126 748 57 620 204 289 276 561 1032 721 423 997 848 239 829 221 984 753 1028 221 661 502 1343 588 71 1130 83 232 984 1169 1200 1370 1370 367 1103 855 620 131 31 441 721 685 239 1343 627 561 561 207 57 597 405 1082 739 1014 1125 1088 862 1049 1272 707 180 808 894 591 598 964 643 790 641 7 664 239 753 993 643 748 661 268 1324 828 8 995 1239 1420 627 1270 468 620 1071 1331 1202 459 920 620 811 995 1071 355 1068 530 1214 583 378 1098 543 627 968 186 1082 304 882 20 35 1401 620 1159 1125 1099 862 1138 968 862 373 627 239 920 620 239 162 936 915 426 995 1351 132 1363 213 427 221 620 1188 316 540 649 588 204 855 1378 455 407 225 428 438 214 8 221 1125 405 1116 1321 148 1272 81 221 426 811 1182 373 791 364 753 1063 661 1370 753 899 968 8 8 351 753 234 870 207 451 1202 1426 1068 226 598 1370 405 558 1306 580 239 753 221 51 894 1361 1130 483 8 1306 661 1250 510 811 684 811 101 613 661 1218 204 881 620 1274 1346 438 1098 517 486 1116 1029 673 1256 862 1201 204 355 1294 862 1359 438 427 1359 148 1146 162 744 632 583 1389 995 1060 739 627 323 670 1271 7 1264 258 627 221 894 438 427 915 358 148 131 800 49 1303 1231 697 1272 231 968 1272 972 920 828 1193 620 588 271 77 239 620 1041 915 920 995 83 1203 242 165 620 1234 840 661 468 612 1028 751 291 894 239 620 736 418 148 653 941 1050 762 627 221 931 753 779 200 239 1099 1028 221 1343 1331 1272 1409 995 620 627 620 8 1021 165 450 1420 736 517 484 1306 204 1200 840 304 81 1306 854 1007 751 1294 268 598 322 270 629 204 1185 739 221 239 1294 160 221 995 131 634 1272 1234 204 36 1033 642 620 773 934 1049 299 221 612 438 771 392 8 60 239 661 41 769 204 204 915 1234 555 943 728 598 1264 1197 179 1272 1046 239 652 1331 936 640 549 427 157 1026 751 540 1068 1234 427 165 1098 204 529 221 406 438 221 1162 993 1028 206 427 204 920 1026 1395 157 640 968 221 502 1021 221 1098 1294 1214 1116 656 204 1388 855 287 221 1272 627 753 204 1063 364 606 579 1063 204 438 518 204 627 517 1117 200 239 441 1341 1359 968 606 561 427 995 140 1130 1294 166 968 1370 877 438 219 464 771 1214 203 589 1197 1170 739 846 1103 304 1145 438 661 1201 753 1272 1341 598 870 1125 137 661 643 920 753 736 1009 388 8 131 1101 518 41 620 239 537 373 204 995 552 653 364 620 101 1294 1363 640 210 663 1306 915 620 1370 968 811 1389 771 1093 773 1103 670 1345 654 573 995 1331 620 973 1079 1388 1297 640 239 1294 640 212 438 109 204 433 627 58 500 438 744 989 239 1200 161 555 904 811 868 692 561 796 1098 806 221 1365 1378 204 214 1162 294 104 163 8 373 598 995 882 204 578 995 1406 241 373 892 204 1272 204 751 345 316 1167 685 1406 1103 154 886 620 217 1264 70 1272 58 148 664 1344 639 1367 438 928 620 204 221 753 1050 753 1388 346 1068 405 1272 41 739 8 811 221 7 148 968 296 405 621 771 1307 1208 862 877 739 8 920 1046 7 1247 899 352 160 1103 712 1179 1278 77 588 670 892 221 982 113 748 899 753 856 1306 1231 1306 1167 471 239 326 1306 392 239 620 210 1322 1068 751 739 225 1085 750 620 899 426 656 753 37 214 203 24 1098 661 1294 1187 620 968 1425 1208 239 855 620 649 1182 131 1306 148 869 1125 773 643 621 753 649 625 57 972 24 753 1047 156 204 773 582 1145 148 8 993 860 1370 620 753 1183 774 651 204 987 1272 434 141 915 83 92 83 1331 204 77 1063 915 1173 706 511 148 407 1077 1316 438 999 957 29 314 561 748 41 8 753 221 934 1200 936 438 1138 131 239 405 1165 1028 51 882 784 50 219 915 405 920 1234 385 854 1130 49 1273 318 1014 106 188 77 8 643 1020 965 1061 1345 204 264 24 953 840 204 620 287 613 629 518 8 239 57 661 1102 204 180 83 63 915 1009 920 707 990 204 758 1200 627 1352 995 204 1068 643 641 862 438 915 239 83 477 360 890 1116 358 502 89 739 561 935 620 934 477 620 690 8 116 620 388 1286 1318 568 131 141 620 450 23 225 76 753 8 32 203 1272 1331 890 41 131 268 1272 438 1199 1253 210 920 148 203 536 70 561 268 71 1331 510 920 336 672 1142 625 1318 24 445 346 7 1116 1294 620 1341 1254 221 1199 1255 560 7 326 148 1026 165 606 620 598 561 204 69 1098 274 753 219 627 1077 8 239 247 862 335 1272 1272 878 148 8 685 968 1145 1197 204 870 411 941 438 946 221 828 209 1187 268 1370 748 583 1272 316 1344 920 573 627 835 165 221 191 1098 1050 204 1222 890 297 1098 405 57 647 437 1294 920 620 239 742 1389 540 995 1117 160 732 1272 1094 1125 1125 1256 1199 211 707 109 360 154 660 1071 373 437 974 643 1312 239 1306 1185 131 999 203 620 656 1116 520 627 758 326 239 748 1400 1234 102 405 426 1370 1389 239 204 881 294 721 64 1343 1331 221 749 204 148 165 942 51 806 1074 1068 1197 292 427 620 1046 561 1331 620 1201 102 707 1321 1202 148 484 405 1127 338 1125 751 204 1392 209 968 639 1378 811 751 148 297 1130 388 862 204 862 451 1212 1158 1117 1099 753 8 878 649 648 978 1374 1117 373 995 1102 1028 230 753 232 221 1272 1394 1285 606 685 57 661 204 318 968 968 1363 57 1298 328 968 870 915 405 753 364 679 995 649 1098 148 10 625 1002 927 1273 1306 788 1363 204 212 405 1 405 620 373 524 221 692 995 459 598 507 1273 230 204 828 1249 414 57 862 1346 1374 221 204 1103 713 107 995 968 311 141 1254 627 968 641 543 540 301 1214 214 8 845 1214 561 1013 606 373 620 8 1018 341 808 1394 753 221 817 721 438 934 1253 427 748 8 7 753 1367 1063 750 34 352 995 896 771 1127 649 521 1129 204 753 753 1154 1378 753 510 1125 716 751 83 1208 268 221 131 221 225 204 204 899 207 1098 925 1095 848 1359 426 620 1122 136 1268 598 452 753 753 339 1370 352 1343 221 935 1345 717 792 808 748 968 627 204 811 1098 1387 1331 211 212 282 620 1116 483 763 1294 1126 934 1085 748 1103 503 49 1306 973 561 204 268 679 438 1021 1170 620 194 1098 204 1140 405 405 239 203 1008 995 1199 1129 1272 405 631 1272 581 204 1159 8 98 534 876 268 620 239 620 207 83 748 934 422 742 651 438 7 1068 268 561 995 643 561 8 438 204 405 561 753 1098 209 598 1343 974 1199 739 83 518 792 995 451 1342 934 721 737 1173 1001 239 561 221 1197 915 221 753 503 1022 620 620 878 685 282 815 57 721 520 640 1306 710 753 204 753 418
1205 1034 939 775 1428 618 45 439 918 45 296 1369 823 906 1006 170 701 318 271 270 758 1071 184 1342 840 668 921 464 1248 1010 946 566 368 350 453 789 959 945 35 945 1101 1310 1180 1149 1038 1251 592 293 195 1074 566 168 792 263 1024 656 271 1135 10 1166 464 701 346 882 1180 365 464 703 168 568 823 630 277 368 191 340 832 1306 618 34 559 216 1180 353 1128 1282 168 885 492 188 365 935 386 1369 935 362 141 316 1135 168 1180 1335 935 654 1330 600 921 604 945 165 1264 1061 277 771 38 1201 1280 823 1233 964 464 566 1135 165 846 366 251 141 1103 529 540 322 837 277 945 1310 346 95 137 1115 1369 456 566 852 1074 47 16 368 945 206 885 277 1310 639 566 1235 1392 346 933 945 165 406 1037 918 880 277 437 566 902 1331 292 478 168 1430 738 1265 782 1074 45 695 438 1101 417 271 346 618 738 1216 882 945 695 478 854 596 112 885 231 727 1180 1151 995 45 1180 221 906 377 566 1420 703 944 1167 250 319 1373 1371 277 278 47 45 368 1264 167 316 823 386 104 852 365 816 994 346 945 97 1364 1007 589 1135 294 1135 711 264 1238 115 167 346 566 542 618 583 322 418 65 738 1210 595 836 1167 39 346 846 986 1014 1184 346 179 354 1239 311 1273 464 141 912 1425 346 1061 1297 277 206 346 1180 635 464 1135 869 104 365 396 326 701 669 618 692 695 946 150 854 1383 168 1310 906 168 326 1019 459 988 885 168 130 475 1310 471 986 1223 464 165 721 693 459 1310 566 1264 277 1135 432 1135 200 618 785 132 618 421 1200 1335 882 323 1161 75 263 277 478 889 263 1011 846 82 1364 727 478 926 272 350 995 165 566 277 566 417 1308 1310 1414 846 1200 1364 248 97 141 589 346 536 899 1178 415 945 618 1237 326 387 368 289 357 346 1395 1297 377 1141 326 527 566 165 1428 1364 1423 97 1099 249 315 254 413 1050 589 346 1135 334 1299 1180 792 482 935 1106 1200 1245 292 49 346 1364 779 97 1180 945 464 271 695 422 630 945 47 1423 326 1364 141 685 1049 334 274 822 618 564 271 97 252 271 322 141 652 478 306 1180 478 464 358 368 90 935 833 639 502 834 271 1352 906 377 771 1240 674 808 326 630 576 165 417 1350 941 854 836 945 277 1180 141 1151 822 357 141 1151 368 1302 795 141 277 1364 823 46 441 1135 792 464 906 520 774 277 165 1282 767 326 45 945 45 1352 1180 969 722 121 792 1364 1013 342 1196 1297 1111 1146 277 757 417 371 194 1180 168 326 133 297 1098 286 613 417 639 951 168 682 169 45 396 1135 1428 1264 566 1200 738 885 346 165 630 234 1254 566 1298 326 918 168 763 566 97 1006 885 45 945 1135 846 1338 1183 1425 1305 459 589 1180 980 995 1187 885 787 824 945 1036 346 316 326 478 252 568 659 346 186 277 959 540 236 277 444 823 1350 417 811 491 1135 277 945 12 1036 322 880 1237 860 945 141 397 438 346 542 365 1180 342 197 165 1215 833 639 1180 260 574 885 885 346 168 141 618 852 673 368 568 921 540 271 1361 1301 906 45 254 168 793 882 438 1350 659 540 9 73 566 346 277 1311 945 1180 1350 353 254 618 168 183 1297 45 989 104 1233 271 906 885 618 1135 346 646 372 770 1171 102 45 464 47 763 221 581 1138 1293 1156 905 572 254 312 431 1150 1164 377 362 252 238 1205 703 589 97 701 97 727 1237 81 501 97 861 1310 1379 701 1251 592 618 1297 45 1077 438 566 230 945 1012 1180 378 195 1123 1167 322 329 326 814 1199 945 321 368 168 1187 566 549 725 1306 97 1395 1269 898 316 935 1305 1110 264 346 785 159 852 1237 1044 568 683 1135 277 1135 47 566 222 55 1310 566 1402 236 78 254 346 935 168 1008 447 921 793 822 1298 1180 995 724 1151 1288 1007 45 1170 438 568 1289 32 1180 575 695 929 1369 323 238 900 417 703 271 346 312 1135 568 1062 395 1200 1384 949 346 1309 1044 988 346 464 1273 939 639 467 1298 492 703 371 45 306 86 862 714 833 417 935 566 1194 846 1187 346 1310 815 182 1306 1080 566 185 110 357 212 701 1423 346 882 1004 1172 648 733 921 786 170 639 522 354 995 836 277 277 115 165 346 438 944 1061 493 346 864 1423 793 566 1074 168 1215 368 346 365 1297 1353 365 69 1180 1021 566 1310 464 460 566 169 1157 1151 659 887 447 566 1233 360 263 779 271 417 520 750 397 1024 837 153 190 600 168 346 318 499 852 639 368 733 1271 346 464 326 770 1012 61 639 360 352 945 309 316 946 459 328 970 738 1034 264 126 757 478 409 823 534 1188 992 945 1371 1310 991 1395 165 368 1172 277 322 920 67 1080 277 1237 417 1310 1266 345 714 168 13 945 882 45 568 451 630 422 47 265 1055 444 346 1321 424 559 1122 1375 695 45 238 277 635 1180 701 639 403 277 346 1310 104 1015 639 1287 141 618 45 1142 464 618 510 148 1074 326 639 566 637 1187 1063 292 165 945 974 724 945 566 701 1295 1160 973 1135 651 630 974 346 1135 836 1283 1227 988 935 574 1423 97 846 451 101 1070 566 945 738 703 277 1173 720 823 945 346 9 326 618 1332 45 1063 613 1050 514 1376 67 1012 792 69 316 1380 141 882 1310 475 141 880 422 141 422 1180 277 833 1415 635 255 566 76 1375 952 703 1180 792 586 618 880 309 721 618 141 836 703 945 659 566 1135 252 1239 1200 703 169 793 141 685 464 346 1209 1012 540 485 417 566 609 1076 200 1347 110 885 165 1004 289 697 1100 801 478 945 212 1239 1332 568 945 148 1171 548 945 1272 918 785 1349 1135 945 1167 311 618 703 491 1401 165 1163 322 1298 613 383 343 214 392 97 720 918 346 939 618 1180 1111 566 885 1264 377 1065 165 59 1043 103 478 331 141 473 104 475 785 404 271 496 684 346 1142 32 1408 165 945 885 447 757 277 945 885 45 663 988 630 497 574 1195 618 438 635 949 885 566 566 346 1047 1045 846 703 464 757 331 271 438 197 334 785 417 635 1180 1386 1135 271 1364 809 165 357 368 438 428 230 1135 141 703 386 988 785 1180 589 167 608 618 793 854 600 940 1374 925 578 386 141 158 726 417 574 1363 1268 630 168 1350 829 803 663 884 988 1100 1100 467 922 38 574 377 467 467 357 502 391 434 906 277 566 1135 322 459 1012 46 823 1225 141 738 525 350 326 415 438 803 566 464 469 131 97 152 45 346 600 1154 757 1135 360 566 946 1180 346 921 618 833 823 750 1401 1133 219 316 350 618 163 945 540 346 353 417 793 460 415 695 141 168 566 1358 823 173 438 792 217 1150 277 635 695 695 141 277 935 986 566 1100 346 618 1061 909 639 220 1015 141 1173 711 1297 195 1258 1381 165 1014 1017 438 1200 695 1180 1310 1423 368 422 422 1069 1318 1100 4 1260 566 566 1233 568 575 567 694 168 475 263 97 1237 1180 506 703 939
871 128 747 187 1342 1160 394 371 1097 394 328 473 1197 1110 606 991 722 899 562 1316 1067 1240 1311 175 582 202 1421 429 657 1375 747 1148 719 986 40 639 431 775 1175 359 747 416 416 144 1121 587 719 1071 137 518 1148 775 265 1321 1196 942 878 669 244 394 265 1210 1351 688 1369 169 140 470 775 722 1197 722 840 1130 907 820 747 1156 1375 1416 229 788 881 819 768 424 926 782 416 807 1006 359 187 473 1045 669 878 863 743 775 408 177 1045 595 766 119 507 1424 722 775 1182 187 840 489 256 1332 1343 1332 1067 1275 140 93 466 508 11 986 1078 778 265 416 376 140 1054 840 712 1306 1122 967 822 902 525 860 1148 1284 1123 1369 897 719 443 1370 752 140 416 140 93 710 416 357 300 937 751 828 1193 83 625 473 1116 712 1302 1369 186 1275 1197 878 568 699 346 1208 716 839 366 863 93 1071 715 1002 461 722 173 1197 839 366 775 1032 1377 752 1414 1336 1105 40 608 394 1042 643 1067 144 1148 722 408 434 429 937 139 828 280 523 236 187 394 1298 155 599 88 1197 187 1255 1284 145 1230 408 1369 722 165 359 1350 689 466 937 466 13 897 772 432 878 1351 1253 1289 1230 1006 140 273 1371 1051 914 878 722 429 1351 878 441 416 812 963 651 473 1315 834 954 1309 688 599 750 60 299 469 229 1209 357 1369 11 722 206 203 840 1255 61 366 1189 1240 1131 159 637 355 374 1397 722 768 926 416 1067 926 1189 11 670 1301 752 775 757 269 416 843 742 1240 140 1010 1136 763 670 416 769 1131 1126 564 256 1425 719 1390 343 1385 1197 1369 775 599 187 878 357 1123 896 840 1071 722 853 1384 1281 1197 919 719 366 722 1332 986 1353 1320 608 840 608 894 153 416 1421 374 775 359 1037 748 878 568 1351 949 187 1371 399 1383 139 1189 119 1314 975 878 1080 878 1007 229 1019 493 1189 997 326 508 894 256 775 1244 1002 674 146 629 911 803 1006 603 550 140 144 942 202 857 634 1360 775 286 1169 732 878 1061 1240 437 934 775 877 817 839 787 265 963 436 775 1351 1332 878 144 1089 473 1332 312 473 245 366 148 688 421 140 878 160 1071 599 688 366 1246 852 719 391 1118 722 140 366 899 106 144 1067 366 829 787 144 1198 366 894 1217 861 1066 440 113 496 1071 226 840 140 722 40 1294 1298 1190 40 1369 460 473 878 840 1351 712 703 1197 493 651 1290 1067 21 326 140 840 869 234 1189 1369 416 394 72 366 324 655 719 265 583 198 787 166 229 57 1409 1002 265 1295 608 265 140 926 381 187 1401 87 325 311 1123 140 606 926 1167 759 525 438 624 558 1169 93 775 766 752 878 508 265 160 787 1038 1202 1189 1095 144 781 1160 1226 1240 752 394 963 894 1310 719 502 688 11 670 66 1228 366 1353 1332 752 835 262 525 948 1351 1159 1189 393 213 366 1422 878 136 840 1232 160 674 10 140 1197 187 1154 413 668 466 1418 612 245 1099 140 625 366 1240 878 878 966 1351 688 473 1037 366 768 1314 508 511 878 140 222 1045 608 752 752 878 926 878 840 1284 1053 957 722 1421 11 1124 416 803 956 394 568 775 618 1097 366 1002 1311 11 214 957 93 878 144 1408 562 262 440 235 629 265 926 1275 229 525 894 1255 1375 366 1067 1219 1148 421 965 1373 1006 191 739 857 722 140 483 191 722 780 933 1206 1369 420 1308 629 383 440 465 801 144 650 473 464 651 553 1408 1150 722 187 1336 160 416 499 118 857 205 172 1089 70 750 185 229 716 1039 562 1148 366 937 634 975 768 586 1397 429 140 250 1189 25 894 26 943 142 775 881 545 21 471 1253 1106 462 1131 496 40 214 1197 1002 743 1275 747 838 1284 1351 1132 113 1240 1268 133 133 1097 722 203 640 394 963 1408 711 771 629 878 1336 926 1275 878 1240 1369 148 1040 366 1353 383 40 1240 593 611 1182 688 1259 265 544 366 187 839 500 473 722 1315 1169 896 408 366 627 240 2 803 1159 878 775 1002 1418 719 1373 1056 1301 366 140 1240 1395 140 651 262 181 408 864 394 1429 820 369 25 413 1154 394 1006 233 11 881 878 219 1047 1148 722 878 130 1061 1404 637 1120 878 1197 963 878 651 878 813 232 1421 1351 878 140 1120 68 187 747 814 840 1302 508 878 1333 434 511 1021 366 1240 1197 1360 912 907 478 708 587 366 907 229 245 972 963 366 238 1053 62 722 878 911 107 764 40 1311 1358 1035 394 1412 1416 93 445 366 496 600 629 926 878 1240 1031 1418 119 926 1073 324 1098 1284 140 699 1039 956 202 1369 119 1397 202 689 140 1416 462 77 1275 88 551 670 1170 733 138 903 22 244 265 366 1080 1330 1210 327 633 963 445 416 286 262 187 907 599 839 840 416 653 366 491 265 894 416 818 429 482 926 827 878 1230 894 722 1067 265 787 1369 722 649 73 688 590 144 229 849 709 839 394 116 140 213 366 1002 140 1067 709 366 416 1255 387 140 857 878 399 907 40 140 1192 963 1208 1208 1189 140 336 1138 881 276 473 938 665 1394 878 926 1148 1089 1402 722 1167 1042 1120 265 233 688 332 216 416 1190 1301 1124 1244 1197 1399 344 429 416 713 878 461 53 1301 840 1266 935 1197 878 820 1326 170 1375 322 394 480 1197 878 1351 110 138 1404 722 747 144 851 878 1097 416 618 599 625 787 599 787 366 140 878 705 722 1332 641 1351 808 1120 719 327 1230 722 1148 625 383 593 291 878 770 637 937 1311 1190 894 473 834 775 408 120 1366 878 1368 722 357 788 202 310 599 93 878 743 473 478 1240 458 752 840 905 719 35 253 1248 1071 765 416 834 1041 722 963 1369 688 202 416 1067 43 747 1309 466 1125 429 1240 1002 408 872 1040 342 743 140 342 992 1275 1390 943 437 187 496 383 1275 213 265 1107 232 1148 752 674 144 878 508 387 472 21 1313 1164 878 1039 752 1193 842 798 1351 1346 1255 722 1294 437 878 508 963 752 1088 265 840 969 752 394 884 1301 894 608 894 828 265 878 1204 1206 752 1148 722 648 35 214 270 408 1143 483 756 366 269 325 51 842 434 416 140 260 1131 723 187 344 2 722 719 1095 743 416 963 878 408 572 1301 747 408 1006 513 475 473 792 113 119 366 895 1071 716 187 878 366 175 140 1009 1039 294 811 775 1148 827 29 884 1314 928 507 1072 683 394 370 722 144 651 651 794 45 708 1119 1067 768 93 466 140 670 77 703 213 1414 878 1302 544 986 1189 1133 1006 1210 894 31 173 1010 599 750 963 878 119 1103 719 893 1416 435 1241 140 878 1421 1148 905 1197 21 768 769 710 40 926 265 1198 774 770 878 305 93 820 40 1186 839 878 1197 1148 985 213 1369 562 651 575 996 1189 1253 839 839 221 840 1045 516 93 1100 878 1399 245 1150 140 569 1314 722 1317 1333 229 1384 531 354 508 404 187 1039 777 839 59 122 1197 1074 144 787 1240 752 408 918 256 93 1148 33 722 1097 634 963 775 1305 522 599 891 408 878 408 291

proba init 0.15 proba clean 0.1
709 618 99 288 300 916 1426 888 734 404 1275 1015 50 876 300 1027 237 1053 192 503 112 503 150 575 479 876 503 446 121 1145 1125 825 559 344 876 503 706 557 989 464 900 337 559 1151 1415 1324 118 710 1242 237 537 1367 98 297 927 365 661 1256 1298 836 237 779 503 534 237 128 668 656 557 776 992 277 1362 835 237 1334 1204 266 916 710 180 890 503 56 428 468 523 242 907 598 496 706 980 1015 778 446 237 446 865 557 668 1053 778 696 746 1052 1063 1005 537 110 372 1218 1362 600 192 1415 848 366 1120 1060 800 537 306 380 639 114 706 237 612 1322 1125 94 950 165 825 943 1310 693 825 574 503 613 503 209 522 410 960 118 537 890 242 237 159 800 1293 1114 952 1144 1391 786 1254 14 446 1072 1367 800 936 503 965 293 755 1060 1294 723 654 595 1182 522 1415 161 1426 1318 537 597 1144 916 618 503 1176 50 1292 936 557 1058 968 242 1334 98 1189 1307 717 1426 1189 685 964 1151 825 552 668 471 446 668 1002 1188 1333 347 605 1402 1426 559 483 98 779 50 487 1195 467 417 888 668 605 537 17 706 656 939 306 927 306 1213 245 682 1331 237 888 537 849 754 745 867 706 1250 618 683 508 277 446 888 237 639 9 1061 597 936 861 374 309 355 324 1362 237 450 890 1082 1218 390 1362 24 192 302 1003 237 1008 1362 1390 825 1402 314 503 988 349 720 314 800 800 98 70 523 511 691 523 405 639 320 606 242 557 900 783 337 825 1415 503 800 1110 927 94 1334 99 825 988 1152 66 744 649 118 1027 48 598 50 503 557 1014 309 273 8 192 691 165 1402 161 1189 907 639 50 559 1334 1402 277 366 344 1250 1254 537 1362 825 537 684 104 1374 639 557 663 457 17 237 509 888 1224 115 552 382 266 961 888 405 309 1053 211 928 237 24 390 3 811 1401 262 936 895 720 663 557 378 237 1250 1219 485 825 237 472 661 1311 1377 1151 989 1265 1264 192 672 557 531 978 905 237 576 1391 988 8 557 237 533 503 104 41 605 941 557 706 366 237 1151 567 1377 1174 965 812 209 192 884 94 645 800 237 615 936 44 1402 936 41 602 463 1279 720 237 800 1402 192 315 1151 199 936 719 104 1151 94 1402 483 717 136 1144 2 603 98 1402 1250 1362 1189 237 1307 409 552 503 1307 1144 1081 56 237 1362 663 1293 833 1059 1074 595 597 836 552 296 1377 895 1340 668 405 237 605 964 890 192 1352 140 1426 81 983 439 104 1315 390 109 503 1368 612 601 237 706 1189 523 909 980 836 456 301 1368 537 800 1359 523 1078 928 537 720 332 1095 282 825 557 654 242 237 895 723 721 104 825 447 1401 459 1151 639 825 1426 503 242 214 1053 1214 639 1265 611 145 503 1053 566 1189 1387 1250 668 242 1364 477 1419 445 936 927 1401 936 926 1426 913 237 788 1362 1334 1125 918 1362 800 50 503 82 930 580 992 241 1053 209 978 800 1367 936 1144 237 237 661 878 192 56 218 1402 972 980 525 1168 237 800 549 876 1053 242 242 237 344 237 1362 593 899 1270 288 503 681 931 1184 825 546 404 900 557 926 309 192 237 918 410 1334 1364 825 237 1151 1427 98 1189 2 981 139 483 523 1060 390 537 56 250 638 1402 55 242 916 1260 314 851 472 960 890 601 237 800 1344 523 1076 430 881 262 503 1250 137 1200 900 1209 645 48 1151 238 552 1378 543 404 1406 17 503 1298 1070 584 21 605 1250 164 230 825 237 1381 237 525 390 1206 552 738 825 826 695 192 237 1104 745 416 446 94 1419 405 1035 913 1053 491 78 557 552 825 591 677 720 1426 18 22 73 1307 1334 1281 668 1415 1060 1351 405 60 350 1100 912 1407 1036 720 1082 1402 1053 56 472 706 537 28 1108 710 3 1144 575 523 1060 661 503 926 500 447 1415 1250 900 1307 503 399 1293 309 210 912 350 1116 237 60 1021 402 1015 209 237 546 537 668 936 1082 457 306 912 845 684 557 237 635 1402 984 350 491 1402 94 503 885 800 988 447 1059 668 720 222 903 890 200 1295 1334 82 706 825 1095 639 276 237 1322 382 1350 247 1214 537 237 812 1227 656 237 1281 848 237 1039 1372 825 927 1374 1391 347 800 484 1250 723 1426 1377 1362 965 380 237 237 471 1218 1335 237 503 50 926 825 159 523 618 180 1426 1311 390 209 218 464 913 672 825 695 277 56 503 928 1334 960 918 803 812 426 381 710 988 856 1402 537 1018 56 523 54 503 968 720 918 523 912 1053 356 666 800 1144 552 708 876 237 192 416 876 939 800 710 233 537 1060 779 1075 905 1364 556 618 439 825 94 612 936 1127 1059 21 126 605 503 534 900 552 477 60 1311 237 102 165 548 1189 1402 1362 350 825 159 1426 446 1348 523 50 575 309 237 343 858 81 104 503 661 713 639 192 61 566 180 706 965 1358 1296 1378 1362 833 237 559 800 972 1362 237 807 30 930 800 970 237 930 98 905 94 1310 1204 165 1189 1401 800 537 485 700 953 189 895 237 262 279 316 825 237 1293 277 885 1365 640 483 1251 53 147 1268 1329 1423 293 778 913 50 1298 639 165 269 1362 237 277 618 1416 1362 552 605 50 237 168 988 706 916 432 890 953 50 237 888 552 1095 876 277 464 1151 428 1144 646 1226 400 503 1367 104 723 104 1402 1377 237 630 503 366 537 706 1334 507 123 912 252 537 916 1367 900 973 1385 237 1268 263 266 918 237 173 1333 792 557 668 928 926 237 1415 537 1144 284 876 410 1014 537 1268 924 1411 876 479 876 242 1254 458 118 277 668 1074 1377 605 159 741 491 384 597 499 882 876 1003 147 1298 1204 1274 452 1053 446 503 916 668 580 682 1273 1415 800 447 240 1060 1158 784 355 288 269 900 237 926 916 1189 94 537 242 334 1151 237 397 534 1396 211 262 977 237 552 323 20 1204 428 936 605 744 237 905 745 1144 895 237 242 1080 612 165 266 242 1426 56 296 483 1053 537 870 81 237 575 552 242 825 537 876 431 598 639 668 936 29 96 237 192 797 1377 1204 825 1003 1189 1226 992 770 288 812 365 503 1426 1238 124 476 237 237 668 668 963 1204 668 939 50 152 626 926 98 829 1402 720 936 391 60 1372 946 134 800 537 552 1064 41 557 825 50 196 56 309 720 668 668 92 970 787 237 1151 988 988 712 1389 598 503 63 1362 537 992 800 271 876 902 926 380 237 618 1123 903 405 319 192 512 735 94 183 762 960 1364 527 237 287 1207 1426 923 710 825 882 800 237 503 916 1212 50 38 428 777 1127 682 605 916 927 605 1125 1144 701 1364 833 288 177 314 237 50 537 266 926 237 192 1421 813 109 192 720 314 646 237 1362 601 209 825 668 237 1310 209 668 800 706 309 237 123 1127 390 927 316 1319 380 1002 1407 605 388 27 344 337 680 237 1151 104 503 936 668 825 78 825 825 699 97 1384 213 597 557 657 964 960 716 668 237 668 1415
596 1140 34 495 964 637 1267 567 482 295 1138 1160 1202 390 298 646 161 544 215 645 1068 960 975 1005 1390 661 369 548 1069 358 1170 1220 697 1170 310 971 65 1374 442 381 1118 19 61 965 218 904 514 962 1005 573 1220 1144 912 975 1012 1151 61 347 962 1054 637 172 312 156 1208 762 94 360 1374 363 651 381 218 1208 1208 607 1335 1020 637 68 753 1267 362 236 548 779 375 764 19 596 1301 161 1188 1305 1383 548 763 634 150 792 904 509 491 495 375 1301 333 581 381 1395 463 176 218 531 162 346 858 1265 280 265 637 1220 357 1395 1240 472 349 763 992 19 372 1170 522 218 161 796 154 311 1096 559 1038 971 1220 51 494 523 548 672 161 1267 1227 635 19 1170 1220 1353 19 763 7 1374 1395 637 548 482 1128 278 1204 1220 347 392 581 1144 375 1208 732 388 629 923 539 1208 1208 991 381 215 763 637 335 362 332 375 405 1412 1374 68 960 1227 904 20 418 426 908 80 523 1111 19 1412 1220 482 1413 129 548 1374 416 479 741 1371 1038 539 1267 61 972 498 634 1220 381 440 51 1301 632 412 1208 381 161 1108 360 919 1095 636 1095 960 934 1175 569 498 129 1220 1094 45 686 1170 262 904 902 1134 741 381 548 1146 1208 462 19 479 278 686 562 1125 555 628 1356 218 1265 256 1170 790 463 690 218 1200 452 362 700 1071 1340 218 1018 1301 686 925 960 154 1006 838 467 278 857 960 1007 375 19 19 375 546 1240 284 1228 1227 1375 977 987 19 157 966 960 1170 1395 1012 93 1340 19 1220 1112 1221 589 162 138 1257 530 488 596 1111 922 1374 272 759 658 1152 764 1101 218 539 1143 904 382 950 113 325 514 1412 161 1265 303 1258 1395 1220 218 1220 381 306 19 904 462 375 575 631 1178 1208 548 560 333 966 789 956 354 598 21 546 913 763 895 838 1208 1144 1137 217 1138 742 1117 16 1395 1101 267 375 124 913 147 1334 692 1220 1208 467 1165 1117 925 1229 539 467 190 1208 1354 1374 1029 926 1103 1208 194 960 124 923 1263 146 215 295 1175 278 1038 767 1374 1394 382 763 1298 1125 925 1265 50 102 249 1208 124 581 49 1170 1208 360 61 1039 686 1412 637 1005 514 472 467 1208 637 539 452 1265 118 19 1412 531 532 740 1019 351 637 956 1395 1265 1078 1428 960 61 1038 218 548 1208 1002 375 1228 1208 480 456 20 236 1208 218 575 161 1032 745 1095 992 278 19 1007 1208 925 218 779 452 546 31 19 1267 1267 467 875 1112 467 992 575 961 1237 83 806 94 467 146 1233 147 223 992 904 375 42 913 994 966 596 449 1334 1170 904 375 1077 1244 1038 411 1316 106 108 1220 19 895 1227 1208 1395 61 360 774 1220 869 546 482 289 294 1220 77 960 1227 36 161 127 825 467 357 781 822 1152 1125 548 686 1354 1265 1227 1053 1132 686 565 467 19 546 279 278 686 93 1208 848 218 343 441 180 1395 1170 106 1425 763 238 715 514 1257 161 1209 1154 1170 1128 1412 960 161 1182 156 467 467 236 446 1412 1332 1183 1395 1331 1208 228 1395 921 161 1227 813 61 375 1208 218 51 149 18 476 1065 858 466 19 917 82 295 548 1374 935 555 61 763 975 523 1369 569 1220 1208 1412 125 960 523 1360 492 1264 637 375 192 323 381 236 709 517 61 170 1208 637 554 467 1125 1175 422 1267 360 1265 1170 150 161 1208 1082 1415 1117 161 578 548 362 130 792 1146 1010 861 956 1346 495 1390 877 1125 299 960 417 499 360 19 1038 1128 384 19 1368 1295 1364 735 530 781 119 1268 108 1220 686 1374 1208 1208 82 156 422 548 1170 1395 546 769 161 479 1424 172 375 639 1220 222 607 381 853 1144 612 1237 634 1275 257 370 1144 1288 1335 546 51 625 166 51 1131 1423 539 716 555 1220 236 250 967 1220 1311 1425 1317 861 1208 467 375 916 380 960 1012 528 869 1208 670 382 1107 960 523 381 562 539 713 992 1336 467 796 93 453 181 201 495 699 1232 338 1412 467 85 1185 51 19 1240 1374 918 1226 514 163 749 1228 1115 146 960 19 1170 124 869 423 955 237 855 211 1267 1123 769 1275 1094 61 1220 317 1240 1149 1208 19 1395 961 1316 1208 1220 1208 739 934 360 799 375 467 1208 1182 1208 687 1012 1427 627 1208 1170 360 382 946 581 278 218 169 1395 1208 1208 251 1090 174 763 960 1403 1012 1220 923 375 1331 350 774 894 1285 163 778 161 467 1354 1220 245 381 236 1220 1244 45 1099 975 434 473 1220 1058 68 392 458 539 1231 1184 236 1374 1354 960 811 539 895 375 686 211 19 52 1170 763 580 148 661 1182 546 160 1267 919 1170 68 1310 381 189 634 286 1340 1397 478 279 432 1220 1101 1233 1412 723 478 172 71 1038 1012 103 19 1228 1144 1157 763 763 66 218 19 904 1412 1129 749 317 19 1078 548 769 375 1065 381 555 1208 1380 280 992 37 1335 61 418 591 467 354 95 366 161 668 1242 354 495 443 1038 1412 763 1170 72 250 467 19 755 386 1170 360 1208 534 960 1324 637 637 68 725 380 1334 1170 1220 19 1208 235 581 1395 1208 1117 1265 1045 1220 1208 161 381 1380 245 360 992 774 781 1130 321 19 763 1228 641 161 677 417 386 319 19 770 1220 161 801 410 218 593 1038 375 1208 557 1144 262 637 1374 1267 235 1001 1208 1239 1390 787 177 161 488 51 1264 1208 555 19 987 949 1128 1232 61 1365 381 925 1208 36 1265 901 1220 154 1275 360 650 362 460 866 637 1128 1075 473 102 1208 310 762 354 975 1220 942 991 555 1374 620 1244 844 1208 19 586 1208 1419 661 391 904 1170 1220 1144 611 1009 960 1154 363 218 1368 514 1107 812 1078 215 1038 19 1062 208 1381 278 795 781 310 19 796 482 170 1203 1064 161 548 960 637 1305 779 204 1395 1144 1170 869 1078 785 34 276 72 282 215 482 1208 576 637 840 94 1220 1227 664 1350 161 1395 699 507 582 823 1275 1208 784 705 987 1335 1249 1305 1038 9 1208 381 590 763 1395 161 1227 380 1233 218 354 1227 1134 236 1228 992 1355 381 743 637 1208 1068 959 1227 1220 1220 919 473 596 462 1214 1389 1233 835 467 467 857 925 1335 662 19 523 585 514 204 264 1243 1395 591 514 586 1144 19 1208 1208 1139 648 1168 855 923 1125 498 1027 102 1012 960 777 1412 991 61 681 1318 1208 686 1383 1170 381 206 539 278 1374 1038 908 1098 236 913 598 619 1001 254 688 1415 1208 742 1377 538 505 462 596 1182 533 415 1220 514 278 1340 1226 49 496 1395 763 1388 1336 443 546 729 467 172 1220 146 1236 1113 61 1166 61 1208 546 104 686 539 68 1220 813 1170 1208 591 637 585 450 974 541 746 187 634 1038 637 16 1038 807 1208 401 354 331 505 884 1015 763 792 1220 420 934 495 467 901 984 555 925 381 467 671 1208 218 614 763 1220 686 1208 637 1308 1119 1170 974 913 1208 1226 25 273 1012 1045 254 1395 853 1131 467 1374 852 523 713 901 763 896 351 960 587 94 1220 1293 1220 1220 237 1400 1395 354 278 1374 987 624 61 199 904 763 442 1276
294 397 1043 322 1266 29 395 891 36 233 733 15 186 1077 667 887 1228 663 876 503 620 30 588 262 338 69 1157 562 121 1399 732 892 13 637 778 280 1208 1400 180 1373 36 1401 674 802 422 275 13 1269 1348 1228 892 601 30 906 62 1046 1133 944 1046 934 732 13 1075 96 277 137 732 1428 822 376 186 1321 859 13 1228 1359 419 607 1422 396 280 51 664 366 85 282 1111 179 338 984 18 266 1046 15 76 798 1133 798 944 822 464 1228 151 389 253 854 1157 808 7 1 91 1392 18 952 1408 666 347 186 1104 854 732 892 892 514 1032 1402 821 543 940 402 144 862 1200 859 690 541 107 1370 311 474 871 1133 892 503 1403 1241 343 649 29 51 1105 1039 1038 862 892 515 1351 1133 1379 1014 252 182 967 36 1359 862 1000 1260 730 1160 1399 753 822 1133 96 1214 822 1332 353 1405 674 1128 7 1375 1133 1184 1070 1260 690 402 1405 674 1191 768 486 1105 1137 681 1323 314 253 395 1323 382 1091 674 892 682 294 952 863 1118 837 13 991 549 1104 674 395 13 86 30 1065 186 892 971 503 18 891 478 1133 1228 520 124 1306 1144 315 191 315 1178 390 695 110 1133 891 1228 164 1157 1269 949 266 784 397 435 251 720 562 891 1133 950 234 549 1159 1015 1183 680 690 817 249 732 1228 1399 51 53 715 280 859 137 1215 905 1063 732 345 859 975 18 382 807 30 1211 911 1147 1405 732 862 30 1269 1111 1038 1091 822 196 40 407 1285 1105 1400 180 68 773 1363 1407 30 732 317 62 57 407 1038 892 367 100 62 30 315 649 156 293 1010 342 384 1400 679 690 715 322 420 72 859 674 574 1323 344 1124 303 777 13 674 1321 131 1198 1414 816 7 859 1040 837 749 1038 1157 837 822 665 621 520 1133 190 914 1279 19 351 1026 607 175 701 1296 1355 1228 834 1210 1133 132 280 1263 1301 906 592 1301 1240 1147 547 822 1399 1260 107 1127 470 892 353 1139 853 684 294 451 664 1079 822 690 495 822 503 1399 366 1133 304 30 940 1323 1400 732 781 1039 1072 101 822 1241 186 891 131 1133 659 607 404 852 1109 588 1392 674 1325 15 721 862 1133 832 674 60 674 674 732 86 13 838 1147 1133 862 674 264 1121 98 1091 674 249 1072 674 807 674 723 1233 531 1133 1046 96 30 674 375 859 1323 738 1048 1207 351 1228 950 1133 712 366 1133 18 891 186 122 1103 146 1260 101 1091 351 1133 798 1240 1145 11 1347 549 1 1133 51 1224 503 1160 13 1260 1395 48 1072 197 280 105 797 732 1128 712 86 891 1323 822 1382 857 1281 811 659 253 1365 862 1025 822 627 492 7 1147 1116 20 1399 892 822 798 1105 1133 551 738 517 1072 892 416 906 36 724 1223 1299 654 30 1105 494 1228 178 49 13 520 401 1019 407 448 1080 1125 1385 1111 1105 935 968 277 193 849 773 906 674 383 388 588 1133 1103 859 460 35 712 18 862 186 1228 1133 1413 649 315 1258 1310 1392 1399 862 1359 674 30 266 1228 1317 1200 82 366 851 674 389 126 1295 397 1133 862 852 98 13 1105 984 1133 1111 1133 859 503 1160 13 326 1157 1019 1146 336 892 829 675 1087 822 1353 674 811 1046 588 894 1013 19 860 1133 674 659 30 523 1046 688 1159 578 1111 54 280 7 366 700 209 674 1091 647 892 315 807 1202 704 845 51 822 1228 732 1241 1064 1133 382 663 592 277 1070 562 1420 36 1022 1330 979 674 1321 1327 324 382 1066 490 520 30 993 681 1387 822 1008 1100 822 1332 892 906 459 1228 472 280 811 351 876 892 382 1103 1224 673 389 88 651 798 862 277 699 1343 277 13 1151 13 822 1167 892 141 943 1147 1200 1410 684 268 1085 397 779 464 302 1143 128 1424 503 701 383 503 286 315 1147 1157 674 1228 366 895 1401 732 87 1327 205 206 1133 1200 822 848 386 30 1353 1207 62 674 962 36 399 30 746 825 103 674 1360 319 1072 674 930 866 1059 15 1392 324 760 7 742 674 1427 972 590 664 254 1133 822 693 484 13 568 1045 731 674 732 30 3 862 811 340 1022 440 1147 766 20 51 645 1168 690 1228 1200 574 309 131 435 1133 884 819 335 291 1133 1040 1422 88 1210 360 1341 186 1379 1133 1387 1133 860 62 1157 891 132 862 360 1356 752 491 703 859 1109 514 1133 738 1292 438 715 674 30 1228 1353 704 341 822 397 13 674 133 280 1392 606 1228 674 794 1023 1013 3 366 892 293 1093 1378 588 145 795 892 302 396 811 468 664 1288 1081 366 674 140 30 760 1147 854 822 1224 848 1070 503 862 1133 351 605 1083 732 994 1328 51 414 862 396 474 277 658 314 962 407 1281 529 397 1262 594 862 286 674 903 186 805 229 696 277 487 28 351 1046 1046 1133 1133 592 859 1000 1323 674 18 126 720 336 312 197 666 822 822 876 674 720 808 1091 1404 1072 261 874 1228 922 674 690 1127 1092 266 728 1405 1219 324 1353 918 674 1133 862 620 18 1224 31 93 1413 862 806 1133 1413 30 626 732 647 158 1231 141 906 862 892 702 595 952 366 551 1228 592 1080 822 892 1133 740 1321 94 7 360 110 1285 685 232 843 718 1260 262 1096 757 186 993 957 158 941 18 892 92 397 849 18 351 621 186 1133 1224 1276 1397 892 459 51 336 822 1133 413 351 334 690 1321 758 285 188 1133 690 1344 1029 277 1359 1072 738 1072 664 761 1133 1241 30 131 674 891 146 360 13 664 1260 781 892 1359 36 1052 645 1133 720 132 690 588 892 514 293 690 1400 294 1342 1353 1133 422 732 1133 1192 120 1376 1089 7 343 1200 1011 123 30 805 844 317 135 13 360 464 382 100 621 1160 690 261 1289 532 756 1301 339 336 1091 36 1267 790 274 13 1410 30 892 294 604 17 1240 15 862 1262 1245 245 204 1000 817 1304 1167 36 1133 1280 892 473 105 892 1105 128 674 1133 771 541 810 750 592 530 1133 351 415 97 718 301 674 1271 1009 674 1249 580 1133 1240 606 1105 863 587 859 574 1105 395 366 193 916 1232 7 585 503 1133 1063 351 1105 892 1228 754 1375 284 1411 294 1089 1229 366 674 943 366 1359 1188 7 965 852 1353 1275 214 697 1424 432 1005 13 999 1109 625 304 1133 294 892 877 590 464 1167 719 892 306 1353 30 854 674 1147 674 811 1046 1133 382 983 862 644 351 605 1199 728 892 822 140 366 1410 1147 464 464 223 1133 1424 1321 802 628 1260 1210 860 311 1228 1091 18 892 315 862 407 1407 122 363 514 1133 397 319 242 1385 1179 1009 1414 901 732 825 773 738 767 1244 1133 854 1242 13 182 396 892 937 862 277 1157 892 698 186 394 389 661 1273 314 1111 391 773 621 911 1133 1268 690 1224 624 1268 1405 1133 822 892 377 553 1133 876 1260 303 291 1146 1147 807 1405 1133 859 494 1392 811 464 1133 647 1392 298 862 128 1262 1321 1133 656 280 62 394 860 514 149 286 351 703 1405 1323 1096 601 1133 802 1072 30 674 464 22 1168 892 892 1212 1320 549 1183 796 822 354 811 738 700 1323 1133 294 422
897 535 597 1071 454 1074 1067 139 13 727 935 1316 1352 688 622 906 781 1267 589 10 45 1139 5 170 1211 785 712 136 986 559 312 1092 81 585 1151 1217 1280 1352 858 1324 1124 1350 81 121 86 716 519 1048 715 781 742 869 844 589 365 102 589 80 911 1352 342 1118 1172 301 781 507 1275 1430 1352 718 1352 507 139 721 781 639 1124 864 597 1333 1248 785 81 231 147 150 694 262 1292 1193 1048 1226 1305 1316 763 1068 1324 1324 981 1352 1275 690 257 515 1072 53 712 212 742 1026 472 259 139 727 833 1404 685 1404 45 1133 20 1092 1079 1026 68 326 1226 18 92 534 1267 937 584 139 742 856 874 344 631 323 950 19 1092 862 1071 1089 1301 519 246 774 262 139 534 20 589 1352 534 807 1045 879 1026 1289 136 1216 589 1216 360 1092 218 833 217 1133 1352 781 301 1239 1322 371 365 742 1324 1393 950 692 807 408 535 781 749 742 375 589 1352 56 974 262 262 1418 1275 46 107 909 1275 589 45 121 1092 918 1275 749 444 1275 84 759 648 1131 794 1305 1067 876 1406 1324 1102 1352 1092 673 862 596 360 1275 794 1172 1026 1321 477 958 1079 1252 1079 139 872 771 1338 1324 1207 1092 810 1404 1048 1139 357 716 535 1403 781 81 136 360 1324 710 534 365 950 80 123 449 749 68 1127 1026 781 420 650 981 1208 1248 139 461 833 993 1350 1216 720 139 673 596 584 1216 1298 1305 408 507 383 312 266 475 368 868 534 45 1326 215 1014 451 589 262 1352 478 136 1350 759 496 1127 20 1026 625 1090 729 534 1071 1363 419 501 704 1183 519 812 359 1115 793 833 1352 1262 749 781 890 1324 365 139 646 53 1275 958 268 1352 383 1418 121 507 1404 935 1361 1026 1141 139 1071 1249 526 534 1241 268 1352 619 768 1026 781 1035 785 641 1381 257 885 1335 226 589 587 1305 81 781 878 781 197 1248 121 246 587 928 121 1026 507 1326 1352 721 81 648 445 611 1071 365 1048 36 1185 1216 121 1301 529 521 639 337 1352 10 309 1420 807 480 445 721 849 1352 139 692 365 1380 1216 742 974 1352 360 1404 781 121 523 1216 721 218 282 1103 589 721 1216 627 914 781 1063 589 402 589 121 1216 365 965 765 529 1324 20 365 1338 721 121 45 121 375 1380 121 209 587 342 885 1026 807 18 301 154 1361 742 139 1275 781 257 320 305 18 257 807 1351 231 781 139 154 1352 364 1296 414 931 1216 45 305 897 1216 1026 575 1275 587 833 742 1067 774 589 365 638 529 342 612 807 1380 363 1248 480 45 139 1357 1351 1141 360 1275 1352 614 1305 576 317 579 703 483 20 1422 1352 933 1106 950 507 159 365 62 1092 1352 139 262 781 1026 73 56 1380 1071 507 587 656 121 1248 759 1026 80 262 365 742 107 729 529 1041 298 1078 890 216 1275 638 337 1404 262 1082 555 589 932 87 1350 587 589 916 1048 1316 1324 1389 139 786 449 1351 1026 20 1352 781 807 724 796 1079 1150 208 1103 492 785 1111 121 807 742 807 1352 589 589 231 938 589 904 1423 1026 1121 1324 20 1026 754 781 262 489 807 341 781 1008 862 12 598 718 760 1086 494 210 1092 1352 768 166 1352 365 589 81 18 1045 1343 38 325 1092 807 121 224 1310 1275 1150 527 611 342 17 1133 1248 1172 231 673 1141 589 45 262 46 1183 80 1283 768 257 774 857 781 20 1117 320 279 584 22 386 833 554 950 611 550 1030 205 323 121 45 426 69 584 78 49 1026 950 1026 1418 1063 534 794 1026 834 534 478 220 376 781 812 1248 365 367 1310 1092 584 1252 639 1275 708 310 465 1301 584 618 587 895 507 355 63 617 1352 801 1092 924 974 507 1026 920 1305 387 257 38 1352 1275 1404 1133 1124 1354 862 1063 202 689 87 743 1183 1236 1239 1092 231 857 1380 742 1071 143 1213 611 781 589 1309 1133 781 691 365 1208 449 365 673 275 257 417 514 1141 1305 589 1021 18 99 589 1016 594 811 1316 1324 759 830 403 1275 589 585 657 521 1176 534 938 1352 18 1106 896 234 1425 621 36 20 1196 534 20 365 394 1296 1275 741 1078 365 785 325 895 492 909 645 759 302 68 1319 781 534 1017 766 718 781 1092 284 100 771 1063 781 1352 1379 781 1003 781 1092 1051 712 850 607 20 452 1084 682 785 1216 139 218 1026 807 589 389 24 365 807 1212 1352 365 478 480 1352 535 926 365 71 1248 1103 561 781 785 337 1092 496 507 231 1092 23 769 45 1126 281 689 589 1153 1237 365 139 589 12 301 231 1124 781 568 977 507 454 528 1180 365 534 862 20 807 367 1170 785 1172 45 918 785 566 20 1333 323 742 1133 46 312 1058 367 920 535 460 478 80 777 589 25 1296 1118 1210 35 742 683 534 305 1092 1034 763 781 502 1026 539 1275 267 139 1267 507 534 13 1301 895 1352 1352 742 589 507 718 45 342 1380 107 81 781 68 1207 53 121 364 1041 472 180 1067 1310 139 788 589 807 20 45 139 589 365 1063 129 20 13 781 1030 1093 1172 80 797 1124 371 371 587 20 478 534 495 1278 80 1026 998 265 781 742 1092 807 1296 885 885 1278 1058 677 438 329 754 1324 534 1272 1269 99 178 1352 1026 1374 379 259 139 781 507 535 87 139 750 1262 1352 742 280 1066 211 46 324 785 1276 1352 781 1207 950 1017 121 507 197 121 1215 781 749 534 136 833 838 1380 73 1380 833 1216 1324 1429 718 1404 589 1159 1204 507 1218 1417 360 511 46 1346 91 696 282 781 80 285 111 236 1092 669 659 749 1352 1275 162 365 1324 86 81 807 454 785 25 716 869 1071 584 401 328 191 937 262 1026 1003 519 507 1275 649 1216 794 534 749 305 718 742 107 366 785 1350 45 547 1124 436 27 208 1301 625 46 1275 1429 15 1026 365 590 239 687 1133 8 1121 712 1026 692 720 807 916 46 906 1420 1092 262 221 121 125 1026 663 632 1353 1011 653 781 367 1153 136 1124 755 589 1269 673 1324 1172 522 807 1026 742 262 45 91 1026 71 262 1376 231 1038 342 173 1141 478 342 807 555 305 987 1092 1092 785 393 1278 910 1275 807 406 1420 589 80 447 1216 1293 1092 1350 1275 223 1227 737 578 1349 1026 979 529 1136 1404 12 507 781 1275 1275 610 1124 1275 41 906 363 282 365 540 964 1015 507 121 365 1186 781 932 170 972 1290 367 1257 1123 1352 1092 1352 136 231 1305 1228 1275 1275 260 882 646 507 121 976 381 339 524 533 781 45 139 1092 1079 523 845 785 364 916 1026 781 535 104 365 587 1216 795 1118 1172 20 1404 1217 257 657 341 807 1104 1188 80 1079 1333 589 312 906 781 712 46 219 1352 63 66 598 25 46 1352 408 80 794 287 781 542 1141 53 1071 50 1015 781 1352 1092 753 916 18 1310 748 377 205 1351 507 1216 591 1324 1026 580 1070 365 1275 781 282 1103 1275 20 1282 1305 81 1080 25 575 1252 341 524 1026 84 3 367 1352 1140 670 551 1352 980 121 1380 317 589 1275 1092 632 1092 1071 1071 718 1026 639 52 1352 136 365 257 162 1275 807 1275 86
727 795 347 387 1378 774 623 196 520 623 307 236 107 445 1367 704 1169 107 17 849 978 236 334 4 1378 870 928 1056 402 767 546 824 1361 1340 559 118 333 107 711 1361 1108 55 17 1190 1235 235 93 1260 1026 107 824 107 516 696 1398 637 767 52 409 623 665 167 337 179 931 888 1311 1065 107 679 1022 590 940 215 107 1038 644 194 1323 793 1345 889 236 398 885 70 359 179 55 883 149 931 823 453 701 121 478 121 52 107 796 107 107 1125 1026 334 928 844 1132 227 867 5 630 829 944 431 667 614 428 708 665 824 52 227 951 1 888 405 1036 55 141 665 361 940 986 933 101 1313 395 1072 402 1122 824 311 878 1249 1162 1001 215 889 1079 630 55 665 824 85 55 1347 450 107 227 1041 1056 520 1249 115 1377 824 122 1338 20 708 107 778 179 107 348 1196 708 1277 17 121 623 1260 107 239 795 236 287 359 1277 980 107 984 977 1079 1156 1161 1120 43 1026 623 1120 1336 373 178 824 520 796 701 1191 107 1356 70 545 17 362 823 623 215 193 888 77 107 70 754 311 210 411 796 1416 236 171 1026 1274 1268 52 107 52 647 796 1026 1084 492 1042 824 1228 1359 380 665 233 235 795 906 457 623 1056 411 1347 951 55 1269 629 17 115 520 986 308 557 1311 614 523 889 1133 783 1345 940 888 969 931 402 1311 52 940 754 805 704 115 236 629 1127 648 17 546 665 402 647 359 55 373 516 1208 1102 1380 230 1416 107 1173 1056 55 70 157 236 665 227 305 361 1380 55 824 1402 444 1026 631 52 420 742 767 388 1330 163 107 235 1078 1095 1396 534 1120 940 1260 1361 1120 55 82 1330 1063 1161 65 909 614 990 1413 227 824 227 824 590 999 55 928 951 107 772 1228 171 1048 999 173 805 443 828 1425 103 429 1042 334 823 107 685 1382 1361 484 1345 1190 463 122 1241 1190 227 1169 125 107 561 1152 101 366 1052 824 715 17 1112 1019 1260 1190 17 1281 794 870 1019 107 1225 734 1229 1347 772 455 1073 1120 107 1311 1159 1277 482 1036 546 823 107 411 421 1371 1190 690 115 614 554 115 944 17 927 115 539 665 1371 38 1260 1056 13 1082 1311 227 798 931 1018 147 665 823 1358 614 1190 373 60 909 949 1190 665 1061 1036 1425 1235 227 398 179 236 1260 1250 940 1120 1371 43 678 128 1361 43 870 632 453 1371 630 772 492 1119 107 52 1036 665 373 128 1241 115 227 70 69 1208 604 103 889 889 931 681 1378 992 1036 454 107 98 595 1345 954 969 1311 1036 697 1026 1036 1120 359 381 823 325 938 539 1026 1309 665 1120 359 348 679 738 761 52 204 734 824 107 670 1079 696 227 1036 1120 1160 824 280 122 520 1190 621 824 1384 455 1416 623 107 287 162 959 52 165 780 1380 1372 1120 17 1237 614 1079 1408 1209 969 52 107 55 122 490 937 17 1119 1347 236 940 702 141 663 630 665 107 888 107 83 1332 52 17 1154 944 869 665 326 83 455 492 147 569 17 165 453 573 931 1247 823 227 1306 1371 728 227 272 1361 1079 1079 1423 359 1371 940 311 21 1070 679 928 931 379 55 824 708 623 1106 107 1162 986 17 657 1174 566 596 504 824 1371 1190 289 236 1120 407 1233 1246 1036 359 708 1345 236 634 754 767 17 373 770 1036 52 17 17 380 293 889 980 402 665 1061 121 96 1082 131 1241 107 107 1227 38 1108 348 951 595 1190 978 115 326 690 796 690 171 402 171 1161 482 55 362 236 796 55 824 17 648 107 631 1345 101 107 236 824 1337 107 870 1120 1218 300 516 1162 665 1026 1208 747 107 598 128 694 107 622 824 447 977 888 236 484 1152 538 43 723 604 123 708 708 644 1208 311 1042 485 311 823 52 135 52 1061 931 327 134 623 824 289 52 10 666 195 107 359 708 968 236 1168 221 484 17 1026 1108 43 236 796 492 823 17 844 1036 73 17 1096 1277 1289 236 1361 1220 582 1305 796 17 17 26 52 1331 55 527 107 603 912 233 1335 71 128 1321 665 236 55 665 529 1064 1198 796 165 1029 1343 889 183 747 373 107 107 824 437 951 1155 1371 55 1392 976 679 1346 824 1266 475 1293 546 523 107 17 1371 1208 1371 1409 277 928 1301 168 665 235 1122 492 193 1061 940 1422 227 1347 888 701 187 1147 931 236 107 63 824 878 107 795 651 17 17 1345 944 17 623 17 1019 824 1198 590 1048 824 274 723 978 1125 437 584 824 1402 793 1120 889 17 975 100 822 359 904 236 582 545 334 359 879 677 55 311 665 1239 107 436 870 1311 334 516 870 5 665 793 1072 492 708 43 546 1380 584 121 795 1416 824 344 1036 867 822 107 448 121 1053 236 1359 55 128 656 823 236 1371 566 665 1357 235 1378 630 499 623 55 1325 1162 1236 359 107 236 986 623 402 373 1036 778 623 215 198 1034 539 512 1190 1345 233 514 1277 623 1345 630 546 17 107 728 978 1055 107 55 754 153 665 1049 1371 78 236 1244 1311 267 921 107 1350 122 665 824 55 601 447 115 227 107 1241 1048 359 824 690 492 634 817 518 546 1036 836 165 573 822 55 1169 69 1211 107 107 314 1138 940 1028 630 824 107 795 635 630 471 491 348 690 318 584 1248 295 446 889 1204 107 1371 384 973 1359 870 623 894 1190 885 1371 986 55 1056 1006 139 180 888 27 931 115 1361 444 402 510 824 761 384 546 1210 931 411 1247 1101 1262 1108 584 945 1371 822 796 103 367 824 52 115 986 107 796 415 1382 1361 708 1311 1347 52 870 1375 235 623 824 708 115 343 82 870 1079 227 996 798 909 1052 511 1260 546 55 986 128 679 107 1026 165 870 55 373 520 1090 346 52 107 1162 236 1036 796 942 495 227 708 665 280 271 708 52 495 121 387 1373 1108 1347 335 1036 1120 539 127 1079 1399 1190 690 1413 749 673 1420 1241 1255 236 128 613 1056 644 409 17 52 1194 17 1346 1005 107 227 236 1079 489 1036 940 103 1079 623 413 1072 1036 971 436 937 1036 690 891 128 1079 824 824 870 584 23 951 796 1063 1036 945 17 17 165 507 644 237 815 931 981 482 495 387 160 227 402 798 572 708 1094 1359 233 796 1120 1389 1360 796 380 1255 236 115 682 236 334 266 657 1260 637 823 1371 1047 1080 665 365 308 1073 665 107 824 514 1056 453 823 100 910 179 857 623 160 909 1190 857 1150 169 582 851 147 665 838 824 52 665 1380 870 1299 935 1136 402 795 373 1343 1208 199 17 123 824 1311 121 1259 888 1363 492 1361 334 333 623 52 793 824 546 630 1371 928 702 1353 1330 659 1164 1164 961 43 546 1036 990 362 141 236 289 107 1032 1409 767 1277 1371 348 824 1243 611 824 17 870 153 951 17 954 1277 1277 822 940 441 685 281 931 1371 731 944 315 665 931 823 1247 874 822 1345 1136 1308 277 227 1356 823 17 107 1277 1120 929 738 1361 1190 1401 455 1380 796 1356 778 824 824 236 679 405 679 1019 107 1056 1120 888 27 796 107 796 1235

proba init 0.15 proba clean 0.15
906 1133 1024 1266 1270 282 36 334 390 1204 1340 751 867 273 823 821 131 865 1136 837 674 1175 127 792 1270 513 1175 1396 618 171 977 823 1344 1131 1108 245 349 96 513 1344 71 451 823 1226 1322 718 1287 360 322 131 823 610 857 89 131 838 923 524 132 1352 1165 168 513 1222 89 217 1252 1394 96 28 867 89 896 1122 1344 294 71 49 282 849 682 36 959 59 987 272 1102 217 890 906 543 81 735 1232 1294 1396 1362 1362 1118 1102 312 1105 750 20 149 263 1282 212 131 1142 107 735 896 387 999 720 1159 363 1 721 1165 823 355 1105 162 336 309 1344 451 451 377 1165 89 896 131 1002 194 848 461 1419 1014 77 823 135 235 11 651 996 1126 36 1412 189 451 1165 823 867 451 923 618 96 651 1349 1396 89 342 89 1226 1095 513 1270 171 1167 1102 923 481 1074 1102 1168 957 846 1362 1283 823 741 1290 282 1402 959 5 1102 821 1226 96 194 813 1412 1360 825 391 34 149 1233 391 37 807 1226 2 390 391 149 1396 96 170 1086 1070 823 1124 735 36 415 689 1362 667 867 735 16 135 80 1222 440 328 1102 285 618 1394 52 1000 997 1000 360 242 977 132 1362 513 89 261 1222 536 1351 686 1343 978 1353 954 131 1396 334 1362 903 1394 746 131 89 896 1415 719 449 89 1252 604 171 862 636 1332 682 896 875 809 959 626 1252 1174 896 16 403 37 89 1175 1195 1334 1422 89 977 1165 131 1202 1102 451 807 1102 116 575 1159 1004 1412 156 1428 325 451 103 811 1175 1165 409 131 1027 1159 1394 823 1191 990 1322 749 538 986 282 466 906 867 646 96 1051 735 891 1159 1362 169 896 1226 1344 391 98 454 867 667 1161 1226 131 496 1102 108 1303 89 896 823 89 244 451 1175 936 1102 667 645 285 923 31 636 1308 735 1330 403 1048 282 593 116 811 1344 928 628 1344 813 682 1226 867 505 431 1226 16 131 1216 1102 1191 73 194 636 487 823 89 636 1137 423 89 1226 996 513 1394 89 160 96 538 171 961 923 693 1175 1191 415 1095 1252 741 355 379 456 131 968 96 81 473 923 1226 1109 89 604 423 282 175 89 1191 541 89 1165 923 1394 1226 1299 89 1226 89 301 254 1223 1402 1362 1165 893 1013 604 1226 1005 1226 648 379 1226 85 1126 456 403 884 89 1344 855 131 89 1102 896 391 131 34 59 1004 1344 34 73 958 1167 923 896 667 867 1395 867 379 1222 313 636 1004 642 89 884 875 1028 89 1031 1048 36 36 89 957 1270 1140 456 208 964 379 1028 682 823 89 728 456 89 1163 81 391 1102 764 735 833 1148 906 149 849 1165 575 1102 1424 995 89 180 933 443 171 823 451 291 1412 923 1375 456 1394 379 823 352 116 390 1226 1192 1159 869 1175 1412 1036 451 1232 550 1140 1430 896 1144 1159 723 391 457 1286 1411 1412 869 895 89 1106 513 451 116 1226 354 89 89 1362 547 896 111 377 958 896 1165 867 735 823 119 903 1000 89 631 57 171 1165 609 1226 1175 328 923 717 89 365 220 427 1226 1275 241 792 662 1362 1165 1267 1202 1344 1412 1412 923 1102 342 282 135 1270 894 382 1175 11 89 828 823 468 355 228 1102 1049 131 636 1344 127 11 916 869 823 923 1226 301 131 391 89 45 1077 456 1102 230 682 604 804 16 691 1136 807 993 282 1393 636 80 717 1093 36 1394 604 1165 1251 1102 436 37 913 48 131 470 1103 532 791 987 1159 1104 1226 403 634 1304 37 1294 668 285 328 1327 73 1394 1394 1100 250 1394 1394 823 328 950 823 282 682 957 1330 155 823 37 96 89 391 1275 863 917 1396 1165 867 116 1038 343 532 91 533 1102 993 823 1425 595 89 89 1364 1346 236 34 916 867 391 789 197 71 116 135 1065 476 135 1175 635 89 619 832 823 513 1159 1098 131 588 427 324 894 259 89 1102 39 1330 1175 1049 1147 1369 89 889 338 34 1175 11 131 1337 893 991 456 1375 89 735 1240 1180 1289 1344 1304 712 200 391 1136 636 1428 684 991 451 475 96 1344 94 1297 110 618 1004 1137 1165 1175 451 1165 1191 284 378 269 631 522 1110 36 51 1038 643 164 89 187 1005 578 993 923 451 234 1025 531 923 994 825 530 59 1394 923 867 544 923 567 923 1135 131 1175 618 328 1165 1394 1415 735 131 89 896 855 1105 923 44 1283 1407 575 636 1175 1102 1049 19 824 1102 993 1362 636 766 682 1362 130 131 636 1304 1142 410 89 328 823 995 584 34 127 1409 660 823 50 849 636 618 1136 988 297 59 1102 652 1175 712 887 1374 1102 304 957 1394 135 1165 1359 1330 817 513 1252 355 1102 36 1283 1165 849 296 131 618 275 977 1159 869 1326 3 1412 823 1114 456 1226 1390 867 430 589 1424 131 857 451 1004 895 735 139 342 782 541 30 391 1270 158 190 1362 451 1334 1396 1312 1102 1102 131 1222 604 911 807 456 379 73 1137 996 338 89 675 1226 536 563 107 1086 722 1304 799 1102 1270 833 1165 403 796 771 1394 16 383 1165 1394 923 1387 1175 482 1252 282 131 896 393 1237 1165 823 451 993 296 59 615 89 872 604 1102 282 1362 685 403 403 499 1394 456 1352 89 1000 1362 1394 1344 1004 1203 254 867 1327 1027 994 853 793 823 818 556 513 896 1330 973 1102 328 513 1191 120 282 96 36 296 1102 923 811 286 1092 1226 131 1362 1226 351 923 871 451 1017 131 694 379 1193 379 823 89 1344 6 604 1166 2 81 1321 1394 856 959 1222 1 282 110 414 660 282 923 89 701 1048 127 823 1213 31 719 96 692 995 1049 1344 451 1252 923 1064 89 11 355 131 566 1096 86 660 292 959 1412 555 216 1218 56 391 128 990 1102 451 719 1004 1297 131 1027 1144 1045 451 807 390 71 89 1042 823 1396 1175 282 1165 1358 1251 320 975 1165 1340 638 980 853 43 1319 735 741 390 923 1131 282 609 37 127 1412 1071 1226 328 1326 406 1118 41 833 79 923 1330 443 251 71 944 1136 396 551 1362 587 1201 342 301 131 1412 1330 456 896 1048 1412 1398 1427 1004 456 1163 131 285 456 1362 1148 1004 1412 823 89 636 660 906 144 391 308 1393 1384 89 89 224 89 71 523 49 391 735 469 1251 292 1283 19 1175 1140 291 744 1034 131 328 391 953 999 131 312 194 958 131 282 1049 857 186 1270 1141 1226 238 735 923 37 866 1165 535 1330 842 313 96 993 428 1005 59 1300 887 312 391 1191 1071 359 89 1226 1191 1191 472 922 906 850 807 1321 823 1000 1165 1159 1008 836 74 1385 328 330 1375 399 116 672 636 491 89 1252 4 877 478 869 131 1344 1052 869 636 1072 849 823 977 1165 923 1175 282 614 1102 981 1275 5 140 34 1102 282 192 1102 377 923 490 869 1187 920 288 355 923 1102 823 376 74 1362 636 1020 993 397 89 89 1121 1102 1362 896 17 1362 474 89 923 282 1362 1272 1165 272 1080 89 203 1390 682 804 362 410 896 170 456 636 96 355 11 155 867 1344 1226 379 1175 1226 391 89 496 823 823 1223 992 1105 513 131 96 825 343 824 340 391 823 391 1317
233 810 240 198 1359 531 652 1222 959 1296 76 99 113 822 264 366 597 318 190 597 1413 854 1145 262 950 1243 851 971 1416 1193 736 545 134 17 664 597 1182 1368 368 840 480 1161 139 730 43 208 468 46 469 622 1364 1421 1406 395 1125 1151 139 53 1275 438 1411 1136 597 526 545 1083 295 526 635 1354 1011 840 301 1051 597 467 148 711 80 1207 1209 4 597 804 215 1000 165 141 1161 233 580 702 499 99 1266 1294 545 665 594 113 389 44 262 930 833 794 1049 139 462 882 59 682 942 89 833 851 1363 851 910 45 971 1038 963 683 53 30 1118 318 415 1285 88 857 262 301 555 1161 182 584 632 864 597 545 597 158 346 1325 215 1161 1364 215 551 1016 1161 295 804 187 1161 1051 645 662 753 1328 341 959 1376 971 730 1051 473 1405 1356 45 949 1051 482 48 165 622 17 449 597 480 1038 1312 1051 86 1363 597 1055 113 449 730 214 474 286 551 1277 522 95 106 60 1296 653 360 450 730 1038 959 1209 1176 11 910 1417 134 965 618 240 1325 262 767 1293 139 556 113 1038 495 158 233 907 1326 1051 165 548 74 291 772 1004 1011 1336 1251 70 990 836 545 789 930 1358 851 641 857 702 98 1363 954 894 64 215 144 1051 53 1161 3 736 360 593 1158 759 721 198 942 652 1264 1293 836 480 1209 942 989 190 1261 840 597 1373 301 495 609 1421 297 854 1130 539 840 262 971 295 597 679 165 1161 485 165 1324 280 130 84 1038 1413 310 517 1161 1074 1074 597 295 1198 1125 128 130 1161 1038 1130 51 822 56 1004 572 762 80 233 207 597 113 598 747 690 832 190 234 301 730 134 762 1161 1115 174 441 468 730 1038 851 165 98 169 1038 301 1038 652 173 1161 1049 53 807 650 365 548 1051 1000 789 490 1252 1268 875 1336 1275 789 1324 499 952 913 969 1051 1125 1209 730 635 1283 687 730 460 840 431 884 974 499 98 714 1267 1038 59 772 61 597 297 730 815 259 140 190 142 113 997 1079 120 1051 972 854 286 153 1112 526 1312 449 289 971 736 1325 884 144 851 545 562 772 297 652 473 1275 716 190 327 23 97 493 1051 1194 730 1016 59 730 971 1249 468 476 924 1051 597 59 773 652 730 1167 730 966 289 730 1403 1232 415 875 1302 545 318 196 567 730 165 301 354 1051 106 1228 497 1051 106 545 734 99 1051 942 303 804 10 629 235 404 971 217 773 1051 297 683 1098 318 13 652 165 1296 192 190 762 106 1026 415 1256 500 289 1325 897 41 597 220 415 993 597 144 166 165 596 499 1026 928 233 400 327 295 566 1018 589 145 652 840 911 1359 877 415 900 21 551 1051 675 415 767 289 1038 565 1283 959 730 1420 715 1188 854 1038 1139 736 959 114 643 546 741 597 130 772 1285 984 98 851 1038 712 1387 262 165 262 1161 1283 730 23 907 360 1051 275 301 724 88 223 942 295 174 597 212 1007 80 223 672 994 847 25 857 1376 730 1051 804 545 977 262 1392 99 1368 730 6 499 683 891 1051 295 1386 97 579 551 442 1051 165 1051 301 158 813 756 1354 1049 404 1280 1161 1038 536 1296 120 113 134 730 190 318 1145 88 426 181 1038 1051 730 94 597 476 73 553 829 415 165 45 1209 652 1238 495 279 730 954 290 531 1004 190 772 641 64 1179 140 652 295 1325 274 1051 1325 578 687 597 23 759 1267 1120 433 679 231 730 875 23 930 262 1209 772 548 597 64 511 296 1161 290 98 140 1161 1038 3 659 556 219 897 17 1139 597 1038 235 87 190 275 6 977 994 1139 857 734 1324 297 1038 134 31 465 113 1035 1038 1378 629 840 262 931 792 387 106 518 744 389 282 1051 148 1324 158 789 307 907 597 1092 1411 1049 1325 618 220 1038 289 736 94 325 279 1267 1051 262 165 45 604 854 134 72 1125 730 98 1315 106 597 442 804 55 730 907 415 379 730 1090 449 515 99 1212 930 979 1420 429 31 749 310 183 907 1161 877 165 318 1394 468 772 762 594 360 295 597 1161 295 1130 56 51 1037 840 1139 17 1204 6 871 302 190 262 753 1139 53 1351 1051 1161 1095 1065 1354 1051 1038 1292 657 431 140 545 884 736 1051 712 1051 228 1188 1049 600 1051 295 371 98 597 190 971 301 473 460 1051 64 669 852 987 1051 597 884 134 1038 1217 165 364 1139 1210 1308 1209 636 344 736 730 142 1038 1161 442 867 1038 145 743 64 1145 934 597 1038 1247 1207 158 1086 907 1430 50 1405 165 1210 597 842 840 1208 165 1049 736 1161 158 295 1051 1139 11 1268 597 739 610 236 329 295 1207 864 1284 45 1161 1185 130 1049 304 1363 551 1038 563 415 730 204 238 1136 867 36 736 330 1161 31 1038 499 597 545 1301 301 1161 431 730 942 762 1296 1161 597 215 135 165 113 262 730 652 1354 379 415 289 597 139 1295 520 190 72 730 871 340 456 449 1296 930 850 104 730 1038 295 412 942 1051 181 495 597 295 593 1051 1007 597 607 295 851 736 301 549 1283 295 1038 1161 670 302 851 1349 1139 687 652 113 343 1051 804 1056 875 365 877 664 266 360 281 290 1161 1059 892 235 579 884 329 1416 378 1161 473 1051 173 1363 288 942 1139 859 113 545 1049 1130 702 80 504 1296 302 113 1051 789 538 851 1210 1038 1139 730 73 1051 384 1161 517 597 1376 289 64 289 125 297 1051 562 854 851 1038 144 165 921 1258 907 851 264 1294 1376 201 718 961 1051 730 132 920 1145 804 959 23 1289 305 598 145 134 1051 1046 1363 1051 925 790 13 92 360 23 5 179 1343 854 170 551 683 1338 468 1389 389 711 730 104 1161 57 469 1354 736 959 346 1025 1161 1120 959 736 1167 1212 134 579 597 767 1209 170 1201 460 1256 598 1125 711 45 963 324 1125 198 1312 959 1051 1086 415 138 1208 1038 551 368 730 545 683 1089 1352 339 98 825 1051 1072 1148 517 148 679 730 955 495 1051 597 269 1051 460 736 551 699 415 301 19 551 1296 51 276 415 977 579 1038 415 1051 89 120 551 1038 597 49 1085 233 53 1209 730 415 1313 772 190 1419 297 148 110 1161 239 1194 223 1050 198 124 683 854 468 253 665 1133 736 1051 1209 805 37 148 389 772 404 128 847 134 597 97 730 840 730 930 499 1051 894 262 857 579 1139 1411 971 911 1038 113 189 947 499 1167 389 389 452 447 623 579 562 452 151 157 981 233 597 1008 942 545 223 971 130 1295 1188 945 1064 545 1363 203 17 1324 150 190 1136 930 597 665 1064 64 1039 736 1051 858 898 597 316 1207 1038 1248 297 1051 1049 80 267 851 1405 703 1375 112 106 104 415 1161 673 88 1051 1078 1038 1049 1147 194 449 545 113 1038 893 606 545 190 1088 1350 636 297 840 360 449 1124 301 1383 503 276 389 1051 1275 1097 339 295 1265 499 139 429 204 1209 791 1281 981 460 1417 597 190 748 449 788 858 884 594 730 289 597 730 389 290 647 1038 1038 1247 1354 1269 79 736 1101 517 234 64 1080 1365 1038 1092 515
186 164 1265 842 1180 321 880 529 772 470 511 711 652 1113 1197 919 362 778 1056 247 1310 286 85 948 822 337 1175 1275 286 127 722 171 1159 1073 1062 857 723 230 763 1159 772 1243 1049 382 703 239 1126 180 204 287 1051 455 721 252 382 1201 287 171 448 1201 448 362 356 145 287 1263 1214 179 1201 1201 1201 105 1256 444 287 99 783 143 321 1076 193 337 8 589 845 291 721 920 1243 186 429 14 481 802 991 1104 812 812 171 652 1214 1271 991 352 524 12 1175 497 256 586 344 1294 657 1152 812 710 144 1201 1100 610 321 7 171 1256 465 959 1263 340 1031 1243 1418 796 277 1256 374 912 752 818 282 340 158 79 1198 18 812 378 1275 121 553 1121 920 579 1243 796 362 1201 1243 340 286 1201 586 321 418 772 674 447 740 734 337 830 310 598 652 574 868 448 497 1271 830 1241 812 966 518 180 340 321 164 1152 374 1201 1241 740 1201 252 1030 256 239 209 31 1415 1092 1252 31 359 466 740 290 891 1214 1241 515 1214 880 84 476 1263 158 481 813 1049 414 812 567 1201 1198 1397 685 1159 142 1214 256 643 195 286 1288 769 171 575 171 469 779 732 281 812 337 256 341 1331 1344 637 570 239 164 677 1393 47 1275 532 812 541 1243 1291 1201 297 1248 1379 374 1158 1101 657 740 445 1121 1230 1002 193 657 546 812 749 1201 488 171 1256 1397 1237 359 1243 362 481 563 1342 1243 722 540 1131 482 721 1243 466 721 396 164 178 1008 256 1201 1058 386 1243 1085 1393 286 796 586 382 839 934 1243 1198 233 327 171 528 171 1126 601 520 1182 468 357 1201 844 374 256 438 812 433 1256 180 1159 31 290 541 652 363 532 740 474 136 1129 1347 586 256 1256 7 1301 1420 1243 1175 541 230 360 1162 195 448 1417 337 161 925 647 1377 143 1031 645 977 481 1252 1198 542 1159 936 193 740 1064 1169 1057 740 586 1144 959 652 523 447 395 286 1074 7 1092 696 1062 215 180 791 8 1242 291 337 566 1201 678 89 378 340 990 286 523 992 1201 13 914 1241 909 105 1201 141 652 286 849 448 1094 25 239 136 335 601 926 1056 146 601 1016 796 448 522 180 1210 812 740 321 1319 208 1313 466 812 779 437 812 740 498 466 740 429 909 791 119 1030 321 727 476 256 223 786 1014 180 158 1256 31 1263 1415 1201 438 1159 1415 256 1147 589 287 657 1000 1201 584 1201 171 297 598 466 1187 581 957 586 53 1214 918 671 158 914 1121 398 69 1316 59 105 1189 256 909 62 193 1151 812 1352 538 920 1092 812 31 687 979 481 298 794 336 1021 815 796 31 652 230 706 894 1067 171 1060 1088 7 1201 1408 920 287 586 105 497 909 1198 106 1169 772 1018 465 466 947 286 256 1352 1201 409 541 909 171 830 1212 632 354 31 641 1379 136 920 969 741 1101 171 322 290 1169 740 687 8 812 1099 1201 1256 967 1418 560 657 796 1201 448 256 351 1372 171 830 666 926 89 796 674 740 979 448 256 876 362 812 589 1190 740 716 103 586 151 812 214 586 1299 256 920 920 287 1201 287 601 845 879 687 1201 1175 284 561 256 921 1201 1404 1290 652 1291 374 337 287 1277 301 818 969 7 340 740 354 1131 31 1213 932 1074 321 1201 69 193 334 589 1397 127 1056 466 920 321 171 1243 512 1243 1263 1121 291 740 796 627 721 979 359 478 1057 287 1201 1167 1074 772 652 27 60 791 1363 795 202 297 779 398 195 362 1263 54 519 291 158 1184 291 1243 7 362 488 1263 601 193 830 786 1131 1198 359 1337 1056 31 338 1137 721 1275 796 336 1392 105 256 1143 871 1203 652 333 514 613 1030 911 486 1097 481 1308 855 818 1201 1214 310 58 673 395 890 830 37 8 286 171 747 171 172 256 589 256 909 256 624 171 759 1074 340 319 1201 904 1308 286 1291 1392 898 358 412 772 1415 286 779 195 481 1318 8 639 922 696 456 1241 1235 1386 1159 281 458 753 1214 740 696 1071 171 8 1243 899 1201 1046 893 1124 288 286 639 830 488 286 1243 796 297 508 1120 1214 843 1352 125 337 615 449 111 210 1000 398 229 541 333 448 1243 766 1023 1201 1028 410 751 816 700 291 448 652 473 256 749 251 660 382 1175 286 1415 979 635 1379 1322 979 523 1256 546 586 448 1263 1399 668 1291 340 286 1201 1291 7 659 652 164 742 337 812 193 1099 1107 448 696 566 270 788 17 823 590 706 177 1263 1234 1307 287 621 821 775 830 286 1056 77 201 589 652 1188 286 587 366 12 1201 398 536 1243 665 796 449 287 613 337 818 812 721 337 769 486 892 340 1393 171 1107 722 1118 969 1418 164 256 1198 979 105 740 1376 1201 1075 1402 158 448 1331 1243 965 841 1135 286 287 1196 601 318 31 740 657 1096 488 290 16 1275 449 1201 652 448 374 1197 1201 466 105 909 1220 720 1044 563 812 908 791 461 835 448 1241 1232 1244 579 158 740 362 566 203 657 398 1243 1397 1131 796 291 1398 859 1131 1243 321 321 783 1252 76 1169 796 1198 1243 333 1317 660 586 256 1057 1325 158 321 362 1225 820 1044 126 635 105 510 830 690 812 1243 910 244 991 812 1201 675 541 1256 1155 579 287 537 164 322 657 287 158 652 256 398 233 18 321 89 337 1317 652 515 291 1176 1331 740 105 1261 740 750 340 374 1243 386 287 674 909 1263 909 8 79 1159 52 118 587 1198 182 200 1400 544 8 1112 941 321 674 772 280 601 340 601 779 650 1310 448 171 892 374 1201 1214 706 1291 1159 1243 174 340 171 643 1001 239 1306 823 359 1259 1172 1032 643 920 586 710 208 627 1214 1023 180 158 1243 374 747 1201 1075 1272 1128 337 1243 466 772 783 1101 171 1131 1275 286 321 1214 1210 731 586 132 796 52 406 939 171 1236 1158 842 526 772 448 687 321 31 6 541 920 487 791 448 586 1154 531 613 1057 733 448 864 1069 386 783 920 1056 158 1397 812 639 1158 256 586 1201 920 1189 105 1256 1199 920 355 589 917 105 1092 1166 367 321 256 445 158 920 1198 50 337 210 186 541 1214 740 394 967 696 696 967 816 783 1019 1243 31 730 674 749 842 1406 586 286 208 683 1290 1052 1331 287 1214 1214 160 783 1214 769 78 1201 601 1291 1131 12 740 793 180 830 318 448 359 874 796 812 816 1391 1357 1201 1198 218 367 589 481 1281 1214 1214 496 163 202 1379 791 297 297 1129 274 186 818 122 657 448 171 796 497 337 584 687 40 448 164 29 125 375 584 696 749 1279 488 1290 257 1263 969 549 1159 12 969 585 171 725 1198 722 796 287 1175 321 1101 1201 828 571 1198 769 886 158 321 1243 158 1418 448 54 901 398 823 1239 1241 448 652 151 1311 663 1099 696 297 1266 207 830 274 1243 1241 812 1256 200 1099 407 1214 448 321 1099 1214 796 970 481 683 44 1376 193 382 338 274 1256 668 680 696 1201 1241 313 1243 1201 1159 791 909 286 1069 1214 303 1260 1198 7 510 1201 401 214 1201 1201 386 31 1263 1400 1214 256 1214 777
1060 659 532 645 1029 117 679 391 1334 636 370 1079 1227 834 766 213 843 1239 1051 184 160 784 563 579 1155 1262 1121 1384 39 770 1261 944 170 1291 775 1230 1063 1360 622 961 594 77 77 209 17 373 776 151 1294 1347 1015 1116 985 900 547 462 964 502 974 717 1261 843 297 466 170 734 1261 1164 1360 666 112 96 481 961 961 1090 594 996 89 444 38 396 784 253 1261 1052 480 1025 1421 1212 151 508 654 702 122 763 1062 574 502 1227 450 851 122 645 1294 515 1121 229 101 691 573 961 481 644 329 1377 351 473 1197 105 1261 1261 502 1377 457 34 383 1358 339 1025 1036 1261 1198 481 1015 1421 353 476 620 726 1236 472 1015 418 949 46 738 1421 1015 738 484 165 1421 729 843 189 1421 843 212 726 716 1058 1384 1334 229 1261 1075 1062 297 246 1171 105 112 1062 561 939 490 1154 77 919 1310 594 974 533 843 319 695 784 473 1227 919 1075 1360 993 966 101 1090 1356 450 1272 1294 1298 450 1326 1281 209 1015 1278 450 368 341 726 149 356 977 1146 1415 654 291 170 66 738 730 1227 944 741 418 883 79 1159 101 1015 1094 1294 1164 1224 502 947 502 638 1048 1294 345 1062 297 101 1237 19 151 1261 1084 674 664 1261 1062 96 1384 297 843 457 1421 852 1261 375 1079 450 264 738 158 1261 365 677 1261 1124 545 1113 481 734 1339 1387 859 1261 502 774 741 762 1326 297 843 96 319 1326 297 1261 784 784 940 480 1421 1281 480 323 457 351 187 101 306 1007 1384 1421 1014 67 784 1261 1295 1314 318 351 1421 1232 90 1075 502 1289 502 776 513 964 1180 112 533 1227 1036 215 101 351 946 433 481 1075 74 450 1421 457 112 981 602 209 96 473 1273 272 287 101 481 533 171 1366 1421 1342 457 1360 208 1109 1094 1062 372 297 428 1119 738 687 1348 770 297 323 654 96 916 225 1062 533 198 209 1221 1354 38 209 101 1326 598 1227 90 170 347 1101 1169 944 629 151 485 1376 165 209 738 297 1429 533 802 1227 1076 677 1043 1062 1214 784 90 218 726 1261 533 919 410 1261 480 237 1227 297 473 1062 209 1317 55 1019 907 190 364 1310 90 55 876 1261 1062 14 1075 802 931 209 1261 1005 170 450 1326 1062 200 612 377 450 209 1281 209 152 501 209 1261 583 339 1196 1072 101 1101 39 784 1075 1015 481 450 843 1031 1036 406 663 1 101 309 86 1062 481 1240 1014 174 112 502 339 1261 1281 344 961 165 1377 114 1071 323 184 1015 92 1124 297 324 585 170 339 864 101 1219 651 76 282 297 1261 339 1275 1294 339 450 480 1115 654 126 754 1335 1294 171 618 360 480 1360 1430 1236 1326 502 1062 1396 944 77 422 484 1062 252 1174 1254 498 944 1104 323 1334 209 1078 286 1090 784 101 1215 1261 1226 457 170 502 186 686 351 1166 450 823 415 794 484 477 533 1015 502 297 1421 323 1075 97 375 946 961 965 504 1090 950 161 1261 885 112 533 101 1327 978 502 920 1015 961 252 165 1395 1075 843 1015 101 1346 843 297 1079 651 1075 177 654 1377 1020 1062 1135 992 1159 101 484 484 843 480 1062 319 418 257 170 985 1121 1387 699 1421 944 1104 1149 1009 1227 1122 264 1014 462 346 46 1090 444 533 843 209 1209 1015 450 1354 643 607 319 480 105 68 784 297 741 1019 1310 1281 70 319 502 297 574 1037 738 802 324 398 1261 22 124 909 1326 681 474 1362 692 743 689 594 1385 351 80 209 160 1079 645 375 1268 1166 1094 843 1094 602 1164 77 1415 376 147 1421 944 843 200 7 1079 155 1074 546 153 533 1326 726 1310 450 1396 1421 943 738 165 1294 323 1322 101 1015 1033 170 1227 70 944 481 966 1326 1380 533 654 670 469 1090 112 450 1327 105 662 323 418 297 249 418 784 502 1326 502 1419 101 468 351 1140 101 180 502 431 624 1062 297 480 105 1062 784 1183 1036 1104 70 1294 594 1282 784 46 1301 654 1281 822 985 1391 297 1396 919 1235 475 961 645 128 974 450 1310 465 61 502 598 1421 247 112 533 329 1124 1412 1270 187 1075 1261 784 1421 928 90 1104 295 365 1326 338 186 565 323 1057 44 614 297 565 581 457 70 1062 1421 1265 152 269 1062 944 1164 1130 225 847 843 112 297 101 316 978 1369 536 1121 1030 169 1135 847 408 170 297 1261 481 907 767 843 297 924 654 1183 843 784 1227 1311 944 850 1360 1286 170 1281 241 231 961 5 1261 946 159 944 1421 171 398 944 1321 1090 160 669 152 1119 944 862 1073 90 1422 71 748 1282 1366 480 950 784 609 1326 515 480 895 91 1421 418 765 843 1198 391 346 1261 160 1005 765 1224 1261 1398 1290 96 105 1421 918 351 619 1195 176 101 944 1107 339 1075 1037 1233 1410 948 1155 96 907 1421 1033 533 654 784 1062 300 1261 1421 450 423 481 985 170 77 748 738 1215 480 1227 862 264 96 289 160 339 993 170 1381 482 457 1051 251 209 1214 789 1273 919 866 645 165 694 1075 843 1234 160 481 297 77 741 740 165 571 1062 1327 784 1410 1261 739 1261 1250 986 385 453 944 1421 70 88 1079 1349 101 120 398 862 1014 1062 150 96 116 502 847 1255 637 297 502 863 1421 593 825 899 946 1227 780 457 997 1421 724 1015 1015 789 297 481 1079 1174 1227 101 1415 90 96 319 497 1133 88 1227 1062 297 455 198 209 96 96 209 738 843 264 1421 1384 921 98 1159 286 474 1387 165 1062 592 961 473 944 373 44 847 170 446 932 38 357 1373 594 1206 190 1062 96 210 76 1304 1015 502 1079 264 1360 388 877 19 1062 371 1261 843 502 566 1253 1060 1261 862 1326 1079 684 1064 1014 484 1377 590 170 96 450 748 1079 1415 1421 264 603 87 1261 170 1079 958 71 1281 1334 594 158 502 1015 738 784 319 388 1323 1051 622 471 1261 1104 748 105 502 846 738 724 1410 1334 843 180 319 165 632 944 484 679 209 1062 1377 362 1119 481 270 44 1062 457 1079 1384 594 738 1310 502 741 843 1014 305 101 1005 1261 484 670 339 481 502 484 161 875 187 339 1294 171 944 319 101 1152 1322 484 944 96 1224 834 1029 457 450 1075 339 674 1310 297 674 55 489 226 1421 450 1366 502 1051 1040 413 1377 1139 170 1261 1327 71 502 1062 450 450 920 594 450 1166 1214 502 190 1183 784 515 1075 1326 209 732 654 1062 1326 896 1261 946 1260 1188 1261 1360 944 1227 1384 1015 654 1326 450 450 943 1100 681 38 209 90 90 225 1327 730 590 1281 481 1015 502 1261 351 1215 346 1049 374 1062 1205 94 186 323 742 297 120 645 1261 1327 1261 738 343 961 1062 515 1267 170 502 737 944 1261 165 1062 1121 319 1062 112 452 738 1232 587 863 1227 319 1421 1415 360 1062 169 974 220 652 964 919 1062 1227 1062 1000 483 961 264 226 70 148 323 1326 919 919 1062 481 122 961 1271 1326 1062 190 961 1333 1261 1387 654 38 493 1037 843 1389 1222 1351 291 956 763 946 1360 919 46 654 112 1062 209 304 784 1075 450 1196 475 944 944 862 1370 204 298 1261 1360 1384 433 738 788 450 101 450 79
1158 457 827 1384 40 1301 1340 92 1242 567 367 105 1054 1082 1114 1415 848 1091 105 511 542 219 221 373 499 376 219 311 765 1227 1024 397 1407 1124 715 1165 373 214 72 105 1340 1114 1340 547 937 1224 568 1209 593 991 1197 1430 987 507 1417 944 279 559 1252 1382 105 128 1042 803 1391 662 956 351 214 941 1339 747 443 14 1114 1009 1347 255 1179 1152 1024 357 1042 1109 931 366 589 1381 289 808 103 1201 1266 128 1186 1405 105 206 539 214 1024 752 1186 563 460 1194 911 1109 1197 199 745 839 443 738 378 937 1072 984 120 165 1179 1197 1114 199 1198 511 966 832 932 289 1288 1026 436 443 1201 626 1070 284 158 664 397 31 1391 121 735 1015 357 648 1201 357 1309 1295 289 59 397 1042 289 286 4 214 199 1179 188 273 892 1252 803 397 970 467 1109 165 139 784 843 105 447 800 40 422 848 454 1197 284 338 1179 403 1006 803 1054 422 803 214 1034 706 1309 1268 25 496 72 848 679 496 430 289 803 397 876 1024 1186 1064 214 1300 1201 642 503 879 1252 621 116 1252 279 128 288 1391 716 1260 554 364 1024 694 1197 784 1126 1313 573 1090 764 1114 1088 488 851 219 848 1072 397 327 1114 693 1026 524 175 555 1210 521 1114 931 23 848 1198 289 1417 1252 1286 8 665 803 600 1128 443 1414 898 357 1139 1114 1024 443 756 308 1362 206 823 1368 443 1400 1313 1127 1252 848 1233 1179 575 1286 1252 1373 542 1011 854 289 289 859 1407 709 1268 700 694 214 1384 383 289 171 937 219 59 199 364 1112 1428 289 611 1179 806 364 304 125 5 1373 592 21 495 284 214 1409 984 550 192 55 605 443 1286 422 496 157 402 1032 643 902 803 1114 1098 267 447 199 1197 443 397 848 602 289 297 1198 214 58 1209 784 105 311 360 284 362 1124 747 411 300 1119 593 930 1042 1044 1161 105 1114 1024 803 1189 1033 716 803 199 575 1263 214 397 848 118 410 74 1391 884 693 1286 1338 1252 984 884 1263 753 1114 538 214 39 1417 651 848 1234 219 1324 496 214 490 284 40 384 1252 941 547 214 1172 984 105 984 287 1252 1057 246 1001 818 1255 969 1109 1026 1263 105 1175 803 801 854 803 1179 40 756 1362 575 105 1024 884 308 416 984 289 803 904 384 984 451 181 1179 747 199 397 832 527 542 803 1201 443 496 848 72 849 214 848 72 138 884 128 266 443 426 397 711 288 1160 515 1252 289 214 1094 1252 199 366 779 1315 1114 289 621 357 1114 984 145 452 1179 339 694 384 1082 1339 196 1048 284 56 884 848 487 496 37 1357 959 926 200 242 460 423 59 346 141 954 1062 984 575 366 40 134 397 214 1197 578 848 199 1179 1009 384 1391 554 1033 725 984 957 1430 172 1176 694 407 848 822 107 101 920 570 1073 615 57 38 574 665 1188 1391 394 284 1389 360 490 289 1033 803 856 692 1119 848 105 443 255 1288 884 1367 59 1054 105 848 1320 587 1114 1202 1201 839 1245 1026 892 803 1357 105 234 713 848 938 128 926 803 103 1366 199 354 848 72 199 926 848 578 578 279 1203 848 1179 571 612 1347 941 219 890 1255 289 1391 684 1285 311 214 1417 803 848 848 5 1288 1164 394 397 234 803 1062 105 748 1175 925 253 1179 163 165 1024 1197 1170 645 1008 803 853 7 1179 869 376 860 693 489 357 753 1114 59 1391 1201 1357 40 785 188 1389 573 1008 164 1384 104 608 440 803 747 272 662 165 1024 524 784 397 71 501 64 40 879 105 753 1391 1391 848 628 488 472 465 40 655 105 397 379 214 984 595 1061 1289 789 53 1026 1389 973 241 1197 128 1060 1333 214 861 397 1188 1205 575 105 284 1306 940 72 817 789 1362 165 165 116 761 268 421 834 1073 1098 252 575 1007 803 1114 1083 1358 442 1197 196 160 1338 34 518 436 1034 165 590 219 1417 1022 364 984 1098 1384 72 219 747 1340 166 803 66 1179 1179 984 124 678 1271 105 839 933 134 1197 1024 803 355 848 1090 692 319 311 214 832 1202 1201 860 1425 214 1286 1252 219 223 1357 742 45 288 1024 575 407 40 357 903 241 284 304 1064 397 1320 1198 1136 105 1238 1309 734 941 1081 1391 750 984 791 753 105 1054 286 848 11 234 677 364 911 256 918 1357 1250 665 1098 1109 1252 443 1235 199 105 1165 1186 126 1417 177 219 288 1417 266 1430 506 354 1407 1152 1069 1024 839 926 105 692 1057 397 376 848 1109 397 1187 817 72 1059 1331 612 1391 45 1152 1417 1222 1202 397 277 1294 214 984 219 134 575 193 724 692 40 432 4 59 701 655 1373 215 1389 613 635 984 58 59 1152 807 397 165 72 1080 322 1197 565 1347 694 397 1357 1179 803 1177 288 128 130 620 105 858 289 214 284 1193 1165 848 629 484 289 496 175 930 628 1114 1114 1339 884 241 236 1054 105 803 1114 941 853 1179 384 1098 279 884 174 984 1197 984 278 1201 536 1290 621 63 1109 206 1286 848 38 747 1097 1197 289 1159 1401 59 153 848 1072 105 390 1179 1179 1347 1424 1375 1033 59 397 1125 7 721 1109 816 1197 735 78 1201 397 848 1340 747 747 870 446 448 157 1286 231 1294 289 616 1084 1388 442 1054 465 232 443 289 534 397 1201 1 489 443 194 464 1054 848 692 272 227 1179 214 357 26 1054 234 178 361 1114 984 1114 984 984 931 234 803 289 604 1389 892 384 803 384 909 1252 105 766 941 565 1391 800 284 1084 424 884 803 1127 1179 892 1384 777 959 848 1294 1024 1197 795 105 976 56 803 214 1024 621 1417 105 937 1197 528 383 984 311 1058 1197 289 436 301 1325 104 1198 1309 199 85 154 1114 27 1270 1252 879 289 550 214 941 1152 715 1098 1082 289 853 1061 1347 920 1130 105 1412 219 1179 1024 816 1217 199 937 1026 847 1095 165 1208 937 600 600 66 1384 105 478 1179 1283 1237 1391 578 577 803 105 297 771 36 1349 242 284 105 655 803 476 1347 931 803 1298 233 1114 390 600 234 199 105 1309 1120 1179 199 293 7 1416 121 859 1179 444 848 1349 1179 848 206 214 1309 1391 397 1079 953 628 1198 1024 984 121 651 926 1332 820 1252 1347 1429 289 884 547 853 451 760 988 199 219 128 68 565 289 1114 848 1024 586 635 1347 1024 693 968 105 1266 1417 542 849 803 575 803 40 1098 105 1339 1108 1026 361 655 1051 1252 214 397 237 502 1109 1262 575 713 290 1234 818 1069 1114 984 603 245 652 1122 207 11 853 117 105 1114 1252 694 984 84 1382 199 105 1326 1234 40 250 1360 693 128 1197 59 534 736 215 1197 1340 247 16 394 491 1419 1152 397 1080 1026 1389 219 1179 1014 288 142 931 611 1177 261 6 1179 685 879 1288 105 925 1197 1401 1109 618 422 105 1054 1391 1252 222 105 848 938 397 1111 1252 575 274 422 1294 443 1401 839 1197 575 105 1179 839 456 59 1323 525 1340 565 1067 1024 364 1373 1122 199 33 1416 655 214 422 496 1316 45 1073 984 384 219 803 1024 1114 1136 1391 1391 105 941 199 199 1340 214 782 221 397 385 1024 848 1024 937

proba init 0.15 proba clean 0.2
528 1070 1370 338 1151 405 823 1368 1350 577 1148 792 1232 1124 689 724 891 716 1080 956 1223 1151 1349 78 824 774 1380 878 10 513 1418 970 618 233 1348 1165 1306 410 963 1311 237 1240 948 876 1102 497 1389 77 358 1015 970 830 1373 1258 1356 1061 258 358 267 220 1311 822 963 963 891 965 570 175 410 1 1232 973 1268 828 716 1085 1146 1397 9 77 1304 249 826 765 723 975 35 136 90 666 638 1014 685 1361 422 878 1311 716 576 410 570 716 1057 433 454 943 1380 363 73 756 14 448 792 315 865 751 546 1300 1223 812 388 1344 1240 1138 819 579 1014 862 865 67 560 256 1305 1268 716 520 1258 666 44 394 716 56 73 242 338 721 517 290 371 154 136 792 573 187 970 1337 1415 861 1143 410 112 74 878 1350 1357 267 1327 73 826 626 49 812 1349 477 826 1311 1409 338 233 716 826 770 823 1167 716 1269 1070 1121 638 35 579 876 410 1258 1180 136 1403 809 560 533 834 143 560 352 1223 876 685 1350 570 1322 878 570 1344 629 698 1194 876 267 210 823 267 517 1367 1232 685 604 202 638 1156 570 691 685 1041 1156 1356 868 576 1400 1240 1048 1342 1324 656 891 556 716 737 1240 370 348 28 497 1070 707 776 823 878 1156 862 819 73 1356 1172 117 751 96 692 473 920 792 823 1377 203 656 1240 344 792 644 865 359 1221 823 576 1268 604 638 352 267 1151 790 1269 228 963 506 712 1274 913 35 1388 1223 35 709 819 964 562 136 924 1025 1253 1339 73 1329 41 187 975 550 1370 964 482 970 790 1080 576 865 576 765 1333 258 1351 1099 156 410 497 1207 322 631 338 933 792 876 17 560 1351 819 1232 1156 1389 876 1240 359 367 834 112 73 792 1090 973 1062 1178 269 819 410 1156 972 1041 1311 1224 583 1203 1391 1396 345 1297 816 268 1040 562 716 882 7 1311 1264 319 876 559 1422 407 876 112 891 1156 35 180 618 1258 996 1351 1344 826 370 1355 481 267 876 826 2 1201 16 88 410 1075 1194 326 725 1156 755 180 560 410 792 1292 497 92 1277 716 948 410 1156 1249 1311 876 411 267 726 59 1333 792 834 358 1333 963 256 1311 1140 948 756 963 948 1046 1407 1389 926 267 1311 187 505 869 1047 876 1223 948 286 92 876 60 537 958 345 112 823 823 561 984 948 716 1268 560 823 533 1263 821 862 533 618 7 792 823 792 1156 1232 970 1232 576 116 140 1223 821 1175 267 112 848 570 1195 1370 1297 823 730 963 233 2 374 357 1156 691 92 518 1276 1324 1225 776 1190 699 547 1156 560 35 61 736 823 165 491 454 1376 187 560 35 410 403 497 829 576 100 859 1344 573 767 136 721 112 277 1276 92 970 131 1422 1350 876 1060 1001 517 241 136 233 716 576 819 651 1383 310 1356 964 269 560 1328 834 423 136 1379 1313 1344 247 963 573 1422 948 96 963 997 823 716 1400 812 246 902 792 187 1232 1311 716 589 933 1240 826 504 1044 439 812 1357 876 240 1311 716 768 963 698 792 561 876 479 1063 112 1175 721 1311 112 1115 716 136 136 823 35 823 1333 523 1152 1266 1 179 359 301 396 970 501 497 540 410 1356 426 823 862 643 721 114 912 1344 896 876 826 108 560 467 1402 1406 935 35 812 557 823 576 604 816 876 1223 136 1269 576 963 1091 370 517 418 305 823 187 1317 1169 822 352 19 407 891 716 73 1235 237 1383 1008 924 876 1223 716 157 352 213 564 1041 138 350 23 1064 748 267 674 541 748 970 507 104 716 1333 440 233 1396 383 970 352 410 16 560 902 1053 879 878 256 891 1119 521 823 229 169 1231 1211 661 970 547 924 955 1037 1264 790 188 1287 847 1232 570 284 812 1146 923 1155 857 246 415 819 1161 468 576 267 716 963 79 34 685 826 420 783 679 551 659 35 812 329 726 1356 724 608 876 834 237 533 1115 721 891 514 792 843 1002 1370 267 1316 419 823 100 740 157 555 73 570 876 721 460 576 826 1248 770 410 823 1248 1389 632 1002 821 221 267 1187 1348 187 1061 509 537 570 352 1396 233 644 181 521 46 716 716 692 1368 819 1210 1311 192 1186 1240 1 951 371 1054 797 85 1116 1311 1232 668 862 1348 721 338 293 1380 1156 866 187 1116 96 834 1146 267 1268 780 1138 1311 1014 1123 878 1356 359 243 1232 1356 107 453 410 1070 1396 826 404 1339 571 274 1311 963 300 73 1010 973 1031 970 403 1148 1223 65 1175 329 970 609 530 1356 755 826 331 869 792 410 1222 1193 90 563 1239 35 260 233 495 94 187 671 1396 47 774 891 1223 646 721 721 187 77 901 891 812 19 1246 964 1048 664 1070 691 129 822 279 948 1309 1232 266 939 1002 1311 832 573 821 1264 829 509 721 1326 1333 14 497 948 792 1002 823 1240 1383 878 521 35 1232 1311 37 1344 1 1223 1218 92 823 1184 708 819 556 852 876 1304 898 1372 444 792 157 792 584 826 823 960 1223 792 395 475 604 683 187 641 309 792 1121 1339 1324 78 475 244 439 1422 187 970 515 1260 225 583 112 1396 407 145 410 970 823 113 345 345 462 1116 969 1091 1139 576 1280 1293 476 821 161 290 1232 350 819 1350 1359 792 970 1344 1070 1184 792 1396 418 410 862 963 896 810 1269 410 660 1171 1097 1412 556 45 1240 876 1240 651 876 29 537 567 716 668 891 1357 92 823 92 826 267 1311 1337 232 554 818 1156 46 222 187 826 294 252 977 1357 237 1088 1333 618 948 629 1297 587 1311 576 716 692 410 570 403 1356 1311 1102 1344 285 674 721 11 497 823 1031 1177 1429 440 993 603 136 792 625 1389 1362 570 1361 948 52 126 692 821 1 716 549 1250 1348 573 1223 1350 1146 754 576 497 878 187 1324 570 1222 105 99 301 1318 489 1256 812 1390 669 980 1158 1124 237 1311 96 1269 560 1324 685 136 2 876 1311 1051 971 220 637 386 46 1311 1396 670 79 1146 441 826 173 604 1240 1339 980 823 112 891 136 329 175 1268 1297 136 532 1298 821 927 235 891 442 672 862 700 821 136 970 716 721 1317 583 819 570 970 536 837 1328 963 837 267 1146 73 107 560 85 667 619 121 19 112 776 1389 17 727 826 1240 721 570 570 562 1146 570 370 832 716 1333 1356 582 505 108 1078 876 233 685 1311 352 1081 1275 522 1396 1339 267 410 1260 273 79 792 790 563 570 570 1169 1317 19 1240 876 715 516 168 50 408 1320 973 792 1311 1240 256 964 583 755 96 1230 1311 1070 1370 233 659 1346 370 1260 12 187 862 1112 517 370 245 823 204 1149 1206 576 77 970 293 792 1396 1380 1269 1417 1298 569 1011 826 603 1044 1293 1269 1137 285 63 1311 1402 73 327 1031 258 497 1311 410 970 267 96 1396 1373 106 1260 1 267 794 1283 851 1355 1268 1410 412 73 570 1311 1333 1358 570 187 359 377 1240 664 1309 1417 670 231 844 112 538 590 1370 410 497 560 610 1232 30 876 92 692 876 570 1344 691 970 73 927 1 1138 16 1240 410 613 560 517 857 570 691 570 1102
127 73 1285 827 249 150 901 483 429 901 293 802 1307 588 151 198 957 1374 1257 909 758 458 462 1236 1264 1254 252 918 759 263 480 150 1244 162 1085 116 1373 1178 553 1301 1211 14 1028 909 492 678 968 1043 487 1241 150 447 7 203 1109 284 1241 206 838 682 480 1301 539 1184 312 1026 480 290 1178 171 1307 957 1319 688 1241 1279 1211 201 150 922 647 901 808 224 328 707 1291 842 14 127 339 1373 293 493 137 263 113 263 206 971 535 393 1356 368 985 982 252 785 957 147 419 961 1319 52 149 859 792 909 1403 1422 480 150 150 57 70 253 1373 787 1304 14 157 1274 1037 1319 239 989 1424 1172 1152 661 311 1241 150 106 995 312 1410 924 239 901 1113 1147 14 480 150 1307 14 807 1309 1178 333 43 918 429 152 469 150 150 1307 973 298 1422 971 1241 1097 421 971 960 162 1409 1301 263 957 554 1241 150 1172 957 1234 1291 1409 909 1178 203 227 1113 925 948 1375 1093 985 901 1375 578 14 909 150 957 1420 1122 1060 1178 979 632 474 556 11 1205 901 496 297 1037 984 1307 150 403 358 943 53 1420 312 957 331 1373 407 359 206 1109 206 258 1420 431 1300 1241 539 150 70 344 1198 1274 1373 25 1172 201 263 957 918 1188 1241 70 14 1128 469 556 978 903 42 1182 1262 480 1241 787 1274 1300 1112 630 1319 1026 539 1373 263 480 175 1319 731 1367 36 469 1301 619 1353 1145 517 480 1167 691 1185 1291 14 14 1291 221 335 792 1371 1113 957 328 918 14 1042 358 458 480 57 1109 1285 792 14 150 619 677 206 922 206 992 804 1019 127 1307 180 1178 1366 909 485 792 909 619 1319 909 605 619 904 1212 1307 952 83 909 957 913 56 197 333 150 1319 150 151 1355 14 358 70 1178 596 70 331 1241 1199 348 474 949 1037 666 201 1040 539 221 1205 1064 748 365 1241 963 935 909 1307 1278 829 909 57 1132 1252 971 1115 187 1268 879 1065 507 580 1198 988 1097 469 909 673 7 200 1019 1027 1178 575 298 679 934 730 262 619 1375 1055 480 554 1409 72 469 971 1028 971 1373 909 1241 909 620 469 1093 964 804 317 344 790 804 412 863 1241 200 1028 1356 716 1028 480 597 218 535 1089 1241 1420 1205 1151 43 909 14 909 807 827 909 1347 287 761 666 391 1241 556 211 691 1028 958 1319 1375 1037 856 973 1274 1241 545 312 1247 1168 1241 412 1064 239 982 1307 206 7 469 14 669 1241 469 57 707 1000 221 427 239 901 901 539 909 658 945 7 78 398 1342 1191 464 1342 556 468 1370 629 417 1373 1375 1291 227 293 701 1179 127 985 984 480 1375 1291 1178 113 909 363 206 186 108 150 1178 412 1113 1241 791 983 200 175 150 1050 221 429 909 258 150 1135 458 1113 901 239 1112 1145 271 1002 134 132 792 489 1375 1060 1247 981 1113 1245 992 239 206 539 14 221 909 596 807 399 1244 509 1319 1235 1048 1372 239 673 1307 293 1241 185 1269 206 556 239 27 121 1274 1084 909 916 1241 1241 317 1301 977 1143 1069 909 815 468 1210 534 1241 480 1033 858 1241 1113 795 807 1291 113 804 720 831 1109 473 252 7 1257 14 351 1402 901 237 971 1268 1274 619 956 462 1300 320 1245 150 1241 909 233 239 1375 556 1055 998 761 1291 1422 214 957 800 837 1132 909 1133 637 150 206 556 880 1198 1037 901 200 1241 480 1205 263 957 1056 848 829 556 693 358 430 1211 1156 792 782 909 666 596 827 1422 1420 3 331 1301 1037 158 539 200 342 1275 200 200 212 1301 267 1241 804 223 162 396 396 150 1056 1178 909 1375 1347 91 987 263 1274 701 221 936 957 239 404 509 971 458 538 364 1372 1026 1045 963 1085 1268 334 385 955 535 1422 1422 1211 1406 382 539 80 247 458 206 1311 206 1039 957 807 792 1373 150 115 1035 112 113 1241 556 1291 1422 938 252 619 397 549 909 1260 1211 524 691 1300 633 1205 532 845 7 1285 909 293 1409 1415 200 172 827 108 957 1420 909 1300 1291 206 466 523 893 1307 111 1135 539 1164 262 177 493 480 691 81 480 619 878 779 1420 1412 576 162 901 1028 936 385 231 1373 150 307 70 458 1241 452 329 105 945 263 150 362 909 365 200 1241 1307 1205 1241 1364 495 59 1109 252 1019 1334 480 1214 738 312 946 469 1319 833 57 1301 1037 1346 961 1397 807 691 971 1268 150 369 971 1172 421 619 1069 621 1374 1069 1301 399 882 150 159 957 701 507 1139 337 1037 462 726 938 150 242 922 619 1353 539 105 700 1241 1307 909 691 108 1271 155 1291 138 933 200 920 480 1244 535 274 883 480 221 7 909 359 480 922 471 1241 1422 263 260 792 957 263 1172 506 1330 526 1421 909 999 1307 741 263 1190 556 344 14 384 963 293 666 476 904 1274 14 1375 1028 998 262 312 1178 992 1017 1417 1291 971 239 962 957 1408 692 289 1373 312 957 1241 912 909 957 909 739 1373 700 1409 901 827 1115 1101 807 1301 480 666 1401 382 14 1132 254 1274 200 1241 276 691 833 480 150 1211 666 559 981 480 150 417 458 777 298 434 957 829 663 1291 150 1301 209 957 666 206 357 761 1345 539 206 710 14 707 676 1124 399 1307 811 1276 1319 14 1160 150 239 1172 1333 1319 610 664 971 1241 526 619 1373 150 1347 901 1366 971 1241 1367 327 344 909 957 909 909 990 1241 724 14 918 556 438 886 1037 1340 633 469 1241 707 957 581 512 1373 385 86 1420 833 7 957 150 106 1211 1344 804 1241 556 1420 1366 462 150 206 596 1037 1178 1420 415 1268 1241 406 957 1203 348 909 1015 364 957 150 1056 1191 335 458 959 1113 57 1364 218 649 535 754 1028 395 14 352 1041 484 493 312 1358 588 14 468 429 1211 556 206 239 574 458 150 1420 1413 1251 967 81 859 1413 456 1422 206 206 386 1270 554 1211 807 596 150 1375 832 150 1113 1364 909 1334 955 914 841 1058 829 385 1241 59 466 918 1211 574 1019 1031 473 957 633 627 394 57 957 1113 938 1334 1319 477 934 901 299 745 761 306 957 1320 7 247 225 1294 1113 150 150 359 1428 127 70 1420 909 81 1368 1019 790 1368 469 1211 957 14 1375 944 206 508 508 848 1052 458 218 1207 22 14 957 113 1420 535 649 1211 535 1198 1103 206 804 619 691 1251 1194 868 909 619 293 1241 1056 299 1274 399 522 850 469 1178 150 483 918 1426 1205 450 535 535 1005 787 848 957 909 1005 7 365 616 127 1241 48 1244 150 206 469 792 909 982 596 252 507 1172 1285 162 183 138 1300 246 150 480 263 994 1037 957 957 1241 1192 1245 305 206 922 150 260 1212 1241 252 150 1163 971 774 607 1421 302 991 1291 150 1139 1366 290 1241 1055 957 526 862 1019 1409 1241 971 150 1186 596 1241 1207 7 1420 357 469 423 1409 1409 1241 1319 1240 488 957 535 1241 150 523 509 1274 1373 1409 957 1012 999 1420 1109 1291 959 1319 637 440 1285 1178 1409 1375 1363 1307 1241 909 838 458 909 535 239 922 150 150 242 526 874 809 1308 1178 918 619 1037 539 535 1241 1420 1106
1396 467 698 625 539 1333 715 1082 1416 1411 715 788 467 1343 277 1384 48 742 209 1151 573 16 183 1037 220 14 138 686 1409 1294 1294 346 998 791 412 664 759 175 1155 346 1416 346 224 160 872 620 438 1203 992 1124 48 410 882 846 1131 1056 209 1306 715 666 48 377 1119 15 1375 1374 1294 78 630 713 467 48 1052 224 1294 620 768 185 942 438 402 315 812 1027 1001 1294 1229 583 346 1396 807 759 715 788 1281 569 1375 1294 393 122 168 1294 620 625 893 461 537 743 1294 1052 592 483 1052 1069 852 872 173 283 573 633 1404 1294 1195 1052 2 185 759 1254 602 346 373 676 1058 1052 1294 215 960 55 1403 1346 1229 1375 1042 249 1124 245 686 438 1288 315 538 187 346 1404 1294 525 346 1375 1085 1230 1052 1209 699 1416 689 1041 160 312 884 199 233 633 832 1375 21 1406 323 1124 665 891 209 569 1294 1239 1375 341 467 812 462 1229 891 160 316 1348 1290 730 620 989 428 1346 1169 994 735 253 346 160 1042 1416 468 1135 741 1168 349 1288 1256 209 1229 245 1366 224 1248 1394 338 1229 1294 160 249 641 806 1279 1079 1294 1174 759 1176 512 978 188 617 298 1181 1169 22 1394 861 48 327 1396 306 257 759 483 467 1306 1375 48 686 660 1375 1026 346 433 29 253 1041 192 783 1150 331 1052 84 867 315 22 1176 402 1052 221 128 812 569 653 559 1052 160 625 398 1079 16 930 341 841 253 1294 1229 16 150 1229 346 346 1229 1079 2 430 239 1054 1259 1193 321 346 860 872 16 1404 452 187 371 430 346 695 298 856 863 1035 142 438 1041 209 1396 240 1008 1382 1372 359 822 1019 625 513 1052 160 891 373 798 270 467 1138 1333 253 48 1361 1229 422 1052 1294 1052 1042 1294 546 346 1425 1026 1382 822 942 1174 1224 296 1319 410 606 850 499 185 1041 244 461 134 1294 699 1135 1185 1294 402 160 415 1226 585 160 1052 48 601 1382 1263 1294 960 1035 1013 1042 1072 838 196 1005 377 804 686 209 1344 160 90 1382 1151 233 969 1375 944 16 177 1375 201 187 1239 891 645 29 1229 245 1382 138 890 1375 102 253 1041 626 20 1041 65 209 177 1041 1323 1279 1375 167 160 111 464 160 1404 665 948 65 1281 1375 1404 665 813 125 47 346 160 439 866 804 926 376 48 459 1052 1294 715 1029 159 861 1229 1052 981 1375 1346 287 954 1085 1346 1375 585 788 1375 1052 615 467 957 467 156 48 485 346 954 1006 1041 1052 637 1402 1079 1240 346 1185 315 861 665 1347 703 29 219 150 487 505 402 813 1222 918 649 352 954 275 1344 1229 114 715 542 726 1396 123 1294 1404 1183 1229 1081 187 1294 815 400 1375 993 1294 1382 579 1148 1375 1052 29 1241 500 1042 667 1079 1416 749 1275 97 620 16 1410 665 346 1302 303 388 1111 128 37 430 225 1343 1387 759 849 1415 514 1244 48 270 861 346 1079 441 802 914 253 1375 759 1052 620 284 820 187 1404 467 715 1294 909 336 1195 1258 447 474 704 676 63 253 114 1229 1375 915 128 128 187 902 196 690 1418 1052 1420 1375 1404 1052 88 665 226 667 1375 1229 1375 1052 249 497 292 713 1253 37 1261 346 1042 808 1411 296 1229 1131 45 48 214 925 524 620 514 1294 1375 804 1129 909 151 351 758 1013 48 1229 633 402 1294 610 160 731 209 573 247 616 323 128 296 864 370 315 1206 1224 1404 245 569 114 665 1107 1325 48 759 581 1013 1416 262 958 458 804 888 1041 625 253 468 1283 1174 1294 1174 989 537 703 502 1313 724 763 1091 253 653 1229 1041 402 665 850 305 1042 183 188 209 1412 796 1277 426 686 676 224 1079 123 48 1288 822 515 1000 247 549 1267 881 48 434 1019 743 837 1346 620 467 168 1269 633 768 1079 249 861 717 914 16 976 704 1368 245 48 804 1099 759 1294 909 1243 374 1013 1119 253 1229 633 882 16 1131 1379 762 861 422 1416 1346 16 918 48 1235 253 914 29 120 253 715 891 567 327 1242 625 1066 1294 871 209 259 1193 824 914 1195 1375 1382 196 1258 759 153 716 239 196 187 16 1366 114 298 1011 467 562 1230 497 665 315 1079 310 620 1294 861 891 16 2 247 1375 326 688 1295 526 1375 617 1331 234 914 624 1375 467 1156 1375 1143 1375 961 617 275 661 1419 114 624 48 1230 114 696 1052 415 1052 1375 715 1281 234 614 1375 16 467 1131 1091 1124 1229 467 998 38 1276 402 756 26 48 128 1078 1073 385 48 1042 535 187 620 1346 253 72 893 1091 1229 438 1294 362 209 48 1139 788 1229 1375 16 1319 198 461 1229 914 665 800 249 1404 937 850 99 1282 715 461 779 308 817 1404 438 1346 1294 633 569 456 430 514 569 467 852 1091 114 29 160 1200 467 202 569 1229 48 1278 346 954 715 715 16 1375 128 1052 346 1101 701 187 727 1294 872 333 686 719 317 1229 1294 1294 48 713 573 29 645 1296 209 302 62 1295 143 804 846 759 592 891 210 625 187 1229 858 1058 1404 573 187 224 346 160 909 676 888 1375 909 16 371 114 1041 768 700 1124 1226 1404 1042 1314 247 476 1041 1052 850 602 1224 1229 48 1375 48 48 240 575 624 639 933 861 716 992 346 232 239 1281 253 467 1105 702 1052 346 698 1042 187 467 861 1052 850 592 1229 1375 207 298 759 476 139 315 476 892 1375 1117 1241 1102 764 48 358 160 725 1375 1294 346 489 863 683 645 330 645 1294 1041 1375 382 891 115 1042 759 620 624 1021 914 836 48 265 455 1416 893 1041 1375 398 113 143 411 1294 650 759 680 1382 847 187 1131 1375 872 1294 1375 538 143 1260 1320 1294 346 253 1041 716 16 549 1209 1052 1143 438 48 168 333 802 1229 346 482 954 713 213 961 128 716 346 573 1416 768 55 28 1294 686 16 1041 468 193 331 1052 872 676 667 333 633 1195 693 1028 625 1239 1416 1375 802 1041 93 281 1294 624 667 804 253 815 400 559 82 216 1412 1375 954 34 1306 768 1243 209 269 160 48 48 727 1375 1052 1229 491 378 29 1052 185 939 590 459 239 48 534 1294 1091 29 1375 1053 954 742 1042 1294 735 893 1396 1026 468 160 607 969 209 1279 969 659 1128 1042 346 812 907 460 952 625 993 1052 16 218 1379 1363 346 48 1375 468 48 239 768 168 98 1394 74 1041 1131 502 461 160 341 160 665 715 1375 253 1309 1294 48 850 89 29 1317 1042 1043 588 788 424 1271 168 168 1094 1185 993 48 804 34 253 129 8 1396 198 1011 187 1294 1306 676 430 318 1264 802 1052 1375 467 371 665 1079 1001 760 1047 1294 1294 569 1005 1255 514 48 1375 461 514 1427 653 438 1042 456 579 850 912 1041 725 293 121 150 695 528 1346 1229 29 26 1229 809 1375 671 1294 884 472 209 891 1375 281 48 503 802 1375 1353 912 247 958 1079 48 891 891 569 1052 1281 1311 1294 168 1375 1041 860 760 1404 759 349 48 1119 459 468 188 1229 167 1052 789 1182 850 1382 891 64 83 467 891 804 645 16 160 168 171 1283 1294 1042 1229 713 525 1222 1294 953 291 513 1049 736 399 1294 204 872
1070 363 340 1306 1313 1134 18 1027 1305 1061 300 372 376 774 639 1359 987 1372 442 117 464 632 1040 42 1313 639 1373 1094 548 398 1397 398 1207 1418 865 474 574 624 231 286 380 1021 194 1311 125 292 1196 991 996 141 398 906 430 882 793 900 886 1002 542 88 1021 495 1245 231 194 431 250 126 624 1188 1025 649 1198 548 69 934 60 205 888 991 1425 1227 1058 1025 854 402 614 286 984 1070 379 1106 300 1280 93 746 286 286 1002 1252 358 296 93 1346 996 181 586 921 1245 722 1166 541 1198 863 194 275 109 82 1000 1178 523 398 90 722 822 1153 385 477 1300 1081 1264 886 639 1198 1071 984 459 486 1236 205 614 886 398 459 286 754 1013 984 42 1303 186 345 984 207 1111 717 984 886 509 624 722 226 338 1305 1038 542 485 398 478 1313 1268 1072 1252 886 472 520 1252 209 18 123 286 633 398 442 886 139 63 869 1071 614 218 1311 1252 909 1102 1245 1289 353 242 952 996 18 1042 170 221 1311 398 1305 358 93 1094 624 827 398 1351 639 614 271 804 108 542 286 728 376 242 583 459 638 231 358 1245 398 293 996 703 692 1002 122 1002 530 358 996 313 286 363 1245 1288 231 991 1067 163 705 63 235 1256 398 560 787 286 146 635 709 315 1313 260 913 1071 73 967 1198 1318 1313 44 313 541 225 1198 1001 218 1106 649 523 1276 1198 583 694 271 542 632 363 24 649 1313 358 761 35 264 351 984 221 614 416 286 10 580 1245 258 70 376 635 398 883 35 523 722 1291 1256 10 635 398 1324 159 1002 1417 1002 265 235 1198 1070 376 194 624 449 1071 1245 924 286 1064 1198 1311 469 1321 984 116 376 1022 944 1311 398 82 614 568 722 1245 1198 398 639 42 984 1382 849 624 1269 19 1161 886 560 76 931 416 197 307 241 870 649 181 1422 317 398 1421 886 485 225 1311 463 354 1203 1311 722 649 587 614 1169 1259 459 284 282 398 97 1389 380 1051 542 1311 183 1214 635 639 544 624 628 868 1143 886 1347 632 1324 969 624 1261 442 18 273 1214 315 955 1065 383 82 886 1311 1233 459 293 580 235 681 271 476 1306 864 886 886 635 1311 630 271 485 460 290 1240 1085 93 286 358 271 1144 296 1311 807 1311 658 273 1311 1316 271 1214 307 592 1245 477 314 1123 1311 614 1198 1321 886 952 1068 356 477 952 1245 646 1280 886 1198 1116 398 1054 624 1002 231 1011 221 482 886 542 722 1350 1119 416 398 614 1021 449 271 18 1313 1293 1214 595 1245 800 1243 225 840 1292 1261 526 633 996 286 1321 614 915 300 795 1332 1070 996 954 446 915 1419 1252 1221 1245 649 1002 1066 922 398 624 560 186 886 722 821 635 819 398 1150 416 58 1311 1368 398 93 632 1245 18 1375 1002 1209 748 358 1313 249 10 707 1229 699 1375 691 186 1306 1420 967 1002 1313 984 416 485 546 225 1333 286 372 1198 374 406 1077 1261 852 376 300 1245 140 424 1002 1313 1024 1224 556 1151 1038 1311 626 1323 1245 289 218 218 1280 1192 1311 742 852 722 689 286 1221 722 525 1245 186 113 886 614 886 1198 459 87 1207 1413 600 263 54 984 398 1138 826 560 614 95 1071 1324 477 1333 754 4 1306 398 886 1311 320 372 242 436 1094 74 1214 614 264 225 1245 1002 583 625 1311 221 616 369 1002 1389 939 476 373 1351 635 254 1062 931 879 886 170 1350 1203 194 1375 362 10 380 1252 1359 186 1311 307 552 1082 578 358 752 119 398 1306 492 635 635 614 372 635 635 398 1323 523 145 235 225 1324 14 372 398 170 624 621 1321 1006 106 732 1094 886 996 416 1176 1245 222 485 1209 1252 1004 398 1374 298 649 372 280 887 467 1040 93 1065 617 917 247 60 673 459 1313 1397 459 35 1002 1063 1002 271 1245 1313 289 1021 1245 640 579 1394 451 886 639 958 752 868 632 1324 449 1162 1311 996 380 952 35 358 1245 421 221 1064 1214 524 1389 300 1126 1337 372 286 1082 540 1245 358 1311 1389 70 1002 623 984 886 624 477 1275 271 896 1184 1227 1313 542 621 984 149 1324 1017 636 358 649 18 761 977 894 31 847 84 639 398 807 1088 965 886 984 105 221 372 886 398 1355 532 1066 867 886 1065 621 1245 735 886 1316 177 581 925 1323 996 867 562 110 485 542 1198 580 722 886 778 93 956 500 886 35 1065 1161 398 1396 624 63 698 271 1192 225 974 1192 398 1389 544 398 984 378 1323 398 1279 638 952 1333 363 868 398 1240 991 1324 873 271 798 482 1280 614 862 35 1085 649 181 624 206 18 635 459 530 886 248 628 639 101 181 369 639 399 208 991 176 141 188 984 1310 10 1010 997 63 1245 398 53 1214 1311 773 376 134 340 614 315 854 984 1086 442 300 35 886 218 235 984 1321 271 572 1348 523 984 224 1014 1072 785 614 372 231 639 1314 221 1214 1021 194 621 183 1222 271 989 1311 1425 580 640 108 777 1082 1358 614 271 452 818 307 501 271 635 583 574 886 635 886 876 372 264 575 457 315 209 209 1323 893 398 984 1195 713 772 722 1245 1203 681 614 398 886 834 307 307 1002 867 1214 489 1313 1002 286 635 234 700 93 286 624 754 1209 1198 984 832 1323 1142 63 444 1198 497 614 1252 1245 15 1324 163 1371 602 18 1189 1252 1323 788 739 1046 1311 398 575 1311 540 886 1071 984 705 194 1038 1214 920 273 271 542 286 1224 632 82 398 329 138 867 812 313 231 1297 366 1038 380 1315 924 886 261 358 423 1333 398 1002 1375 1071 624 358 1212 1372 286 125 760 886 90 639 754 1222 1245 398 170 928 338 621 189 186 722 24 322 933 617 520 991 614 984 657 924 266 315 996 218 638 984 221 704 1222 967 1002 372 1094 35 1111 358 254 598 722 1210 1065 1017 435 343 1002 617 1306 1306 442 380 886 1148 226 198 530 398 186 295 1311 1323 722 337 1357 1425 1203 471 1323 632 1311 370 60 53 485 614 380 286 836 285 1245 722 372 749 868 1214 1198 898 186 228 1223 346 1214 1264 398 147 1214 1245 21 1209 186 398 398 741 943 1070 829 358 485 57 782 1389 1389 782 401 60 1245 984 1321 685 1002 1032 1306 422 722 632 988 760 747 331 315 1323 358 242 644 799 358 1032 506 372 235 1324 51 181 271 649 1311 1324 1306 886 170 1281 622 1149 1384 878 542 624 1195 993 514 1313 862 834 617 617 1097 886 422 1214 1311 1324 1324 829 23 1070 101 221 1206 886 1002 886 10 762 1054 622 1386 1323 63 726 18 894 580 1389 39 65 1261 1141 947 809 1306 315 886 181 1306 1087 1002 991 398 192 218 477 179 921 1111 376 1316 1282 398 1003 655 614 1156 984 614 1373 1323 99 1245 787 1103 1426 18 886 624 398 542 72 886 1389 1420 1195 1359 1313 649 1107 365 286 1198 93 592 1324 617 886 235 949 1159 886 1106 527 398 886 261 225 552 757 641 722 920 448 1389 624 1042 386 1353 1113 886 1311 273 621 1311 358 162 958 398 398 372 900 1054 639 315 624 600 1324 1013 1398 358 1245 358 125
1279 195 1367 1319 1349 974 915 1005 1006 279 1200 3 1260 939 680 67 1421 1293 1176 1278 252 1302 985 287 1349 826 869 916 497 87 633 622 592 1083 281 69 1270 591 1218 877 410 1348 723 906 511 822 1282 1211 767 1367 622 424 579 723 1101 328 877 1048 516 915 877 588 723 692 877 1421 658 1187 341 1123 952 928 1005 253 1421 893 175 924 326 1211 639 893 869 25 769 624 466 666 998 1279 1189 788 183 3 51 916 877 1205 21 399 757 1334 51 1199 102 88 1085 508 844 858 948 1348 1005 1049 985 499 1191 934 1026 553 658 622 999 858 74 807 1421 947 1264 375 1083 658 287 1005 762 290 437 1324 51 540 1369 526 622 1054 1319 826 769 1282 1379 893 666 1005 596 658 622 473 251 710 1116 422 858 1206 916 1006 589 221 906 710 181 1164 87 553 969 877 359 877 77 81 376 397 723 812 721 977 549 128 86 877 692 466 1339 906 563 653 566 666 755 376 757 58 283 915 757 553 1100 906 622 1398 322 1314 916 358 1417 216 1367 1421 299 723 287 1294 1142 1421 329 815 622 906 1391 1189 692 948 877 622 796 538 1187 920 999 1101 999 1005 1429 1272 7 877 950 622 243 692 1211 754 1121 754 119 223 877 592 916 1041 710 74 932 642 1366 906 167 1242 1080 487 605 1005 710 87 374 1412 1348 647 1005 237 1279 788 864 894 789 1005 906 1189 553 1289 1302 812 649 928 1289 132 869 869 1175 466 1369 1100 466 958 290 1123 437 666 424 592 670 596 622 994 869 658 858 1101 784 548 932 622 615 723 999 1263 808 1282 1013 877 1279 126 622 466 1086 692 710 896 1319 757 1005 906 397 757 115 451 217 1154 1282 906 844 788 466 741 858 283 1005 622 721 723 194 869 74 466 1017 243 687 877 1373 181 453 240 1367 898 516 1013 723 950 1413 592 710 1033 877 22 693 906 929 950 644 906 858 928 1017 466 727 592 956 649 382 689 1367 685 507 350 538 251 1357 579 932 826 364 466 114 87 1413 877 1418 1027 65 757 1372 1005 1119 721 862 1427 1367 166 815 1041 97 877 251 161 408 1214 1316 1013 253 723 546 1013 426 658 877 932 906 1233 723 906 648 1272 1282 788 681 877 658 723 46 1214 251 1100 906 251 862 251 658 692 1427 898 858 721 777 359 869 906 466 1005 757 1421 58 466 437 592 58 592 1267 25 877 1005 1017 1056 1413 815 526 692 1366 1100 1190 253 95 858 494 852 950 844 519 915 893 723 841 1349 667 579 1324 345 862 786 269 1100 1169 283 1264 1267 245 1041 757 466 611 760 70 702 1279 106 721 658 757 466 600 1344 844 928 178 710 87 622 355 1005 666 877 858 23 932 862 283 528 950 1006 251 548 638 278 869 666 915 1367 741 343 244 844 1367 1221 1181 1020 757 335 1378 732 666 54 61 721 1278 906 354 950 906 814 1357 1415 710 1088 1005 1098 1083 1267 1005 658 985 877 1413 133 872 999 723 495 253 87 658 589 251 592 1367 710 399 723 983 25 237 1367 682 784 858 876 877 745 858 119 115 666 666 726 1367 877 1013 867 1164 796 1123 869 579 445 51 84 554 11 1388 466 642 692 1367 1269 985 826 285 10 622 710 251 1117 869 757 777 1095 382 1427 466 553 137 1367 25 906 1343 692 1100 666 86 953 1289 1316 980 1421 893 932 710 658 692 1205 877 553 790 644 819 814 274 382 410 619 290 1202 906 898 814 1319 553 479 998 82 1367 1421 376 1401 932 537 660 932 932 1169 877 8 1421 1013 1131 900 1367 1367 622 553 522 826 757 273 245 1268 916 658 1264 950 210 299 404 906 1402 1407 666 622 705 566 928 1367 720 1213 710 1429 1284 59 1334 553 553 796 958 999 1088 1398 14 869 633 37 756 692 622 25 1202 915 622 583 1079 691 382 877 1367 466 553 710 869 642 828 1140 1367 110 410 58 869 826 1056 756 1367 855 340 1263 723 321 301 1367 3 253 1319 1210 721 1332 906 826 523 931 1024 4 797 815 592 841 1282 1166 226 437 844 658 1302 596 658 639 125 815 1332 1046 1367 376 893 477 1140 1284 721 287 397 242 74 666 877 267 442 1367 1244 877 400 262 1210 908 519 877 1098 987 877 712 877 564 1101 869 1116 877 658 909 995 495 658 692 1005 516 858 877 1421 452 180 642 723 869 815 642 457 1403 466 195 1367 1367 237 256 253 422 877 723 1326 622 233 88 25 622 1344 207 1421 985 1099 710 622 508 890 757 1027 1186 721 1190 25 466 710 869 304 749 88 466 1259 837 932 1036 658 710 1367 761 826 877 950 1268 826 826 658 669 293 721 553 1113 82 1202 164 368 195 345 997 658 1264 906 196 815 288 1385 1367 877 870 449 437 622 1212 869 877 1400 1013 194 757 1164 1005 226 721 596 998 916 637 466 466 877 692 915 1123 1100 108 862 713 592 16 1280 1176 242 251 1077 877 7 1345 915 792 1005 1367 723 1367 658 898 1005 723 932 816 133 658 932 877 133 869 887 658 391 1266 1367 1337 950 658 622 505 666 1266 508 858 723 908 710 466 622 710 1056 898 898 1241 519 1346 35 1307 591 35 932 912 437 67 1367 929 469 900 354 354 1005 622 1282 195 917 1005 1367 869 466 877 723 356 229 86 235 893 1266 329 877 1388 771 566 826 579 997 251 114 877 692 800 670 1333 589 862 1421 862 788 604 877 166 253 834 622 510 1284 519 1151 738 692 775 86 589 410 326 1013 877 1113 322 24 985 622 741 814 1080 890 241 1344 642 877 237 592 101 1069 826 1214 338 721 877 553 869 1292 1302 826 666 858 935 1282 844 968 596 1211 1367 809 1080 1190 1123 1366 741 772 826 354 1100 1006 1128 514 1292 622 916 869 658 1332 1229 1176 1158 723 658 528 717 553 461 930 487 487 1045 410 877 466 86 757 658 622 666 1052 251 877 858 1264 724 1313 644 1284 877 1190 637 670 1343 539 906 289 692 1421 622 487 710 858 1213 666 710 1264 1005 443 666 1187 25 437 1427 245 115 681 1427 877 864 1190 666 622 622 826 781 1279 74 322 906 1172 526 1367 1367 526 479 830 721 864 723 348 1286 1176 1319 1200 858 869 1282 1320 553 1170 1348 877 322 692 718 291 757 1343 1404 124 1013 642 869 88 906 928 906 1109 347 877 553 894 721 115 1367 1158 1427 799 721 1217 1330 25 572 749 667 1402 513 915 922 115 251 768 553 1196 751 1279 54 1100 1005 877 741 658 799 826 1413 473 352 877 195 1367 376 950 350 1367 464 721 658 1396 132 1421 1020 253 877 88 193 287 1388 860 622 82 658 877 869 86 710 815 666 6 768 100 1321 466 266 124 1367 1083 877 972 721 682 59 877 1289 877 466 622 1216 713 1367 1367 579 946 672 826 864 1289 1346 710 858 51 253 622 322 877 1013 253 143 658 788 592 622 710 292 197 1101 1353 617 858 900 745 1367 970 936 757 1320 659 710 251 862 1302 906 1332 532 616 622 622 1153 1123 150 128 1366 1366 670 757 1421 1088 757 345 1332 919

proba init 0.15 proba clean 0.25
1209 25 871 562 1139 177 440 1148 190 440 35 5 174 406 358 784 622 799 1159 468 163 984 166 880 1333 867 640 1007 1230 852 661 1233 258 957 1389 1377 299 1027 1365 852 771 1233 1194 1194 422 1311 600 163 1195 790 852 1027 794 374 282 747 790 19 246 65 448 232 469 1194 1300 485 852 243 1027 22 590 852 983 1323 790 449 257 384 1269 1010 76 645 1082 582 1007 852 1027 1307 936 1185 563 881 792 1144 474 1007 790 852 556 174 1107 1228 1097 626 639 1355 640 653 622 100 1164 792 983 178 1414 967 98 663 163 1218 448 1210 699 534 74 926 485 744 661 737 562 358 1159 983 852 1233 1063 492 131 1174 1070 595 31 189 535 524 1007 230 184 705 31 983 181 448 1055 415 561 622 483 1035 61 1294 1007 537 521 488 1294 250 1220 945 287 1218 1255 339 609 1387 1027 1387 795 1236 485 1150 1210 1300 372 1276 1281 1230 1194 174 1174 1194 1027 614 690 622 118 1369 442 296 970 795 531 1010 163 1194 31 429 1107 580 1007 1012 1206 184 1024 485 1326 1289 920 258 753 485 543 1027 31 1294 189 563 386 1107 622 852 473 906 1350 173 110 177 970 1243 1107 968 281 790 1100 622 669 1258 139 358 881 1311 1395 365 612 925 1007 1112 790 680 1180 1106 74 139 349 1382 1194 1323 960 983 709 1290 352 829 792 76 983 1244 1159 1043 1215 1328 99 983 1294 563 139 488 984 876 1276 661 1159 661 448 984 175 1027 1233 163 1027 799 585 736 1117 622 1027 277 891 181 1021 821 984 448 478 970 279 408 1180 1194 732 1159 970 789 110 512 151 293 995 174 1300 1027 327 1194 622 262 1159 417 1390 1194 826 417 753 110 174 906 821 1194 418 663 1027 651 61 622 983 1300 852 394 1233 477 74 1027 906 669 443 790 1007 1426 360 1299 800 56 123 151 237 799 405 418 565 708 790 852 76 1194 718 1317 379 1194 534 418 906 174 465 622 2 354 104 377 661 672 635 1017 488 1194 1082 293 1180 788 412 174 699 661 609 622 906 984 768 539 1027 983 1300 440 139 90 22 547 174 10 663 790 1194 962 488 709 970 151 566 1159 495 828 486 448 790 1180 1194 98 139 1194 74 1268 846 1043 661 1055 448 139 895 709 1194 163 1194 1159 1148 1194 983 1159 236 56 443 622 166 609 984 1194 1027 983 186 790 296 788 48 790 296 622 117 1026 790 983 906 1387 502 1027 556 1027 74 163 48 1049 488 534 1265 914 799 310 1027 795 795 1159 858 238 1224 1027 906 622 523 956 76 597 1159 1288 661 650 1342 1027 546 560 418 887 451 418 351 639 82 448 215 1027 1255 697 852 661 556 418 1018 1210 1027 115 31 790 534 297 1180 1067 931 537 799 552 1194 668 1233 91 984 622 795 1387 1126 74 923 909 719 770 784 1002 1258 839 1311 859 31 668 1300 1159 1152 1159 181 799 1194 560 139 1072 790 1406 983 924 1202 823 983 424 174 790 622 420 436 110 469 1287 1211 89 448 521 1194 418 1387 622 123 485 183 983 972 1194 646 237 983 327 1055 795 1026 413 622 31 732 790 1027 790 151 189 1123 202 22 640 770 1159 325 1258 1138 440 1007 1027 282 1194 1159 790 166 188 302 668 1210 622 1194 296 401 539 1370 815 794 236 1027 1218 76 852 108 1294 597 1194 163 565 31 110 1159 746 436 1364 316 1180 709 448 1401 983 418 172 884 379 790 1328 1007 1136 234 942 784 31 1194 56 558 1168 1159 1107 697 491 984 562 821 799 1180 313 736 1180 1180 582 622 1328 1387 151 76 795 1387 401 1194 1159 1035 788 466 783 1319 1243 1007 448 1092 799 1094 622 1209 1017 689 174 1313 209 258 283 661 1159 1300 827 983 493 1030 571 1043 1291 1218 257 633 189 237 63 1016 984 556 661 556 130 622 1159 274 1233 622 626 1423 1171 631 622 1159 1027 1218 1422 984 282 1398 970 1194 1159 1059 296 984 1107 283 486 1194 745 670 614 661 60 482 290 899 622 626 1018 250 1107 1194 1429 1196 556 1082 179 791 1027 1276 57 661 99 680 877 635 448 984 1239 448 315 978 370 1107 661 795 241 1113 542 1172 1300 75 1159 1227 368 74 1314 790 1233 348 713 22 1150 417 1316 157 82 1180 622 174 139 622 164 269 749 970 640 179 756 448 1265 433 548 1159 5 983 970 1026 790 485 772 792 1289 139 984 1027 282 1211 1217 1027 327 175 1058 12 76 1005 64 852 485 412 160 1233 467 565 523 697 1030 296 166 418 790 1194 1295 716 417 269 1082 1430 48 136 1027 1251 984 1018 661 1355 1027 139 405 1180 189 448 564 790 242 1086 770 163 1243 1403 173 448 716 280 852 1218 543 661 1103 668 1284 399 622 725 418 661 1194 1212 1027 232 1375 579 790 1159 1233 1017 1300 333 173 790 139 1026 692 1215 611 983 680 1328 181 402 1007 520 1027 174 852 852 418 22 163 1027 139 678 293 1401 229 1159 1021 1194 76 881 1164 482 400 145 983 930 1194 258 1398 163 983 1387 1180 562 1059 448 1180 622 246 984 466 418 151 501 751 1419 1317 448 768 737 1327 1094 989 534 622 379 1160 1027 31 206 283 56 56 640 753 236 833 214 556 136 1180 418 242 1136 1030 174 69 307 798 1004 983 790 344 830 1016 983 790 813 174 622 1415 1291 881 1276 403 673 1094 174 790 1100 425 1159 1403 418 73 1194 447 622 852 1233 891 790 521 139 485 139 1082 488 1055 296 22 663 1194 746 78 9 1107 1082 609 1390 31 521 1260 1083 151 622 136 1107 183 166 418 556 216 1194 1027 1107 697 282 790 1359 852 225 699 1403 407 1311 1210 136 1159 428 157 984 1387 31 478 451 821 304 133 1221 1294 813 181 427 48 22 16 863 139 1363 181 163 1114 257 976 556 1387 1007 984 151 1107 436 954 1221 583 1165 978 516 1218 1339 952 562 562 1227 897 790 560 151 131 879 31 31 1281 1194 293 1001 933 1342 258 379 1181 790 48 1194 891 257 1069 1194 251 628 790 168 1253 622 534 852 31 1422 661 983 683 31 1268 1223 1375 236 1388 852 624 1027 622 1215 48 31 31 852 802 1083 358 819 1107 1294 661 169 139 1159 1235 488 257 1210 1233 1026 1371 417 954 562 318 443 366 298 464 1336 286 556 790 1107 1378 108 257 1107 173 152 1342 151 282 984 1355 1294 661 1194 652 562 790 1162 307 448 852 586 661 74 1255 1327 778 1407 1252 610 661 934 496 82 604 207 464 1194 82 78 73 804 1125 938 364 983 790 110 448 406 1403 502 560 329 790 281 614 752 542 913 1159 232 402 852 1011 561 485 668 283 790 1355 668 139 556 716 1210 661 1120 790 640 151 1055 174 351 496 27 802 938 1027 1276 1016 700 378 293 815 1387 531 1187 293 482 790 174 654 1065 846 293 1159 778 1327 784 488 661 335 1369 136 1113 1296 622 662 661 790 151 792 389 448 1020 1364 852 753 730 76 970 553 804 534 533 973 1159 1027 482 107 1233 160 495 1194 139 984 1194 1107 295 789 1194 31 920 22 760 788 852 1027 891 417 485 1334 1107 622 1107 90
1072 796 1038 247 1337 1316 1001 442 700 89 60 62 1416 742 1001 261 575 1323 1231 534 539 209 785 306 826 684 209 218 625 473 28 544 528 123 430 1001 163 361 862 672 28 575 278 601 1309 481 1417 550 1037 752 575 1403 712 360 333 829 648 575 1376 226 920 1384 278 959 494 503 1141 672 361 527 16 575 499 947 1001 817 28 94 523 703 1171 974 376 62 86 1303 305 452 698 720 1218 86 1348 62 462 869 648 580 575 361 324 297 1413 1305 1040 857 138 1406 544 534 566 119 499 62 978 1309 1007 1309 191 103 1141 430 575 534 1029 1217 588 954 692 291 615 1141 218 499 307 1372 161 60 176 865 544 551 544 767 359 621 218 1023 1430 540 82 684 1309 1141 544 873 111 679 1390 935 534 862 419 688 235 583 64 947 1015 308 987 103 361 947 1329 1241 361 892 458 164 278 367 1001 1424 109 257 796 376 324 305 164 64 361 774 1144 82 481 158 888 563 534 259 46 1069 854 64 544 808 324 462 723 935 264 1430 484 648 1318 789 508 1225 746 712 856 1416 430 1226 767 34 830 324 947 494 1162 1394 562 513 575 933 575 15 324 481 333 534 141 544 542 575 550 1038 1277 1102 796 347 759 1001 218 141 947 1029 355 865 575 486 677 691 420 247 598 959 507 862 1282 621 575 1171 499 503 959 779 990 1141 1020 499 1226 428 341 583 209 523 1206 909 164 1141 721 712 348 811 599 854 305 353 1029 1293 100 82 361 206 1251 1309 69 1309 209 1141 534 333 1108 819 361 544 821 503 575 905 575 584 342 648 720 1416 494 361 538 564 648 151 452 106 499 601 9 977 1146 1029 1416 877 1417 64 575 572 305 827 534 544 499 544 228 177 361 211 1029 361 19 542 1162 947 603 141 357 53 52 366 500 1012 353 353 1091 1086 648 1255 947 1001 1171 601 1196 353 97 601 534 791 599 305 1175 1086 161 1255 257 544 920 232 550 326 583 601 218 648 103 150 382 361 158 987 1411 947 32 209 716 395 295 55 1185 164 1015 1141 575 1291 1307 141 1139 648 601 967 583 507 499 400 62 973 360 959 593 1141 947 1409 556 453 959 64 1141 712 1417 779 324 947 324 789 182 507 601 854 64 392 1015 601 1141 353 575 154 534 544 954 1329 712 64 305 499 587 947 563 843 977 947 563 1086 999 62 947 499 373 544 126 908 575 743 1141 854 977 947 583 534 280 345 353 1001 615 1001 1428 1001 458 897 297 606 968 627 1015 386 1171 4 57 974 1141 999 640 1211 577 305 230 809 517 1305 629 81 465 1141 754 811 361 831 901 909 575 1042 840 544 361 1351 82 947 534 770 1184 1015 544 728 353 1049 601 1029 965 889 209 82 646 89 1111 1029 1294 371 959 1106 767 603 1135 1207 89 909 82 590 1277 575 575 166 333 353 606 89 789 532 947 89 499 573 621 999 499 1141 1416 954 648 1037 262 575 486 105 218 1024 1141 496 64 1086 1430 947 1317 278 959 62 458 64 835 625 534 416 947 1141 534 227 458 82 1194 290 305 947 499 767 207 427 116 209 621 973 1154 544 754 861 842 305 891 131 1086 954 785 621 785 184 544 947 64 1402 712 1089 954 771 62 575 305 103 1171 224 1030 1226 19 601 854 1308 609 575 278 19 416 602 1129 403 1001 1141 933 713 947 713 806 97 534 89 1051 1281 206 361 920 82 601 1226 89 893 882 324 413 1162 544 247 1247 1196 333 234 83 635 361 962 955 1164 570 583 1171 458 52 1231 544 505 935 150 275 1150 1317 806 218 1141 534 353 911 575 1430 431 327 361 932 544 339 1320 909 508 165 686 535 950 481 1307 779 7 103 28 353 767 1238 551 767 209 575 920 575 444 544 486 1176 86 575 968 252 262 62 947 304 811 103 63 209 891 301 333 601 16 206 563 209 621 224 500 959 1148 395 622 789 11 164 297 62 1001 248 1155 1180 324 64 621 787 575 238 998 1100 361 954 1099 1417 19 162 620 486 1141 209 1232 1141 151 1250 349 324 909 396 504 899 353 911 357 1134 1415 544 854 1029 1202 947 989 534 1423 1154 947 907 1182 627 804 395 648 1307 789 947 258 947 53 333 1350 543 947 1141 349 575 959 28 583 499 904 534 947 1001 462 901 988 290 209 1307 891 898 892 101 796 528 387 630 1171 1303 1294 672 486 488 544 1365 575 544 544 369 152 563 532 1118 63 544 1307 703 866 1329 376 575 531 62 305 648 209 1186 920 857 811 861 458 41 767 1141 122 52 441 1260 1106 1029 273 621 621 1141 703 1313 544 103 57 1422 465 452 1085 796 477 544 1141 52 64 168 1416 1261 62 1336 575 445 361 977 165 191 1001 648 959 1141 829 894 64 499 162 1328 575 498 218 911 811 305 1231 40 1001 35 854 1316 1015 1086 290 686 1029 959 352 601 871 837 370 164 508 993 767 305 64 648 1141 1323 499 278 361 1226 1265 1141 534 947 1037 712 224 1038 1087 575 1181 163 353 1141 544 133 19 1260 62 534 278 97 648 305 544 947 224 575 869 575 328 1422 265 486 575 62 333 791 1417 291 532 1416 812 1029 892 819 499 544 310 796 166 499 52 1213 361 954 488 453 851 609 85 508 1260 361 947 141 16 575 601 575 672 601 891 947 802 361 1251 297 1387 1015 1173 1015 407 583 947 1345 24 1404 544 879 505 292 608 376 262 575 609 752 206 391 41 947 95 72 352 785 544 575 89 420 935 324 1051 891 947 1309 1214 947 463 621 621 488 544 430 1325 184 428 160 927 82 534 903 1417 575 1089 488 550 305 715 420 977 287 575 210 959 428 333 854 1161 28 1251 575 1430 218 209 609 324 694 682 534 1309 1141 333 820 103 575 801 247 247 982 206 947 821 609 487 868 544 82 1096 601 1317 534 707 754 339 28 865 947 52 445 1251 1205 1166 648 797 1226 947 923 247 648 534 590 43 63 1385 499 694 82 508 1198 498 575 640 835 962 794 947 159 977 82 544 544 621 391 720 1029 324 64 1145 710 789 1266 195 583 474 544 1334 789 62 575 1225 247 986 534 209 1417 1214 983 1416 575 947 324 665 170 28 324 1327 405 575 922 891 712 857 64 909 601 1107 247 947 609 306 1141 575 52 920 1141 361 544 165 665 1198 958 107 762 434 99 515 986 575 601 771 1350 1151 138 720 382 854 499 1001 575 1141 1288 1206 126 1278 534 648 796 1060 1034 353 234 417 1302 928 1141 987 893 1336 178 575 947 857 1351 508 575 703 544 1422 583 947 209 609 84 1416 62 153 430 145 483 305 776 23 305 885 947 1274 352 488 219 648 164 648 361 544 954 1356 954 1214 654 544 405 583 38 126 164 873 499 660 773 544 72 947 607 885 1056 1141 1111 1086 575 1231 1014 1171 333 686 776 534 264 579 52 361 164 621 937 931 1394 601 1015 209 601 324 1001 905 544 544 727 638 534 150 575 361 1251 1194 668 1238 949 648 324 1309
829 1132 372 1315 1239 33 253 202 246 1078 1228 979 767 1121 1060 30 44 616 555 554 259 97 279 629 1317 1090 195 25 823 1013 451 1052 746 366 476 347 117 1020 424 253 253 1052 253 1205 1416 1228 1183 505 582 112 611 1316 744 245 294 355 1096 323 1099 246 451 1345 1165 195 611 861 705 161 181 1339 651 1370 92 1128 616 302 253 408 328 1147 663 721 611 1349 1250 721 57 694 1052 869 298 442 549 426 543 525 546 423 323 767 633 616 464 1033 91 798 195 467 1146 92 6 1144 92 1156 828 912 850 104 839 533 451 451 323 92 1395 1002 20 1155 1305 1052 381 451 1099 92 3 651 849 891 1015 43 1146 726 298 1194 755 1090 1194 897 1050 808 694 473 1052 451 455 733 1052 546 1381 285 92 1393 413 347 1423 451 36 1128 611 13 820 533 738 1128 611 897 1237 112 755 1128 611 253 1146 1407 363 1055 445 470 488 767 320 1205 1360 245 1172 694 1228 159 1138 1062 616 246 1079 24 1052 1205 1146 1320 633 303 25 97 765 1050 963 1015 1146 755 246 1171 1367 546 19 174 1138 455 1194 813 1032 633 1128 746 611 1075 983 816 323 628 323 827 265 445 1086 804 1165 298 1142 297 1016 451 116 1228 445 921 1281 1196 25 1165 1128 1395 1052 294 59 947 491 1258 1382 1013 344 92 101 466 451 1086 1144 663 92 182 798 611 423 145 405 92 455 856 977 145 97 998 266 861 320 451 451 97 1267 57 1052 1052 57 55 1226 1031 1178 694 815 388 1206 1052 82 212 97 451 493 847 1321 1066 1052 430 1104 457 323 529 323 169 490 598 675 1251 298 57 495 414 288 360 392 647 92 1205 482 1079 1042 219 232 1060 159 1205 1370 104 405 457 92 298 92 298 1374 333 1052 1289 1395 57 149 325 769 1128 842 1165 367 31 771 610 616 1339 798 798 987 616 430 448 1128 847 663 1205 136 798 79 1205 92 44 572 767 1103 987 854 325 1311 298 611 250 976 695 408 1205 611 1096 959 1090 1405 767 619 466 1088 1128 149 97 1044 1235 1206 507 1182 798 1203 145 1339 670 767 1165 1053 546 1205 402 1044 104 500 490 245 1156 976 46 484 226 1128 1024 792 27 755 758 145 757 394 1278 861 1128 451 755 1329 579 1205 1052 220 1156 1203 1205 416 798 1305 886 92 899 555 554 1179 1409 1146 92 1079 1128 1062 1102 1413 1128 1062 1094 395 507 1128 92 149 746 492 612 323 947 145 1052 1413 1128 1159 92 721 960 798 1146 1052 246 621 611 882 1052 1096 1305 575 496 1429 220 663 705 615 448 1305 395 616 606 1079 57 773 987 1126 364 21 1084 209 451 770 57 844 996 1146 861 323 1288 581 298 1188 937 694 1128 92 1081 717 824 298 885 798 1382 1205 137 143 323 324 694 246 616 601 1368 1096 92 165 206 1066 1424 1079 854 1258 104 694 10 607 611 323 1165 899 798 1409 580 17 1109 1128 1128 92 799 381 395 303 451 767 555 546 259 833 323 611 616 848 124 451 1423 1205 616 1146 616 1170 24 165 684 421 1205 1078 322 92 488 1128 451 92 215 616 694 895 304 57 1128 92 1194 1328 783 1339 195 728 201 1052 298 231 1027 928 57 294 1270 1146 555 279 1090 1048 177 298 1128 1205 611 555 1138 555 148 1273 1305 57 533 663 1146 685 455 1168 1205 1396 694 242 323 1096 47 1234 771 1412 959 1146 451 822 57 1128 914 1081 79 787 1128 1053 1311 253 987 1235 208 1205 1370 1149 11 947 416 1140 1149 97 262 159 1224 959 1146 386 959 1381 298 402 922 616 490 663 317 771 555 298 24 792 1146 1079 581 925 241 25 451 1200 798 1147 298 616 1413 590 767 1044 298 1253 1172 861 1045 1200 1148 447 1062 587 1277 1138 1373 533 570 699 1194 611 502 1194 21 323 861 323 589 611 55 590 246 611 611 583 458 1311 1128 500 57 533 1242 97 294 1047 847 1205 457 253 1062 97 1090 253 247 1027 886 456 1384 490 738 942 171 97 253 1072 244 1062 633 1205 1090 78 323 611 29 981 1360 37 899 1144 850 845 1413 976 451 97 899 451 947 1240 1323 633 861 917 548 127 163 1147 367 570 219 1073 1019 1395 562 1128 1028 845 664 1078 1128 298 352 270 448 751 720 767 1176 1128 619 1128 807 1224 195 841 1128 451 449 1258 289 640 338 92 641 92 1128 616 984 1124 294 1156 97 651 294 1241 168 57 488 1129 611 421 663 660 421 298 1090 803 298 630 130 1150 298 166 1370 1062 1102 249 1099 298 1408 1330 294 232 611 1262 1303 884 57 804 97 1116 861 798 57 1078 616 1161 1194 451 546 420 843 1090 1146 798 241 1090 1090 451 325 43 949 533 889 602 1066 579 630 445 1089 298 811 1305 1032 1157 1230 1056 715 1146 112 1348 1052 1413 298 1378 140 546 394 92 1052 1228 8 303 818 246 899 1100 25 1147 57 767 555 214 246 1339 798 269 1203 413 1305 395 161 899 192 1205 830 725 6 320 246 235 1375 1146 611 546 451 798 303 66 1052 455 1015 451 959 1128 767 97 363 705 732 559 792 792 798 451 298 1308 1341 38 1133 92 616 79 1423 1146 694 1128 739 1370 553 323 367 70 711 899 323 123 1052 44 599 354 340 767 943 638 92 1052 940 1128 1105 445 992 92 1392 1146 767 402 353 306 486 1177 410 246 38 767 1128 1165 610 777 1205 1370 921 1205 497 1128 1067 1052 1206 1174 1423 976 1081 1203 611 490 1128 670 423 324 298 1056 923 918 941 611 1032 1122 710 1423 253 1320 84 1128 988 665 1409 279 44 323 972 1382 410 633 1240 294 1128 961 616 1128 526 1090 1041 1228 451 1052 705 1303 1362 863 1090 694 92 619 240 236 1278 392 1175 1146 1052 1382 1413 1339 659 1268 165 1090 1052 1005 740 253 399 323 746 25 97 455 633 91 295 92 559 451 847 1033 533 323 828 1013 1013 107 253 1128 858 1393 833 705 298 694 619 1205 402 973 743 1026 549 1135 468 1128 1413 560 1206 253 1250 611 1146 455 1128 1146 1013 546 92 563 694 1236 1305 92 1428 694 246 866 474 1305 616 1146 1363 1305 1128 423 1413 694 298 616 1090 888 125 1395 633 1409 1305 881 402 1402 881 600 958 1292 1052 611 620 323 295 1242 523 92 1058 941 101 866 1052 323 1128 633 1138 414 253 633 997 174 323 490 294 724 798 1155 861 1205 45 716 1128 24 116 451 616 263 241 10 896 298 469 651 885 987 861 1278 1138 1012 246 1357 1370 1205 947 947 448 967 279 1015 1011 303 1146 323 451 1066 1090 492 1300 92 546 445 1166 197 798 230 191 636 750 145 21 402 856 977 253 1128 798 1083 246 323 1190 298 602 451 1128 195 65 455 651 1033 754 430 1157 115 1146 1082 853 1146 381 1128 752 1146 353 363 307 320 1128 767 298 338 781 808 555 947 1397 927 1090 861 639 320 19 92 803 479 1342 1278 1128 490 801 1230 451 29 987 253 546 1157 663 978 1422 1086 92 1142 21 1146 1405 320 888 173 1042 616 1205 1203 97 560 633 722 144 298 298 865 1339 1050 212 253 1360 1206 356 771 96 633 546 633 293
808 909 583 1088 552 864 710 1227 689 500 207 1429 928 1166 1263 596 1197 393 342 927 521 9 1133 436 552 306 1157 72 1261 1055 649 235 579 558 1166 518 545 925 858 721 649 951 342 734 411 761 1114 1222 1097 1246 1229 901 963 818 1075 105 449 1262 1273 710 342 1197 858 583 1263 1396 1263 430 925 87 928 1087 907 1072 1263 734 649 902 388 343 327 367 455 1302 815 1199 581 810 206 1241 1283 276 207 1400 993 172 255 255 244 925 484 1263 240 8 700 1238 1157 79 1229 156 59 951 907 147 1147 505 475 979 395 581 387 1229 951 1370 159 1050 798 255 97 1017 119 318 211 907 1344 352 138 1367 1229 1377 1197 458 1197 1077 1197 148 1318 1173 1421 367 116 583 587 387 1229 1418 1077 255 1045 925 779 709 1166 1078 1392 8 1072 1197 858 552 79 581 92 51 111 843 92 619 1182 343 255 717 1229 130 255 688 909 618 1009 581 1180 1072 925 818 282 116 116 757 484 1351 1119 710 484 858 1318 1072 235 394 484 961 964 1147 131 1421 918 342 798 336 710 1072 288 255 617 928 235 646 1077 1283 583 484 798 1229 891 118 1185 358 931 933 951 1227 490 64 200 255 858 1229 680 951 1283 986 1365 761 909 1168 985 1197 270 305 255 730 949 1075 1415 342 1250 179 1250 1088 1370 1227 979 507 367 1199 951 1387 1227 392 858 1263 1310 1197 62 907 646 1283 670 587 9 266 15 449 342 874 860 440 1038 581 1182 1318 581 866 785 475 333 116 925 32 38 1310 862 841 1157 387 38 44 1025 475 949 1197 106 858 825 452 1354 1114 1129 505 451 928 130 925 761 1230 830 475 255 239 907 1072 764 484 537 555 928 871 1242 1072 951 979 536 858 779 1229 907 1197 1229 567 659 1269 1164 925 382 680 1291 449 800 294 395 948 274 986 902 514 374 1131 336 1263 1197 1047 449 44 1094 1072 1389 811 600 1072 1370 449 1160 925 408 1072 916 1379 109 1197 858 358 1072 234 1311 950 342 658 949 306 587 925 463 60 1010 255 664 758 335 1085 925 1227 130 761 1264 1415 87 858 925 972 883 449 1166 504 373 979 892 907 129 342 335 79 858 642 449 949 1072 617 858 1072 1174 331 706 1131 610 255 1406 583 1147 979 579 1318 1072 1280 1264 160 516 761 240 986 433 1197 319 1184 906 1072 1197 907 484 973 829 55 126 255 1076 507 1162 1302 449 907 234 1260 207 928 981 65 661 583 293 526 190 907 864 1131 535 251 1197 710 367 1263 1182 552 70 389 875 859 1264 908 455 1263 1147 1227 469 1162 1119 208 484 581 1393 207 621 1178 174 700 1037 387 199 581 925 243 1229 449 390 1430 935 1229 925 1227 116 255 779 240 949 1264 1197 1279 811 481 586 1328 1021 894 549 116 710 1260 1418 724 526 1384 907 276 475 358 484 342 761 979 116 102 130 858 650 858 1310 811 1072 738 342 583 721 522 907 1263 119 1162 1227 1426 928 207 1263 856 487 951 342 1053 945 60 1387 152 1072 57 1197 449 430 342 1147 1302 786 1263 239 986 1048 148 255 697 70 1166 1182 116 116 255 581 449 907 1077 34 753 87 1157 470 858 512 187 204 868 192 925 1075 1375 342 319 549 119 1148 102 1229 449 1072 1388 1197 484 319 298 109 240 581 581 197 1229 1302 646 994 342 1318 709 950 1354 342 342 1109 973 367 949 979 387 858 770 1197 831 1168 600 7 522 1262 109 103 584 475 902 1072 986 738 370 893 1406 358 181 1197 973 1371 858 949 798 1119 949 949 1197 342 1083 1263 907 1211 1182 274 353 235 831 925 342 484 1082 1131 1056 1323 1335 7 1390 639 7 1421 240 265 925 720 1197 568 463 449 1013 130 266 932 617 188 928 484 271 581 649 980 1077 858 62 1077 1157 1354 583 12 1375 1263 1302 475 710 1229 1197 830 716 109 255 858 581 581 932 1157 1075 1110 44 342 858 1288 1198 1157 132 423 336 342 1229 374 106 858 207 318 674 435 721 518 935 1229 484 342 1072 128 931 1229 378 82 925 1258 771 951 747 351 1301 445 1227 9 161 387 429 973 107 484 449 710 467 367 395 1111 130 1263 858 764 692 837 316 449 587 784 858 87 1285 1042 777 891 1077 1204 449 928 342 449 447 449 247 796 1157 1045 376 387 1204 833 45 649 6 907 437 1370 255 973 945 997 1075 255 1157 92 1075 1197 423 92 909 721 342 342 684 721 342 1197 342 588 388 1152 1045 1302 1197 243 153 973 951 1227 932 1197 1197 1097 1075 758 342 1002 523 47 925 1088 1157 1127 449 1018 581 1272 1182 949 1077 387 579 274 1398 1166 1197 1147 1275 1166 566 387 503 1377 1229 581 617 794 475 929 743 909 1004 1197 387 1284 1072 1049 270 190 857 37 649 399 209 829 130 207 786 449 482 907 1198 484 552 1227 1348 1197 951 952 956 1111 581 92 1197 1375 858 87 1318 226 1264 1197 1072 1160 603 858 854 1221 1227 720 785 1217 710 203 1227 721 342 1197 387 986 1227 1072 949 1010 41 387 949 449 90 1157 647 387 1059 612 619 619 811 387 1263 1241 245 237 79 1236 274 600 1055 1197 235 1197 423 986 986 1046 1204 314 1269 858 382 255 949 604 707 1166 1342 928 1224 619 417 700 1227 1197 1260 909 1342 907 274 1167 92 1119 858 161 68 388 785 710 1114 92 449 858 429 951 306 951 1197 1072 1 449 1375 721 288 7 313 1264 973 1264 1263 110 255 347 1283 82 1197 1293 159 455 746 1263 1184 948 606 850 675 930 648 255 1087 1406 1153 372 423 85 738 1250 925 484 243 1075 255 841 1083 255 48 1166 1153 761 1229 1197 271 176 1166 9 306 902 907 447 1025 1178 484 936 1072 721 658 1250 15 87 612 549 858 1166 1310 1318 17 649 674 323 1260 1325 1157 388 484 1342 258 1370 271 881 44 516 581 1365 584 1088 1088 287 743 255 1049 388 199 178 235 116 447 1072 376 351 1372 935 381 600 1297 449 274 1335 449 612 425 342 278 646 255 786 1088 1263 1370 721 116 932 1269 907 1137 116 955 1302 588 611 1119 1229 1197 240 721 115 1257 116 1197 1229 306 294 749 660 484 1072 218 521 342 858 155 695 1387 1229 1310 484 305 678 858 1088 150 1315 1157 746 1083 944 824 951 449 484 484 558 649 484 358 1153 457 907 1075 790 181 1072 449 1204 976 1088 449 831 1363 1174 1229 274 1158 860 925 1197 888 201 1302 266 929 484 484 998 710 150 951 90 445 65 1023 273 1206 386 1318 1227 1197 951 842 475 306 207 260 983 1197 909 155 939 1228 1355 342 919 580 1227 944 856 973 102 1072 449 788 102 11 1383 1119 1229 943 971 449 1157 388 1009 92 47 1038 1197 412 617 721 907 490 798 119 449 298 929 1198 1197 505 391 449 92 235 286 436 721 1083 65 67 469 342 449 858 858 255 907 455 721 1229 484 255 907 721 188 387 699 336 951 213 637 366 261 146 977 1370 131 820 342 925 404 1185 476 928 721 538 1264 9 1072 484 1260 1424 235 1197 1197 87 840 306 951 925 699 199 973 1293 484 1263 484 572
58 1276 12 1184 792 1197 660 629 1267 965 891 1023 254 225 989 1386 139 761 957 1127 914 285 644 1311 1310 197 285 517 459 238 758 1019 1139 832 124 517 790 254 229 794 758 35 675 939 909 810 243 1009 741 1081 1321 828 1420 675 710 1017 957 1185 1275 660 1387 551 1289 1047 235 502 247 1083 254 827 254 238 1193 59 139 980 758 291 1197 268 1394 392 675 1023 403 1049 246 285 1139 58 153 812 891 1023 1164 597 454 238 110 254 1339 1263 1164 525 779 1204 812 906 1321 235 148 1319 724 903 212 643 1415 778 612 1363 1257 1321 35 235 299 803 812 139 1379 392 289 268 131 196 1321 1215 1186 1132 356 333 1139 769 238 739 601 675 26 128 1321 840 1080 724 308 1077 181 254 1139 635 461 571 1068 1271 517 1360 1039 86 1009 1019 51 1346 913 1363 254 635 860 272 246 1081 1173 1011 957 497 238 879 446 1197 915 1167 172 254 945 1009 254 184 660 1080 544 250 1339 68 190 660 1339 675 412 1009 238 870 1339 1164 515 571 588 480 1116 448 145 69 1311 770 431 794 1005 987 238 802 739 153 191 120 480 1321 450 801 1217 275 991 571 35 511 60 55 1338 411 1289 1321 369 35 153 268 889 337 915 426 792 238 517 1379 1377 299 1139 941 875 257 499 859 172 1277 1363 735 134 595 526 1162 35 1394 333 1260 1289 675 1139 1321 936 522 802 153 556 480 285 451 514 1189 257 1257 20 344 391 246 1139 412 1420 480 1414 1010 1279 1080 254 561 517 1139 282 364 285 1257 235 979 12 1250 1139 1019 451 1373 636 1167 828 1047 598 1329 58 229 1270 254 355 1048 962 1328 1379 1168 332 1009 344 1339 1293 299 254 611 243 675 35 1246 246 739 235 1019 686 1019 468 503 1139 1279 299 254 1413 1219 1381 411 1075 51 218 909 584 724 291 598 1289 480 1079 139 1023 20 635 1186 1394 1305 218 480 1394 1019 235 139 1413 254 1228 1079 701 507 410 1019 592 50 979 38 1009 937 675 1272 603 448 415 254 47 595 1003 1377 156 285 121 675 571 888 879 1321 191 1379 246 1036 254 1379 904 635 69 1023 1233 202 465 598 1068 957 121 598 588 268 1377 527 1009 970 675 1009 1257 1369 243 812 1241 181 293 882 362 941 526 412 1009 648 191 1322 268 480 1379 724 235 635 27 1352 344 1009 246 1193 1339 468 235 334 322 139 254 156 893 1413 635 724 1413 238 1176 987 1152 257 268 412 322 52 703 235 1049 642 480 121 1321 660 436 1387 589 1387 1272 1379 919 1029 191 130 1394 1341 255 1257 508 893 238 1379 1339 246 71 1079 922 103 58 779 1019 1364 807 254 1285 836 1019 1189 920 555 1134 238 254 1287 1080 635 235 1379 1192 191 1023 1257 480 475 491 253 1380 621 954 1080 660 482 190 299 1272 918 675 1330 1010 106 1339 566 869 1346 1080 1053 588 1321 1236 79 1139 480 1115 355 257 257 635 1193 701 1176 487 893 724 268 254 891 238 577 361 35 1364 1321 1319 1042 268 1039 1289 1334 1023 635 748 675 675 1023 1040 1009 1382 348 235 1419 181 322 675 152 238 1080 1080 635 246 1125 598 739 220 846 433 285 122 53 222 1019 254 965 333 254 1048 172 51 139 309 675 1018 1053 238 635 675 1357 1321 1339 759 557 1023 1379 246 1363 1394 1019 74 802 1381 957 412 1291 1197 828 675 479 1139 141 506 1338 344 739 631 319 1064 163 468 1394 235 1193 822 1302 561 254 470 1416 1305 724 30 487 257 1356 661 706 238 1311 54 1289 1139 1398 424 1346 1139 1019 1295 1321 484 598 1394 339 973 220 1019 675 571 957 1339 719 748 1420 160 268 235 480 190 235 1321 556 11 254 724 1019 822 925 1189 1311 1186 442 557 1347 510 254 1339 1053 1363 758 480 739 1289 1010 739 285 1340 592 1128 142 1321 1387 1192 191 1321 345 1291 518 1023 1377 1311 246 1363 361 285 1048 334 1186 675 1267 561 846 285 675 761 134 724 795 1379 12 675 891 713 258 1023 1319 1326 931 1019 1339 957 845 711 991 795 1139 238 987 1019 477 243 1037 670 429 257 268 285 1139 1089 257 647 987 629 1189 1315 1155 157 480 1056 1257 899 1022 134 406 299 891 411 1139 996 59 1015 635 1019 911 1421 288 1260 468 254 412 468 1094 635 865 800 1018 461 43 3 149 1257 369 794 679 707 168 235 1377 675 1164 1397 287 1387 285 987 1048 1019 762 254 915 642 51 1040 1394 1319 1040 1064 675 1094 1019 386 980 1023 1019 1078 326 235 1249 245 200 1019 905 198 606 473 957 1019 322 1023 254 411 285 513 592 796 246 111 1075 1139 739 417 1430 1101 472 800 235 480 1420 268 938 1257 1392 1123 1023 1363 1005 686 1010 1053 932 915 1161 1019 1064 1379 344 404 987 551 1023 461 344 35 1139 556 879 891 1040 1023 675 268 915 1339 579 724 1289 660 35 88 16 1014 246 254 1321 172 660 344 412 1379 191 190 867 1371 1352 1387 950 745 1394 151 148 703 660 982 724 98 1278 1016 585 724 48 675 1139 802 741 268 666 635 627 285 1139 268 598 758 571 1430 480 564 1019 308 1291 1122 1023 235 1321 1092 1023 246 1019 468 1028 724 724 160 688 1020 572 1387 1132 794 32 139 974 1164 825 254 1305 299 1193 779 615 1321 1321 915 79 794 528 107 254 468 367 451 560 1197 1314 660 864 254 635 659 1425 35 411 35 1315 1242 1307 635 192 1139 517 235 1039 191 59 191 675 162 181 1036 344 1305 1019 1379 43 1376 81 468 142 1019 1197 1039 561 200 598 468 794 1065 571 440 238 190 85 1136 254 219 777 1048 1377 1173 681 635 102 260 882 1099 1019 1019 1159 430 799 249 587 1080 235 597 243 1142 1339 673 1009 246 1139 346 322 991 875 190 675 152 1139 412 375 758 646 591 1321 356 285 598 78 825 1283 235 1173 268 1230 673 1363 41 297 1395 1184 879 561 1377 1108 598 675 150 1019 1080 124 1305 1023 1054 20 948 1382 1394 1311 1023 322 550 517 758 340 957 1108 802 35 1173 978 537 235 246 1080 361 1379 1319 291 1080 965 1373 1088 1379 666 238 483 1379 468 912 322 1080 1019 238 946 200 58 299 1339 593 1146 607 957 958 390 1319 758 1019 1139 1339 1071 800 1052 1184 665 235 344 243 681 1053 1063 35 468 1339 1339 1279 1097 1339 612 171 640 598 1048 344 1064 131 1189 1009 7 891 468 675 104 268 100 857 592 268 254 238 273 517 1023 1079 1148 1339 1339 34 660 870 35 1305 257 257 478 629 58 279 412 139 1321 35 268 1010 626 1128 772 888 411 915 12 956 480 204 728 551 999 1257 1053 1257 747 1053 965 635 1283 1053 1311 7 89 1019 1257 675 235 285 598 181 987 845 1147 1019 894 1168 246 1379 1139 117 1146 468 557 1053 324 1023 37 1225 468 254 1019 764 613 879 681 257 1394 363 592 1189 283 422 47 643 1164 1319 1019 1339 1377 598 1319 610 268 1263 1079 35 937 150 1394 571 777 1340 235 1383 1281 12 254 254 675 1139 254 139 308 191 285 1009 1339 1019 774 1019 238 618 1121 507 1288 35 254 517 1211 354 1289 1339 1340 1339 193

proba init 0.15 proba clean 0.3
494 1042 241 956 996 524 76 683 10 23 58 466 905 945 675 300 1134 1239 517 154 1272 498 143 260 1357 1241 498 1241 1030 205 601 1069 1052 905 501 1195 835 102 675 76 76 356 398 304 995 235 321 1082 615 1340 1069 102 1371 1266 594 158 1340 57 341 1229 453 396 675 517 675 50 453 1303 102 665 865 980 175 1052 398 1073 76 127 1006 623 106 1241 261 44 1355 1132 1263 191 814 64 417 241 629 1157 120 1241 398 205 1329 107 601 150 1195 1210 856 23 498 1402 23 1287 1091 498 175 981 894 995 638 870 425 285 453 1069 1069 1287 23 454 50 398 974 284 786 14 682 175 23 692 726 813 287 662 905 858 1069 486 1069 214 1350 1052 23 1047 1167 175 995 453 1069 667 789 1301 176 102 1287 392 1241 10 438 597 61 905 130 530 469 417 107 268 614 995 107 1344 165 952 1164 205 484 398 1099 1257 825 261 662 1263 42 304 102 669 41 1167 130 1259 308 288 1164 831 308 517 1364 304 1069 1225 601 765 1241 102 154 1414 715 50 635 1324 831 1052 1353 1191 1198 905 1069 61 566 417 1075 601 1340 23 320 86 1303 894 950 102 313 1116 310 867 610 398 1150 1069 1173 931 424 1228 241 790 825 1095 101 398 1241 191 1340 1214 960 594 350 1324 823 247 662 869 1227 175 870 773 762 610 130 106 175 50 517 675 205 1061 264 175 61 417 517 597 498 1257 1224 828 1324 371 453 498 1254 1263 246 711 1263 1211 1094 1041 870 1167 102 663 1066 356 775 995 498 453 1287 1177 1338 103 1240 1069 1352 1324 1239 307 1336 616 1324 1346 290 649 870 102 274 662 268 91 517 709 175 304 952 75 762 521 849 428 390 304 675 1145 1263 1234 1287 1069 175 1069 484 923 499 625 1214 145 1398 28 811 398 88 1241 193 682 1186 1194 763 1324 1150 23 1202 905 268 697 1191 675 106 304 458 821 77 304 1287 1134 264 1263 766 517 437 517 1179 1069 517 583 1315 718 597 304 97 306 1364 329 365 102 854 211 302 1340 466 498 34 308 102 175 870 23 392 980 1263 1274 102 191 30 398 304 688 597 1419 100 1324 51 517 210 791 675 453 398 767 61 505 1324 304 426 755 1052 159 735 1340 453 325 772 870 304 427 304 804 392 304 1150 1286 980 972 1287 484 519 783 139 61 1263 175 308 1340 288 407 1035 1340 288 1052 726 569 1340 175 1081 905 1157 905 518 418 175 764 1035 874 597 1287 979 504 23 675 23 675 1239 517 26 748 952 191 636 1141 392 722 708 453 1225 175 940 1351 1232 191 308 1263 419 188 1190 1282 1341 826 484 453 75 102 145 1321 23 828 818 905 211 1069 102 479 1167 1340 1287 980 739 392 1069 104 1131 10 304 1 593 1195 498 1167 831 102 1164 872 474 803 978 1328 855 377 499 952 136 1373 1167 965 870 23 196 675 767 23 117 1125 1324 1379 398 258 175 1327 786 685 175 608 1064 1340 268 158 81 613 1324 23 1039 732 453 438 304 517 1069 1340 779 50 978 1034 224 304 175 496 1287 621 398 453 1287 970 50 1167 718 1340 1263 1340 1324 1357 255 1052 665 498 787 870 827 1069 1259 23 88 1263 594 662 517 398 173 40 222 965 1069 1340 304 575 23 308 519 1291 495 1371 1263 1152 106 517 921 61 1247 304 1034 1329 1069 763 517 1082 132 1195 478 1425 675 453 1286 205 410 1420 269 158 1340 791 868 495 76 426 237 1167 304 1194 791 1009 609 106 886 733 498 956 683 902 767 1408 873 1364 530 1069 870 196 50 1324 708 23 1186 870 1069 1120 102 329 497 175 360 929 1241 453 214 211 630 517 23 818 1052 107 645 1069 1154 41 828 688 870 834 268 288 222 1413 531 296 275 76 1345 1308 130 212 719 498 262 130 1169 1286 1069 675 855 251 1069 1069 926 774 495 829 682 1263 713 268 498 594 201 517 398 682 76 288 498 725 76 632 241 11 1371 314 1324 613 377 1074 1221 76 398 211 484 601 304 67 993 612 484 945 1319 102 398 1088 130 451 1216 1035 1324 453 498 892 453 282 575 905 601 828 978 165 1241 1041 630 870 484 388 952 29 23 645 398 561 1108 335 1108 268 332 446 637 697 1364 268 1428 1324 398 576 964 788 1177 498 176 517 453 1099 892 366 517 1383 175 921 1287 1340 50 91 1236 594 1340 498 107 594 863 245 107 825 1052 517 559 106 914 1185 268 1241 120 1262 440 517 484 1069 551 1352 288 1216 189 1340 1069 693 1291 594 264 675 484 1035 267 1263 268 498 211 828 23 1263 1340 539 566 32 453 1052 398 594 1241 517 23 133 1241 116 453 1291 662 484 187 288 1149 635 965 205 825 346 200 805 980 61 77 905 1069 205 22 1340 488 671 1035 870 780 498 1340 1324 1324 1367 75 904 175 1371 484 995 263 1241 630 1263 1263 398 662 675 665 23 980 392 398 517 97 373 517 750 304 477 130 568 42 831 1278 175 1263 675 268 453 23 175 1340 652 61 158 453 1364 1340 433 498 707 453 1324 76 1344 1344 1011 453 1069 850 645 1261 1371 1287 23 442 268 1263 1069 1396 905 1048 1194 883 1356 980 1106 1228 126 1069 767 1134 580 427 191 905 612 673 175 760 641 1069 23 825 1410 175 1340 454 107 1340 675 611 241 1069 102 1241 1261 107 1340 1289 437 340 1241 675 1265 304 1203 1340 662 712 566 1340 438 392 50 392 675 597 1069 1274 952 859 1069 191 145 1076 856 675 1422 1023 1069 438 76 268 1324 398 782 601 750 16 1069 827 791 662 102 601 160 594 398 995 23 1340 861 1241 1400 23 484 1069 682 805 1150 318 905 1167 1287 243 130 1246 702 717 706 1263 1411 662 1035 665 878 1164 978 1150 1069 1000 10 76 1227 1370 23 1241 498 1324 601 419 800 1287 995 913 916 107 860 1369 231 956 956 870 10 1340 1125 1324 994 453 1069 1167 1248 304 517 1287 340 268 1154 989 1408 1340 1186 567 611 76 280 870 604 61 1340 517 777 268 1287 484 718 268 980 175 1155 1167 831 543 1012 1371 1232 484 1380 1371 398 1279 1035 1167 1069 905 1241 268 1053 1214 601 191 1076 1202 1324 517 967 597 76 484 727 675 267 1340 800 956 1230 1287 498 1052 550 475 175 494 1340 601 690 1069 76 308 1302 868 373 1324 594 35 23 61 828 304 841 956 1340 253 260 453 1430 1186 706 1006 102 1069 915 857 1032 926 1263 236 85 893 371 352 1023 304 509 1070 697 408 338 256 788 175 398 718 453 1405 1241 77 1125 932 1340 825 241 165 897 1143 517 1396 484 175 205 369 50 965 76 1340 23 965 1195 1179 1291 1069 1055 1085 1340 498 1324 524 107 860 175 1069 77 288 1263 294 1262 1263 786 268 838 965 659 1069 212 23 1340 107 1069 1383 1125 398 517 1046 728 504 597 1198 1111 42 191 175 992 398 1069 675 1340 1324 416 1000 453 146 641 76 1191 77 106 1177 942 404 1287 1215 149 1186 102 23 308 356 1106 1340 304 392 498 567 601 675 307 1069 1069 1069 665 952 329 76 102 739 709 50 332 601 268 601 995
683 757 1083 26 992 428 438 89 1295 469 83 83 29 496 438 965 745 306 894 622 1103 698 806 408 992 1116 698 1382 1039 644 238 589 262 715 467 330 719 661 824 45 238 278 361 1414 1327 1121 702 1329 583 295 611 1156 698 1369 142 798 181 387 89 1220 894 975 1101 1047 779 59 493 953 661 770 1280 463 96 908 438 142 238 616 428 176 1155 96 894 488 28 226 661 26 278 932 1373 37 1109 220 341 644 779 644 1365 661 894 824 361 720 902 1378 316 1107 611 1227 156 1109 96 200 115 1238 363 1238 1134 229 1248 611 726 293 1176 655 487 73 258 278 740 870 377 71 58 278 275 1139 545 1359 653 86 421 491 26 724 901 353 148 96 1280 96 278 1248 391 522 278 641 926 661 286 540 1382 1295 104 1271 480 58 1101 992 992 229 366 779 156 1304 366 689 492 1338 894 644 611 1357 86 428 586 779 58 661 1338 1426 661 1369 661 1280 316 1299 894 518 178 721 894 1344 269 1414 589 582 894 341 395 661 302 1255 752 1135 355 1109 562 1144 1316 698 808 1389 1109 95 964 1373 968 777 659 611 151 650 1120 374 726 290 726 912 199 636 873 779 102 611 1147 760 1358 870 1404 365 562 1097 779 438 1382 968 86 1101 278 142 10 1135 177 536 58 824 1003 96 118 1388 96 990 278 868 96 1130 1135 37 644 537 22 96 188 1373 377 1135 698 631 428 894 894 1139 698 698 1182 661 278 269 661 421 1414 1307 206 1280 661 589 1382 278 903 512 698 1248 1126 1091 239 585 278 801 631 1135 673 1161 1 1143 277 181 538 260 628 661 917 1109 808 216 26 85 545 51 1338 894 1052 1176 468 1176 1299 1414 1427 1201 661 178 551 611 96 429 611 25 278 128 1176 661 1176 1147 619 779 933 1101 1139 1109 901 1417 125 998 102 421 900 745 938 770 779 438 546 1414 1424 857 1203 1414 293 894 500 661 782 745 116 1251 953 429 899 729 650 593 1271 1414 894 1135 530 812 1044 661 725 644 521 641 717 698 1356 894 661 532 720 233 176 1171 770 279 661 968 611 779 1414 377 1271 107 331 201 45 894 1356 1271 1046 870 779 129 395 4 1338 1414 1139 850 872 100 894 391 1248 1338 319 31 1414 269 1414 570 176 1414 497 757 428 945 1070 86 435 1340 698 992 661 96 894 779 1104 740 210 745 645 641 921 171 779 96 1176 891 814 661 747 745 1139 269 210 86 1135 293 226 985 264 438 278 438 96 438 980 992 1135 258 1059 1008 176 1066 1422 1343 1135 1139 258 894 611 26 894 661 1343 1109 323 767 1328 175 42 1248 452 992 79 704 653 1098 973 1330 707 438 661 1274 1280 779 293 824 1360 176 611 1351 1007 1295 1414 95 1220 901 912 1280 32 891 328 1411 1190 1236 305 194 363 1058 894 144 178 7 1280 901 1087 635 987 373 1144 102 1373 1363 894 1120 45 1089 96 112 990 563 96 870 951 1109 641 426 697 726 1135 1206 45 1156 870 1245 1414 641 86 86 1057 1135 1135 45 1140 1414 408 805 1302 85 391 483 535 1265 1206 1280 1128 641 661 779 428 74 992 1382 770 698 990 599 278 472 548 322 933 661 142 757 537 703 1120 990 904 901 589 641 1414 942 698 894 435 328 1023 428 661 229 724 611 1135 240 644 1061 269 582 428 1 1135 188 419 901 96 215 438 1248 757 644 615 377 196 1203 635 1089 434 994 238 362 339 792 1414 709 1287 145 377 375 304 1430 698 944 1299 845 457 1367 148 386 992 429 377 541 998 1135 503 694 1409 690 589 377 661 812 894 1113 1308 673 992 870 1163 421 571 745 707 678 1368 661 1178 215 831 611 1100 262 409 631 903 451 1139 333 894 377 229 238 421 345 102 1314 383 698 1 1135 72 757 1135 1216 27 278 611 193 1039 632 699 779 361 661 229 544 698 142 939 967 1135 178 238 647 698 714 894 557 1120 383 240 300 894 1109 1270 235 1180 45 222 747 945 894 1061 89 1307 1261 383 937 952 661 428 548 1101 1043 124 206 894 870 698 455 1248 1161 319 982 738 542 384 343 96 339 571 1139 120 361 442 662 1176 548 779 278 1062 727 770 779 564 222 830 538 881 779 1117 1135 779 299 779 704 1411 1178 174 990 1248 1398 536 1109 1135 1135 96 1101 597 641 1135 341 561 142 641 698 366 142 1018 1343 366 1295 912 1382 1308 488 45 1140 537 894 140 430 278 407 488 1144 1275 1067 901 1120 1386 318 429 343 746 142 541 1061 347 504 488 661 182 698 1046 894 1378 661 383 1042 457 390 1248 641 1158 553 1065 635 469 673 870 282 1248 1205 1359 611 229 644 578 973 901 644 714 1053 429 1248 258 407 415 178 1294 644 1411 635 937 278 210 1139 1109 698 364 1135 545 278 894 992 96 993 537 455 916 739 746 661 366 698 757 438 770 269 29 176 537 86 1115 547 178 387 1414 1155 474 902 722 393 887 996 533 992 641 1248 699 96 1135 278 788 1424 1248 835 779 1140 698 868 493 1322 238 290 1178 878 1248 74 1144 57 214 488 293 447 1203 896 366 589 641 1279 837 463 88 216 1412 1422 548 932 669 278 745 206 341 1120 661 611 56 1415 278 96 779 891 1181 373 96 378 788 366 86 1398 443 470 428 661 96 1076 366 779 635 729 703 1414 438 591 1414 28 779 757 278 1382 635 967 176 1048 176 894 1271 391 871 1264 1119 429 1189 1139 1181 854 383 968 424 428 807 238 829 201 779 1090 894 290 1120 269 1021 661 58 661 537 876 142 86 1238 611 641 895 404 990 815 611 278 377 649 541 1290 731 1280 364 143 1299 1427 894 916 913 661 278 58 210 770 849 492 1338 541 278 269 1295 238 1276 1141 891 1334 698 428 894 822 1109 1231 349 870 877 916 229 554 313 824 1109 951 1295 641 1363 428 894 493 589 1280 878 1414 990 267 715 318 4 1203 1139 779 426 1024 1382 238 551 1061 188 200 438 1207 824 641 293 661 1280 1066 258 545 694 1280 125 1007 206 399 525 611 1045 428 45 669 210 1280 429 611 990 1129 469 1125 894 26 233 263 1061 1135 263 1271 238 89 278 894 665 665 1141 1006 898 475 698 346 1236 103 278 278 779 777 991 637 238 894 206 742 655 201 142 698 1378 992 847 1414 342 1109 779 377 564 870 611 751 663 1139 661 611 539 1382 1007 631 1429 894 894 1117 89 1320 1427 1414 81 377 900 40 1252 775 466 96 438 726 870 294 786 1016 1363 759 779 1321 1123 349 421 358 1135 1360 808 1139 644 1139 901 901 238 86 1378 901 384 726 794 1254 1139 870 779 698 428 391 366 319 913 845 317 85 661 428 918 213 1027 779 278 901 58 1212 181 1338 779 366 589 145 1363 45 241 1410 1418 112 894 998 1135 1338 86 96 341 45 518 894 779 201 45 586 1248 37 372 424 176 855 412 290 850 901 293 302 1109 661 661 1338 990 278 224 86 1414 176 698 569 894 891 1161 589 429 953 770 1017 812 645 661 1382 168 901 1213 1019 641 894 88
285 613 1344 1261 508 1375 478 1096 1312 761 1117 518 1198 1102 1419 860 444 725 383 644 274 1086 32 78 508 809 1086 505 741 526 562 348 909 1275 1102 400 1061 527 364 383 562 1319 520 1199 520 983 695 172 1052 383 180 539 1324 812 383 45 348 538 259 1150 508 533 180 383 348 302 68 75 621 45 63 444 303 1038 1163 1138 562 926 1375 1359 955 600 1086 518 1347 267 611 457 520 285 358 871 1399 518 1138 394 348 550 720 527 833 993 1138 684 267 958 1086 101 444 894 1163 1399 98 557 883 520 499 1240 486 902 935 668 709 778 1291 244 1347 662 787 520 260 533 324 373 383 381 347 1365 226 284 45 348 668 26 1261 739 1250 1129 909 749 457 1312 520 662 699 667 674 1372 1236 45 104 471 1017 1312 1414 17 865 45 895 508 670 902 316 348 172 199 752 1261 520 787 383 1285 358 1414 348 1375 1229 444 383 1198 1325 865 1236 862 734 457 1138 716 431 1151 509 43 1255 812 1278 865 668 444 716 409 505 708 782 909 684 1320 1150 1317 309 131 691 348 1326 45 928 490 26 329 375 555 518 444 293 1056 84 447 167 754 167 870 473 290 1147 348 375 668 959 1086 222 400 449 983 1229 1365 508 444 1139 375 348 418 520 906 383 383 892 174 383 470 542 693 215 900 1156 450 645 955 253 302 383 6 1319 33 781 931 490 84 812 1270 1086 61 838 797 1270 726 1086 1086 427 611 520 235 611 1180 1392 499 1047 457 527 859 1288 1319 549 520 1086 140 1349 383 852 499 520 91 628 812 897 1229 777 383 127 281 285 1198 1212 527 1420 383 846 499 383 376 96 865 294 376 520 1412 1198 528 1110 865 444 1240 1275 1031 108 668 1417 668 1105 812 69 1086 1291 527 896 959 281 348 1139 1097 234 334 1323 579 1387 127 812 1180 151 45 518 153 348 805 955 741 526 358 194 91 592 797 1300 1198 530 679 347 912 658 668 812 1078 865 652 1312 1376 812 1395 864 383 1301 527 644 670 736 414 111 1086 763 431 1251 380 390 913 577 669 383 1133 527 375 1240 348 1267 518 279 414 468 127 1053 383 530 518 1167 533 348 864 865 664 1317 865 912 913 135 833 797 699 815 812 1430 473 908 362 865 1194 577 908 239 1118 669 579 130 668 788 172 1086 508 45 896 1312 444 1024 45 304 383 1024 261 808 478 348 1387 896 383 781 611 1149 1241 923 1110 1391 348 1312 592 267 666 1180 1206 348 871 755 383 913 508 73 669 896 490 577 597 955 1273 1026 1237 340 676 225 668 1312 611 674 292 1292 516 285 91 687 1402 1415 611 1300 206 358 797 1117 913 1203 668 527 1100 457 348 592 669 864 577 518 731 358 1312 685 1026 668 1138 786 457 913 383 1099 209 1177 709 324 564 499 1312 431 602 1301 347 457 1081 1252 383 1073 58 1319 358 865 1008 1141 1270 348 45 387 1138 1362 416 1199 815 1198 931 348 969 1177 167 812 21 1282 282 1312 1414 865 1249 348 348 1379 324 324 518 114 865 267 420 410 127 348 155 592 1102 909 457 457 414 611 348 127 26 508 1124 1102 1086 1032 1305 520 453 296 115 1139 527 817 383 383 454 423 739 1138 1081 668 348 865 90 1086 431 1241 1077 518 669 45 902 955 180 464 490 200 91 1353 457 1375 221 1270 1274 714 1024 762 864 518 815 1095 611 444 913 1077 194 633 45 146 1226 1312 224 499 1196 908 579 460 1261 324 563 10 324 518 747 851 662 520 827 649 864 520 1262 518 511 460 127 955 913 443 514 348 913 373 383 431 762 1379 423 505 1312 633 1180 146 633 909 161 513 1198 752 1418 1279 605 797 324 446 61 1340 1024 1138 939 833 1383 902 562 1180 26 1366 675 26 1086 1035 508 1086 383 444 853 499 871 383 1293 772 444 518 348 324 45 902 1340 1086 817 45 12 812 994 1312 1024 1086 295 1407 103 383 1007 1366 668 1317 152 797 645 518 277 684 147 1173 716 865 131 1401 1009 1141 520 348 611 668 929 812 74 1366 845 865 1330 1086 520 990 1201 1396 889 716 797 559 913 890 777 1067 40 414 668 1097 559 1291 645 348 520 657 226 1246 348 550 597 293 604 864 348 1198 1317 348 685 518 350 383 1086 375 518 268 887 596 257 383 1099 1171 912 778 348 668 1138 1399 175 348 1086 45 817 1046 1261 611 1226 1342 196 18 955 764 1048 348 1141 1301 525 77 444 518 348 1066 1138 1024 713 104 1340 91 233 1404 376 260 812 658 459 383 611 348 1086 147 797 830 611 1141 913 864 26 815 1006 900 668 1102 180 1180 611 1102 670 815 99 119 668 902 1151 1045 499 1081 875 1229 490 996 383 340 865 1073 45 533 518 45 383 48 520 23 1412 415 348 518 324 592 1113 431 508 1387 1366 275 520 1035 605 1299 611 1198 1086 383 687 45 1087 669 871 1107 444 1035 807 383 1179 908 35 1105 1163 1154 1372 1050 1312 45 508 348 1411 1024 69 812 520 207 16 1312 864 348 1358 1086 180 383 127 383 373 373 358 698 81 838 753 289 518 477 45 194 518 857 928 324 668 444 1208 1048 1056 669 423 865 167 63 520 668 1080 1138 1362 1198 1000 1291 965 146 1387 348 45 1229 58 1387 1316 506 1198 518 1141 209 157 1375 1163 895 510 1198 348 281 155 48 812 444 136 865 1347 348 383 520 1288 383 1414 577 1273 577 502 1312 348 1277 444 1240 91 375 40 1039 853 6 383 444 1375 1414 1312 855 127 348 383 845 450 1280 348 1362 1370 383 527 48 173 817 348 520 444 414 784 1102 739 983 1038 518 913 423 1102 500 45 457 1349 811 1341 607 384 1200 865 45 520 760 302 45 383 1347 324 1102 1319 668 1312 562 766 1154 668 505 1086 127 716 1177 1207 561 520 423 1396 734 902 535 178 683 1261 676 1312 414 1113 127 431 967 928 457 88 812 348 77 534 497 232 194 40 348 478 951 1288 562 1156 801 51 490 444 180 167 348 592 383 457 1340 340 272 755 457 1238 1105 934 669 1171 358 112 669 348 1069 34 457 668 444 1023 1339 285 711 716 865 340 377 1317 383 377 2 562 1338 1319 1312 1145 1133 1207 1261 1220 130 1086 1314 449 351 113 383 348 716 833 1260 383 833 376 338 383 127 817 1086 992 508 797 865 913 928 348 913 153 57 1264 1181 508 421 527 668 825 117 518 61 797 833 833 987 788 1211 444 908 338 1029 1041 1003 285 734 730 985 348 167 533 499 716 781 478 778 348 1229 852 913 1180 1131 383 533 180 133 1129 1265 1024 1081 383 348 1180 1081 383 952 460 91 831 1312 348 1086 127 699 45 1387 565 532 825 1151 611 1375 462 45 322 348 1077 358 614 518 513 1270 348 1198 928 465 273 668 383 557 992 181 383 797 1270 1270 915 470 1138 527 490 797 414 127 602 810 533 228 185 444 1411 1298 955 627 857 1003 778 859 1075 383 332 618 431 201 617 607 908 577 1086 865 716 1072 266 668 668 523 1349 691 1386 383 527 1288 376 1024 115 833 348 716 520
33 574 1123 1383 1107 983 525 48 441 269 1351 648 1016 547 169 1119 736 405 311 824 933 22 152 665 1107 628 623 341 799 1389 311 43 43 952 338 882 524 851 969 663 673 666 1289 1198 751 219 661 207 645 634 580 597 636 712 782 465 1232 1167 1032 233 311 409 741 1075 43 173 1199 624 948 1029 833 736 1379 267 173 197 484 959 340 246 569 382 311 615 1185 640 1016 1074 456 33 613 1313 533 922 638 1400 43 409 1189 1016 311 126 1263 133 645 1429 748 382 736 1379 1313 267 1379 470 1319 654 954 654 1337 209 230 580 1189 1379 1303 327 173 266 86 666 525 1258 1277 1379 1240 868 592 997 534 400 22 520 580 47 918 1254 382 914 741 382 1090 1299 666 230 580 381 666 43 37 472 1379 478 1372 1181 181 1384 786 22 1075 1107 1035 209 1248 251 1051 893 1223 1325 666 1015 311 1353 736 444 24 647 1109 736 544 1016 524 1289 1386 31 1159 403 875 1046 263 1164 645 149 847 1289 376 1289 580 736 311 1086 341 966 873 741 546 1232 970 1075 536 741 1379 173 409 833 263 603 47 613 162 311 215 736 449 645 1192 803 77 1038 77 603 701 645 1254 43 1075 1209 1185 654 337 946 222 219 257 1013 425 736 560 857 43 148 666 33 676 1232 1282 203 816 1270 1359 1379 949 1366 382 1254 23 569 1379 854 1075 311 1379 230 1206 1379 596 613 337 1384 22 932 1010 311 311 997 242 773 353 1016 666 376 636 52 15 567 1026 580 208 1167 695 666 853 109 22 230 1379 205 211 1415 666 1354 932 1075 645 1288 1104 182 211 39 33 584 757 353 219 997 251 229 68 828 1379 557 485 847 1067 380 833 1099 722 1289 736 654 1308 1075 1379 645 1379 1051 248 335 666 1209 699 353 1427 1185 469 43 560 420 997 190 954 1191 621 745 387 52 1400 43 251 798 43 1022 569 1198 99 52 941 1289 1379 311 951 833 788 331 1267 32 768 580 1075 1232 504 556 1384 1198 311 208 1185 208 1267 353 907 1262 85 43 188 22 731 509 864 1299 243 219 465 1176 1189 445 833 61 654 43 1198 73 1384 654 497 733 249 311 1425 1075 1075 1149 43 101 1289 589 1075 1289 230 763 924 263 311 43 311 557 775 1242 1198 44 1289 470 465 1198 1299 1381 1176 988 1379 43 266 1032 1284 1289 663 1379 847 736 176 1392 1115 266 819 331 1102 1217 251 1379 1118 152 435 833 1066 208 401 376 1147 267 1384 1379 1093 1378 52 369 43 229 382 1075 1395 1107 208 1176 1387 288 465 1189 569 244 294 997 1176 311 645 588 847 1016 148 533 1399 799 33 645 1405 230 847 1016 204 503 736 89 77 406 505 580 353 1052 48 43 1379 1176 41 465 580 257 52 118 1198 806 791 949 22 288 164 1189 646 699 570 183 1075 634 822 1262 847 1232 1267 654 580 461 584 1075 1165 140 755 52 1289 1060 311 1351 43 659 1379 1037 525 327 1379 230 1016 173 1364 556 1027 1189 1232 161 267 190 925 181 1289 22 43 43 311 1232 1075 249 1232 1289 373 533 1379 1111 43 230 1379 108 173 607 665 43 1016 251 1379 47 739 909 1029 121 634 1075 1215 580 1054 152 560 1016 1335 595 1232 266 785 525 1386 733 580 43 1289 738 556 263 500 1180 113 1176 1016 209 569 645 1075 824 738 1289 376 1034 580 391 1232 1232 659 9 382 1185 1189 230 1075 1299 736 1197 439 941 214 1060 103 937 536 258 1385 680 1198 1065 1060 572 535 311 1235 1093 22 1400 1413 1075 666 970 1267 1185 666 580 1232 230 173 1384 569 1316 947 407 43 1197 1337 311 847 928 816 636 341 568 645 52 831 177 741 954 153 1042 170 580 241 260 1024 637 1022 932 1312 409 997 833 311 1139 209 792 52 47 1075 572 47 1312 911 557 103 1333 736 1075 1231 465 736 738 1156 1411 527 505 1075 1016 209 1312 22 1382 1339 534 1232 1075 329 828 22 1254 311 1351 1232 1340 1176 749 311 117 831 726 1096 267 572 904 1398 263 1289 1232 318 1406 337 666 651 353 266 1140 557 1235 245 1203 311 1384 22 666 230 1022 320 792 311 1289 947 448 382 1338 831 997 1428 741 1356 44 1303 1020 43 666 1417 1075 169 43 1373 979 978 330 622 251 833 1232 43 752 645 946 629 854 141 337 230 1289 1267 1075 792 1384 1379 24 1379 43 173 404 135 628 43 22 833 400 1051 721 1016 574 947 1232 1232 569 267 1232 43 311 1267 286 1008 736 645 43 503 709 1147 1420 1012 1312 580 495 379 486 906 738 553 1199 792 1016 43 22 904 311 1429 1016 337 646 666 47 230 43 947 723 1303 22 52 636 792 777 230 379 713 132 209 409 148 549 134 502 574 288 1051 792 1176 1289 214 833 649 820 215 1189 1040 666 1019 997 56 43 251 1028 1379 556 219 1107 1299 1371 230 666 612 789 831 1016 1042 1189 1265 169 1029 376 1176 465 287 736 983 1303 1075 58 1198 1245 1403 799 1384 384 572 1299 663 1232 94 230 1385 1299 741 666 934 556 230 1185 43 481 22 846 792 413 1075 1012 126 52 230 580 666 1234 313 792 1379 741 941 251 174 580 22 487 736 573 1103 1279 1176 921 77 1266 832 666 895 325 326 581 833 1293 173 34 755 1299 43 152 574 140 1299 947 769 1016 266 741 1343 1233 983 711 382 313 1016 43 1075 1273 539 1075 736 663 1198 197 43 979 666 695 668 181 465 173 465 311 1384 43 445 736 654 1051 199 997 1214 1161 554 413 736 580 181 558 1312 1231 43 792 311 1147 376 43 686 1060 836 353 311 503 590 43 666 736 43 1190 43 752 219 1405 738 1197 1366 1424 22 860 149 1379 752 1031 718 311 1202 1289 215 666 706 1223 1029 459 645 1075 108 755 376 10 1132 449 115 152 341 22 1176 311 967 1278 1379 125 1007 320 1155 209 625 348 1353 1383 741 1243 741 480 1176 847 464 580 163 752 1289 43 1379 1117 1312 1408 941 997 43 593 1289 695 276 1185 1232 1269 1254 736 215 1376 43 1379 1016 559 1312 1176 1379 593 108 433 944 1334 1176 902 645 1051 1176 43 1121 1173 63 580 736 1235 1312 33 177 311 1289 979 85 1232 1232 85 1384 323 470 1183 847 586 1408 1075 1383 397 1379 22 252 893 653 513 736 43 311 263 1026 792 311 966 867 1189 1364 400 421 1429 419 51 1289 60 190 43 1197 103 1401 61 947 557 401 952 580 1042 1384 889 932 906 311 311 982 1054 439 736 1198 1311 116 691 498 33 1020 376 1299 43 77 1096 782 459 268 875 1379 43 574 749 1405 52 1038 1232 27 1317 230 1301 401 173 1415 736 43 1429 576 792 1172 379 580 401 1384 43 1118 580 978 654 304 863 1354 1166 409 1016 1176 519 215 525 43 101 645 1222 907 35 727 251 1016 580 513 1351 947 1232 426 771 817 311 663 542 844 267 1379 132 267 591 311 43 700 267 717 230 62 331 736 449 214 1246 241 174 498 1379 749 1122 1232 353 253 674 182 833 267 1198 465 22 1289 311 152 1288 580 580 316 1029 1379 42 1121 269 695 847 173 276 311 288 311 1221
232 1249 241 533 36 338 513 9 526 429 218 776 102 1325 664 689 788 940 1170 1017 148 623 353 1310 882 1162 776 770 718 966 428 308 868 1099 1116 1164 1037 193 598 308 405 11 769 1034 1131 407 496 517 1350 898 151 1021 788 1111 52 360 1235 946 500 1088 1235 508 1235 1132 151 715 951 1373 193 892 497 559 428 272 898 609 6 1359 1341 517 336 893 868 476 1064 1288 1128 144 308 232 619 1430 513 1368 740 1000 788 262 511 1346 1141 868 740 849 248 189 776 476 1235 497 297 513 428 373 136 1424 1243 919 707 264 662 211 152 497 462 899 520 1200 1119 308 625 1223 1310 796 149 910 878 1144 1027 17 788 868 278 84 394 482 999 720 549 893 144 792 308 662 868 1400 308 868 118 193 497 600 1015 526 642 500 769 788 368 37 476 264 566 868 125 898 1053 341 1346 959 151 1278 1235 787 868 822 188 150 149 270 959 769 885 1266 1261 144 609 357 89 935 248 1018 443 338 308 769 1235 526 1141 1031 1085 136 211 497 564 1138 697 513 1310 991 500 788 508 641 513 285 182 1110 800 1141 796 868 605 613 119 581 901 1287 901 18 1141 492 1117 868 80 868 1299 1235 428 1008 740 1282 188 910 531 868 596 1368 868 462 308 52 1223 1132 944 331 149 972 568 1132 1056 218 893 73 801 1034 428 715 1235 151 987 660 116 428 285 1287 681 500 623 630 51 338 1132 1223 84 788 577 1128 308 308 1128 468 463 766 268 144 1371 1144 64 11 419 1116 623 662 497 1207 437 209 308 278 1289 160 14 136 1319 1054 592 1235 232 707 1235 193 833 513 50 205 1235 1296 428 769 167 8 1371 1153 269 1010 37 769 1235 919 29 402 497 1235 428 278 1375 621 308 776 462 193 1348 1299 1032 788 770 584 377 513 898 1291 535 60 941 468 314 868 278 121 868 788 1163 341 863 926 1017 769 497 844 169 898 793 822 878 556 1166 211 782 1015 163 1277 500 1046 782 727 1237 1235 577 193 1017 820 794 868 242 623 894 1235 193 428 811 959 883 317 424 391 60 118 919 868 1191 604 811 1196 1247 428 1108 1235 657 1132 1235 1223 868 441 769 1332 1132 769 1223 1346 1204 1141 1134 822 1141 782 136 423 341 308 769 373 243 1191 1223 780 1119 1291 497 868 513 125 788 769 788 428 1105 1256 324 114 974 868 1261 868 791 314 868 428 1348 898 715 839 707 1286 1223 308 974 1200 500 497 374 613 468 704 308 1088 893 1235 1346 187 727 1119 1348 898 1356 1383 495 951 136 1189 1119 782 1332 559 878 1128 1067 513 10 999 232 248 1109 662 25 722 193 531 1235 338 1049 1346 843 211 308 1141 144 868 497 1256 71 1227 278 917 926 969 288 217 932 609 623 144 1204 308 608 997 727 996 1132 867 571 1151 1336 626 410 872 144 232 308 211 334 1132 308 926 769 524 1340 1354 868 1157 428 609 625 989 428 384 1110 513 898 237 517 152 1132 1066 1108 307 1223 675 769 497 898 868 880 1310 1132 1108 591 769 446 524 497 1176 868 662 497 1385 898 144 459 868 1235 868 428 1322 484 830 892 776 483 1235 308 907 537 429 770 193 52 149 1235 822 353 483 609 232 211 868 769 106 788 1392 1337 841 1166 1119 1128 264 1099 788 1328 285 755 149 1292 144 1323 357 1235 1368 368 1256 893 1237 1088 662 748 428 788 1346 52 783 1415 386 857 1166 10 141 689 869 1191 1291 524 984 1310 1141 654 672 868 1256 676 198 1237 195 1215 1237 674 278 722 386 898 428 1344 52 898 788 278 519 796 1235 1091 446 880 738 139 1223 1415 468 125 1354 497 974 774 201 418 845 624 663 715 1310 616 1315 480 607 609 60 1082 264 264 779 468 921 1132 1101 143 623 1350 782 776 500 151 1132 571 496 151 1339 1129 690 1166 1200 1310 1128 264 480 623 52 241 1268 1235 1301 1351 1334 623 73 971 750 1132 690 914 546 500 513 959 1203 553 868 540 826 1235 1141 769 943 1415 863 1340 1195 1200 193 822 1007 782 475 445 974 1132 1223 623 752 662 52 355 839 1141 338 1204 1346 893 140 1288 609 868 1310 360 1292 462 418 868 149 497 733 892 868 1320 1235 1306 121 199 868 60 1235 868 799 1200 151 1207 776 118 845 662 672 782 513 1235 500 428 1247 497 868 1256 712 801 52 868 623 60 52 539 1227 293 188 1132 52 868 775 855 178 788 1354 577 486 266 1428 476 788 531 609 1256 353 844 480 278 666 333 52 76 151 980 425 300 710 1083 623 1277 338 413 1128 1340 1346 62 293 662 868 898 231 1240 788 136 755 1235 53 662 517 17 1415 264 508 88 984 232 167 188 392 278 662 1119 769 1268 839 508 235 424 788 1235 308 974 513 513 868 1200 959 1223 308 932 1010 428 736 788 308 923 782 378 1128 142 1310 149 211 892 1292 320 738 983 1138 782 1148 1170 1292 1191 1119 694 332 959 636 655 428 599 151 822 662 1291 428 898 308 285 788 1223 1237 868 1379 788 1428 951 423 472 796 796 926 662 278 1289 418 39 476 497 898 373 1184 424 278 788 488 1291 1291 327 594 197 43 1132 901 300 308 155 379 740 1354 529 1109 169 428 308 1091 308 211 188 1235 428 898 700 1380 868 1340 1191 478 119 1295 893 207 1391 868 975 1320 1235 1235 788 788 911 991 868 149 308 1330 1415 991 258 1256 86 151 500 1200 391 285 919 769 19 609 1397 491 151 1286 191 352 288 15 627 202 868 300 852 618 353 822 31 524 149 193 1141 531 52 868 1116 211 868 936 1235 483 1150 868 308 488 330 58 623 898 144 497 708 1204 540 1083 691 769 700 308 149 974 892 788 121 1132 1199 308 1292 949 1355 568 1271 898 1410 623 951 1141 794 1170 497 1346 1223 1040 725 264 152 1242 537 513 877 271 868 524 460 1326 951 1235 144 708 1191 897 497 972 324 624 631 1022 868 974 406 1172 138 535 1235 682 285 898 1235 745 868 497 805 144 44 1119 428 80 144 31 894 694 1119 880 1235 1048 1119 868 934 974 144 788 868 73 1352 232 462 1141 769 1119 1414 782 1235 1311 811 1004 1235 308 151 45 44 1170 266 1153 497 623 727 604 1151 308 1043 1200 1141 1149 268 285 1141 1102 1036 37 428 52 788 914 144 338 769 52 513 868 900 1085 1223 1354 898 919 1223 193 278 5 1172 1169 934 270 246 981 749 317 880 1412 1191 328 1286 121 304 232 878 1292 428 868 901 1223 595 1235 724 524 497 868 188 546 1346 468 1410 1235 508 989 428 845 1331 1256 232 347 868 41 232 1310 1006 517 907 88 592 1415 776 996 125 811 256 211 278 1268 271 1128 428 1204 700 625 788 1333 898 463 284 1138 959 1200 1173 780 500 222 868 1235 1286 1209 689 1235 338 959 959 300 428 803 868 52 151 868 428 801 900 1223 455 628 1235 170 1268 647 1207 277 972 497 1300 1224 1235 646 959 73 11 1098 718 1191 766 623 769 1141 211 1221 788 932 666 892 497 1235 903 193 512 52 1256 29 1116 898 1141 308

proba init 0.15 proba clean 0.35
339 518 1375 321 407 797 1418 427 871 1418 153 694 1202 489 388 1132 845 1217 593 1000 1280 571 238 788 7 388 1148 642 330 557 937 315 783 162 713 411 276 1202 388 1211 937 179 1000 194 1341 106 345 579 1099 113 315 398 1271 58 299 634 388 1209 370 1202 993 50 179 593 950 444 859 1057 1202 501 1202 1211 427 950 716 1391 937 177 797 4 1204 976 327 960 609 30 941 628 179 339 579 430 1185 296 874 442 950 425 1024 1202 576 196 321 1055 931 85 1148 1226 462 1266 108 983 427 820 272 94 968 990 1355 181 993 315 305 1266 276 1198 393 1033 393 1347 1101 896 388 427 1414 242 438 113 947 707 179 231 315 1319 113 1026 563 1376 1053 1099 1243 427 179 993 315 1202 179 1226 1313 418 1266 1385 523 871 685 443 194 950 740 445 525 181 1202 950 769 786 441 113 1376 950 593 123 315 53 179 797 507 1072 438 1202 775 194 1202 58 852 1243 106 617 634 546 1000 73 987 676 230 194 315 871 665 874 642 1248 1061 1053 762 388 181 1185 788 209 933 546 1009 1202 1171 1060 1319 798 993 665 950 179 912 1339 1014 1281 305 386 305 427 665 1032 114 315 63 845 573 957 388 896 991 1084 345 141 111 845 642 430 950 276 179 1190 758 271 211 944 415 1235 1196 427 255 1131 1314 1026 983 1204 427 971 1339 327 1211 1020 899 427 1261 873 388 732 858 266 797 1211 271 665 993 1231 1327 450 179 230 1202 1412 1061 1262 106 1243 1202 331 578 179 1259 487 725 993 1266 299 27 647 179 315 1084 729 299 178 395 238 121 939 339 361 800 1202 505 388 330 1363 430 1220 427 194 1249 634 46 1383 1202 930 617 194 845 990 514 632 1266 336 427 798 199 466 179 219 276 1202 1391 5 971 950 343 593 37 1366 1167 77 177 1274 993 1412 1185 783 212 889 950 620 1204 194 1163 1141 614 194 1266 1211 984 1202 1084 783 1000 593 617 315 1274 579 271 331 443 194 388 388 534 388 84 1202 333 936 918 950 952 665 1084 987 1202 427 285 1376 1257 1305 1110 554 1202 430 990 950 194 274 443 608 740 121 724 1339 1084 121 388 993 950 1196 194 365 388 194 49 1376 238 576 479 950 993 1274 426 258 194 230 194 820 723 194 851 994 845 28 1266 209 209 1043 1231 194 542 427 634 950 546 236 1167 950 546 315 513 826 950 427 1302 1202 141 1202 622 845 443 593 1167 950 443 1266 9 168 1412 335 1373 637 262 388 1376 35 484 430 1104 78 1257 87 1204 43 1339 1318 444 822 1291 430 634 1202 895 1185 209 338 339 493 699 993 918 1202 1234 1398 315 691 311 1376 936 315 179 427 1243 950 1266 1030 1196 891 315 841 1141 871 194 743 977 1204 1100 1243 1376 758 357 368 1090 986 704 606 175 726 475 680 944 1412 1243 1260 665 845 735 388 179 1141 194 423 388 598 950 1330 427 1424 1101 60 427 671 1202 517 1010 1168 9 630 474 774 716 919 993 287 194 783 315 950 1327 194 704 1111 1184 194 956 1185 1266 513 950 246 1266 1333 1010 1243 1243 950 441 950 797 1319 642 518 355 1148 606 838 533 315 1202 1418 970 1202 509 294 593 1033 238 1026 213 1260 315 950 194 1409 20 634 1336 1105 1042 797 174 181 1204 179 854 90 557 194 230 898 797 60 1339 1399 179 546 966 534 678 993 1026 1135 950 1376 765 81 1000 1330 607 617 36 966 1132 332 194 845 423 298 998 665 654 1275 315 546 617 1196 534 181 676 534 179 315 705 1020 1010 121 1204 1376 1167 101 315 966 386 388 634 956 514 1222 642 993 1000 1412 1301 845 702 948 1160 1202 661 315 528 674 550 788 577 1269 1305 546 33 1202 576 1424 181 937 1412 1319 388 145 1319 1376 1284 1274 600 630 845 388 175 162 315 330 1245 597 617 950 788 1202 181 85 498 509 709 299 194 269 523 546 949 665 462 1185 1274 212 1358 1035 271 375 293 209 495 716 462 936 462 665 194 593 1147 1270 388 179 214 1202 315 968 983 703 1323 1076 271 993 1128 179 993 1084 938 512 665 1211 769 1376 889 363 239 33 252 388 1430 221 276 111 950 179 907 237 563 950 798 1183 296 853 534 439 1202 758 950 324 950 415 299 1148 1109 950 993 1248 845 483 937 443 427 740 1266 950 546 874 377 592 950 1369 1202 509 1371 113 1202 227 30 593 18 1204 716 459 315 388 186 1252 218 845 315 315 1173 360 546 238 630 999 315 705 232 593 665 1325 845 116 305 724 385 854 777 1211 499 1202 388 1376 179 1319 993 112 1167 1142 388 1055 1412 72 388 3 993 994 1413 324 181 462 761 649 1316 177 65 1063 486 993 1215 194 95 1202 1107 217 589 937 258 179 1167 388 1185 716 950 677 121 256 634 411 427 1323 315 179 742 642 415 1202 1202 705 334 315 496 230 631 1257 783 530 1034 521 593 973 194 1184 991 895 293 1362 124 427 1110 593 209 993 546 427 950 179 1307 737 993 534 950 288 1231 179 896 797 758 951 113 1141 993 315 830 65 747 998 1266 1010 727 1401 705 797 950 1365 845 838 207 1271 1060 1070 271 1065 1155 236 317 1252 1205 594 1202 153 485 156 892 427 950 237 378 460 427 1167 234 1202 950 388 1084 991 797 557 1227 747 1202 950 39 1167 637 315 845 795 194 171 950 355 179 1164 16 1086 1299 546 1257 388 443 950 1412 716 990 308 430 33 541 203 1142 993 845 797 1239 767 999 121 950 227 665 431 238 315 1305 423 819 1202 665 74 509 950 179 593 950 1151 388 1026 922 315 705 1366 89 1054 466 965 1243 1266 324 7 845 576 783 398 1110 179 1191 637 21 758 360 704 556 1325 230 871 937 537 305 315 642 554 797 665 1146 1233 1266 1376 896 841 967 181 1371 149 1321 393 772 871 950 423 797 157 551 1040 1243 1264 194 663 1118 437 308 528 326 33 950 1167 572 690 758 904 70 181 760 950 179 1158 209 1266 758 1243 1241 1356 1266 321 1243 1052 985 186 845 1322 462 1058 797 950 1178 1167 1243 315 845 1026 999 339 276 665 1417 1226 918 593 388 918 443 961 462 179 634 1298 630 471 631 749 1266 422 203 439 425 1325 845 950 665 576 442 937 576 332 1232 858 121 509 1231 1424 194 1211 194 1376 1185 950 1103 822 993 845 1167 1086 443 1202 315 1072 555 1280 1185 1081 576 576 178 411 595 845 194 1084 1084 971 1254 339 1055 230 427 315 630 993 514 435 141 1075 1266 950 619 1035 1376 1412 732 544 72 179 1020 425 195 546 1260 716 950 1282 1260 593 262 479 315 1419 896 950 1148 797 70 1202 172 956 721 95 546 1110 797 179 181 1101 950 332 462 525 501 1219 293 950 1202 315 365 1075 315 1099 1333 277 1132 388 1211 897 64 716 427 50 716 315 576 950 797 716 106 993 327 1185 845 1313 548 382 299 1021 296 1266 1061 369 1167 1202 293 987 179 1202 950 194 1257 1196 194 576 95 856 315 315 705 771 1266 388 758 1202 666 1220 546 2 665 783 665 642
1387 517 931 1250 336 67 137 9 921 588 414 1189 387 491 22 743 1250 580 722 810 530 673 1160 840 336 646 860 765 1075 138 1339 179 1239 370 491 397 1089 356 404 1027 515 179 112 1366 369 183 696 1252 1114 1250 225 958 837 1185 73 812 978 179 529 38 1339 201 1068 999 172 714 1339 401 356 43 819 725 963 1017 1239 268 515 1134 67 1248 991 137 1403 882 884 100 4 1003 425 742 30 6 1214 1189 397 417 1027 1027 179 387 402 29 397 1250 747 754 336 1330 225 1346 1013 288 1137 1146 534 369 1124 1342 530 1404 1339 181 179 1389 1391 340 231 1250 211 1187 531 1339 976 963 1250 57 1078 491 1343 60 1166 195 1194 592 352 661 955 850 112 137 1003 1137 369 1339 225 603 1290 1218 927 356 1346 75 765 839 623 666 1366 1421 171 172 192 168 387 1207 202 794 387 121 370 1294 1027 499 225 1263 1180 67 442 879 1175 1250 1294 1366 356 1185 474 1003 183 90 704 1176 978 1340 79 687 530 1366 351 376 533 397 167 356 181 112 1173 721 636 1214 137 291 1143 1027 395 291 704 1366 639 1329 9 1426 754 225 840 715 985 1007 179 814 179 1075 844 419 977 1027 1068 225 613 179 1129 1379 6 1043 19 691 1162 1028 765 9 1027 1391 463 73 846 1366 755 1193 785 783 585 1339 1250 99 137 376 179 523 833 975 721 1408 725 1339 179 963 1366 367 1065 424 673 1214 67 725 424 608 1339 673 1262 4 156 530 4 754 1391 899 1136 1003 225 505 765 462 515 369 673 1339 1346 1367 931 264 463 340 425 721 179 102 179 1236 67 1123 24 291 199 356 1309 491 1378 441 1027 1135 963 1366 255 79 705 1391 545 715 1193 1366 179 684 962 49 1346 225 963 351 225 770 899 1413 1391 132 715 613 840 978 1216 1139 491 637 1115 772 1410 67 1068 754 1214 1185 910 1018 978 647 362 1366 883 754 1108 1366 1346 725 715 220 537 1250 1078 100 884 181 233 338 1195 1386 666 1184 1232 994 463 362 493 356 688 156 294 1402 715 673 1396 1283 989 1339 1263 1294 1083 53 179 1301 220 715 1229 978 1184 1300 666 722 821 67 230 882 1146 544 651 1339 978 463 1366 98 1148 1366 1339 851 390 849 549 1027 1339 690 732 722 1184 530 1366 1002 240 1184 462 650 104 49 1346 225 1401 694 813 1028 1250 963 79 1402 1120 4 555 327 477 655 939 882 978 1137 715 891 484 1293 179 1408 913 530 920 1357 666 1346 1386 976 754 1250 1250 137 137 183 10 882 672 211 715 437 444 179 948 202 1403 491 211 519 1250 9 79 4 364 1214 792 235 742 747 225 1339 609 4 132 1343 891 1256 179 1049 1173 181 1014 262 1003 1402 1346 935 463 558 27 570 754 1243 1184 1391 407 840 673 1003 1340 179 168 1391 552 179 437 1408 743 1119 79 1359 813 606 1003 611 38 181 179 1366 462 754 1366 489 721 770 1027 951 963 1255 181 952 1346 1339 116 637 1342 1219 1071 179 721 9 989 790 1339 1269 1184 739 1250 978 1402 721 437 882 711 376 255 666 1346 1012 1027 1339 1346 491 10 1003 969 1402 4 1250 67 1049 172 977 43 230 1408 212 544 679 775 648 1195 356 73 978 1250 1250 1160 661 888 1409 181 978 1184 666 985 704 567 811 281 67 4 1404 338 225 882 1366 241 1366 530 1003 67 179 424 638 207 840 137 463 1250 1339 312 649 234 1223 1063 293 393 951 200 1137 197 498 743 1271 1366 772 541 1250 168 1248 215 840 1239 840 727 1068 463 922 840 463 463 39 1250 1427 1250 67 643 370 194 680 1194 687 356 183 79 740 1022 1037 528 1339 688 754 549 225 112 1366 757 387 977 1369 32 1046 521 840 1132 1214 242 381 491 1255 402 1398 1404 515 754 1339 1068 468 246 673 179 721 179 106 83 882 959 59 225 758 179 665 496 165 840 4 1404 562 673 73 1250 530 721 137 630 1187 673 740 704 1214 770 989 1068 931 721 1032 1294 648 1189 1027 1250 647 225 704 1366 376 1413 179 53 982 1338 356 422 721 1068 143 1068 1136 721 1339 673 292 1339 931 1153 359 773 725 214 370 137 1009 1357 491 225 1185 255 407 1391 226 978 1319 103 1402 43 85 249 556 1124 1153 158 978 220 721 978 1383 614 140 1337 681 273 876 1339 158 226 1058 1028 721 963 76 1389 1402 231 397 680 73 882 673 220 73 39 431 4 233 873 376 1239 545 938 1227 1194 376 1041 351 246 21 882 1194 871 631 389 1160 369 562 189 899 1248 225 553 336 225 438 882 356 898 673 647 725 754 4 183 10 463 978 1339 26 599 493 491 1339 754 1379 491 1382 1339 1248 448 1250 1404 1162 1275 738 225 1037 361 1272 983 436 211 1366 1295 77 201 1346 207 179 591 1014 1259 491 594 1239 1250 721 1346 1068 79 172 1137 1068 225 179 1068 586 805 4 387 179 405 181 43 530 441 1201 663 1402 1232 1391 1402 225 1184 351 6 1135 1294 1333 1250 1276 1145 721 648 1339 530 1137 183 463 1366 126 1339 463 1402 296 1239 374 1339 67 515 121 121 754 1339 54 553 1087 709 1330 1346 225 258 656 1250 67 128 399 194 772 418 158 467 31 882 290 1027 463 327 1136 99 770 220 840 1391 715 134 1137 1250 181 875 274 1137 363 1289 387 1250 183 937 6 67 356 137 292 387 978 672 489 179 1184 179 686 1184 1179 1402 733 1345 765 132 829 163 1161 479 569 666 1027 701 255 264 638 485 491 158 832 474 98 314 67 1221 1365 1370 67 1402 1028 384 857 1160 530 179 699 39 356 1010 908 73 1027 369 181 1402 179 491 661 458 225 845 168 1245 491 673 220 1003 1346 743 177 1387 402 566 917 688 1175 276 590 43 1250 901 437 491 336 530 731 515 637 179 112 330 673 67 1094 1071 308 769 369 1339 68 1007 1404 179 771 783 783 1263 204 165 436 67 139 514 568 1003 282 1184 1250 1346 1091 1188 1275 24 491 978 218 1222 765 515 698 1366 179 1366 1027 8 783 960 1346 1250 1003 562 211 963 904 1003 1340 882 1136 1227 1035 225 888 67 1058 609 838 1067 1194 926 376 467 742 1391 1292 1366 1411 868 721 613 1136 666 515 225 552 721 596 135 336 912 59 1346 105 1275 1046 1266 336 179 1402 416 704 1136 162 402 1179 311 179 67 73 66 754 1366 725 1366 1338 430 978 168 1093 225 461 145 831 1013 356 1194 387 765 882 1214 531 402 402 90 808 391 179 1366 697 168 759 363 742 256 1335 1137 225 179 1339 1296 265 57 1362 78 1402 569 931 370 754 248 376 201 225 1339 1086 608 840 225 139 978 754 572 840 179 1248 424 979 1339 978 861 67 789 213 496 980 1000 528 531 688 67 462 1111 308 978 517 225 183 180 996 1294 978 387 192 1377 556 1250 679 1319 662 743 666 725 424 1294 1027 1346 900 996 225 402 1402 67 1224 1021 1339 645 1214 179 298 613 637 1318 584 1243 1346 73 762 931 356 1294 1078 166 220 255 1366 825 673 1222 402 181 1038 225 351 495 43 1389 127 179 356 765 1401 840 1068 79 1250 498 369
1012 1416 489 1226 836 343 227 1079 239 846 1391 1280 1210 382 1356 664 1399 381 583 101 799 1387 336 1031 836 1015 877 653 1240 1006 904 695 906 956 753 240 556 7 786 914 855 432 316 1047 176 969 255 157 1193 1405 1399 247 797 1296 520 108 1405 3 403 1404 500 1073 316 489 1405 66 926 258 326 1376 456 500 532 209 1405 456 1277 998 343 588 391 539 704 836 343 323 326 333 448 1012 698 151 26 1223 1345 1353 914 914 3 8 926 1093 92 1355 1227 34 877 402 695 1162 150 781 1079 762 391 176 861 917 460 846 1354 470 3 532 808 1200 66 1217 66 245 48 532 1276 500 675 345 148 338 967 1419 695 758 695 703 1226 1075 400 1135 1413 1037 930 1079 176 925 500 425 453 836 1104 812 293 276 653 934 809 779 489 695 185 836 402 846 326 240 1191 1146 8 1226 248 675 914 585 127 1428 240 343 1049 240 675 675 1320 489 8 846 1232 930 555 311 1075 44 1227 1100 1075 802 576 489 695 169 926 757 990 926 470 479 564 66 1233 583 906 343 871 66 1073 1210 26 956 834 959 681 926 1233 802 921 1308 274 531 3 26 3 1079 926 1046 1020 914 1133 1399 642 1391 1174 532 151 1124 1416 691 240 626 653 560 914 808 1263 1016 779 489 289 1239 675 1328 1133 1079 320 528 532 1024 478 391 1079 1068 1083 836 1097 1354 3 1079 956 1355 802 1354 1387 807 343 92 1313 904 638 1387 1108 326 594 576 326 1381 808 166 546 930 431 1202 653 432 588 176 1387 925 645 103 470 561 1105 695 463 1044 3 1390 3 320 532 718 250 1210 1247 326 797 675 240 501 914 144 532 489 695 1075 394 808 1210 711 998 489 1399 993 821 1344 1091 695 532 695 320 1206 1105 880 808 326 1169 720 921 1405 168 802 370 1163 66 369 1038 86 157 927 1303 240 240 464 1405 1055 391 531 926 1384 1395 489 532 92 403 675 676 1217 148 802 486 470 489 129 1100 3 1001 777 1063 1396 370 66 564 326 1411 1206 183 1217 219 884 25 1075 791 1354 1428 256 505 779 1233 583 486 1086 1344 1405 777 637 1303 320 151 532 628 1391 25 402 1179 234 1405 823 489 86 254 489 1354 1099 906 744 92 914 926 802 1083 320 777 576 489 836 1201 777 991 583 1399 1365 532 695 1217 570 1344 489 675 532 1075 66 44 1341 546 1405 44 240 1063 836 1405 1079 1275 500 239 326 3 240 779 489 1411 474 92 532 192 926 429 41 1233 794 401 316 88 836 906 66 210 1085 738 735 391 179 1249 819 66 1063 312 620 1075 326 1380 1376 147 302 463 1227 543 925 127 326 8 226 1139 92 3 190 1332 470 326 1079 930 1405 532 1371 1198 505 524 257 703 678 777 808 418 906 1387 930 967 675 3 808 906 393 287 600 1417 747 83 628 1239 472 930 1106 218 470 488 489 138 1197 489 326 906 489 914 647 1079 1337 48 1063 1079 925 1210 1405 1217 353 583 3 41 1194 628 1206 532 932 777 802 500 1405 195 316 78 836 730 489 807 1379 532 1416 914 90 532 1035 1217 930 297 1405 326 1405 343 94 1417 1387 1376 877 1058 755 457 746 333 968 168 326 44 675 1217 1405 231 1075 827 1106 470 1405 777 419 240 1075 674 586 497 343 326 846 391 320 836 956 421 489 576 670 343 3 316 1263 93 66 1200 57 320 925 583 1104 1073 248 1403 320 1405 995 692 1408 1214 8 266 480 489 1399 1196 922 1323 926 1227 921 695 66 1060 628 138 1233 231 426 138 695 1217 1354 66 532 391 802 1113 240 695 248 1038 1391 483 807 1418 1274 732 532 1405 1081 1396 1399 1073 489 1148 326 829 695 1385 1232 92 906 106 281 185 442 1303 486 926 1210 846 1081 703 1141 512 273 1226 273 3 92 3 583 1399 836 69 1126 695 419 1293 240 286 240 492 326 846 240 1387 802 1351 1052 316 1372 300 44 1387 1075 483 343 489 1228 1272 1293 532 250 715 834 262 914 500 117 1 926 489 63 366 3 1329 214 240 326 343 41 151 478 155 546 1416 1354 1387 1082 925 802 494 1093 926 92 825 1191 1295 1002 1351 425 1402 391 695 18 808 829 1405 1084 196 733 785 240 1239 1175 317 1064 726 1405 486 1400 1405 670 240 1225 780 877 927 802 925 596 1399 772 906 779 532 1394 532 1405 66 121 1363 1025 836 1387 486 550 1175 950 326 1416 1265 906 1387 391 628 1309 240 316 564 695 66 1399 1319 695 1172 101 66 994 951 1405 1235 106 435 802 884 419 1399 779 836 326 240 1387 1239 92 253 326 316 88 721 959 925 1290 1405 730 1429 1405 808 1350 879 859 925 1371 1419 695 846 1073 904 174 1106 405 1416 22 695 1112 66 489 1328 1030 1073 1171 1233 1405 1391 981 546 218 1225 1387 1405 831 532 194 1075 836 1079 1349 802 176 906 980 438 326 8 675 675 470 1376 576 123 1126 1024 802 1312 808 836 1038 777 1030 151 231 1366 227 52 1079 375 316 1194 925 799 1079 316 35 956 240 532 733 1217 403 1387 161 1354 343 39 500 500 923 925 695 958 829 1167 402 1393 316 263 320 1233 695 1073 823 1399 1027 3 342 248 268 836 3 914 161 240 546 339 896 326 996 808 1079 1329 1079 1405 470 1416 204 1079 1405 1233 8 675 316 205 151 343 730 227 1167 8 1405 304 162 1391 777 500 615 777 929 240 675 951 653 1405 460 75 66 505 721 1354 914 583 320 1003 489 995 796 183 906 863 956 1399 343 618 613 568 41 1217 914 1203 1038 136 500 3 1224 675 326 926 79 742 914 176 470 240 1247 506 1024 797 500 1319 248 1285 1372 793 776 930 532 389 906 1399 926 1190 1428 1233 1294 675 1215 1376 675 664 489 753 1105 576 1000 1081 1133 3 470 759 1387 343 926 1250 139 1107 176 532 257 1190 846 995 1030 772 410 1428 1351 1405 326 343 256 343 26 930 662 777 240 532 389 196 269 315 340 1405 349 1254 653 1081 343 489 1233 1001 914 500 476 240 532 675 930 716 66 532 1038 930 906 836 546 1399 727 196 954 343 1217 718 27 930 524 695 1024 1275 1012 808 926 489 66 183 489 802 183 1331 1081 289 828 1075 1403 3 139 264 512 532 927 906 1298 1363 424 3 1405 926 926 798 1081 926 1258 1398 106 532 802 240 717 489 92 489 802 26 1405 248 1387 532 1399 138 759 779 8 695 1094 653 836 720 92 926 926 402 794 983 1399 792 222 749 601 558 1012 898 576 1079 1405 3 779 291 1007 239 326 454 1405 1416 470 1339 748 536 542 1073 500 1354 441 896 66 1106 847 1405 685 1106 906 3 360 695 904 1079 1405 877 343 343 1210 846 625 328 1396 1396 1233 343 716 1233 48 1405 586 500 316 1319 718 556 1405 326 26 1304 326 1217 1217 1030 695 1216 1063 92 569 907 914 532 50 1217 802 926 1405 343 628 926 532 913 240 1399 464 376 391 26 733 558 532 894 273 1233 142 714 1075 432 753 809 461 505 1387 489 926 470 170 1280 500 654 1376 611 81 1263 8 653 802 66 1243 926 1217 926 176
161 349 16 716 166 181 1135 189 1245 1154 406 1080 351 183 239 280 1137 442 523 1018 1214 1236 603 655 166 1074 546 886 550 1135 42 1055 808 679 735 1052 453 351 734 1135 1245 137 1055 467 39 196 1326 969 701 720 1137 351 799 801 262 616 1055 388 295 513 721 808 347 1000 1055 1210 1310 1356 351 107 351 1135 189 839 1210 196 381 1057 697 1300 1009 723 1136 1361 589 1066 799 188 707 839 369 234 1170 230 414 1287 1055 1135 665 351 1310 296 196 706 807 425 557 1396 1259 528 1343 1355 189 952 1104 90 405 351 1009 857 697 490 819 528 1341 1135 1210 412 526 336 1320 1091 1220 578 1000 746 109 1427 1400 246 266 1055 1135 1162 1323 960 886 1215 1047 723 704 189 770 1132 1135 1256 885 1055 1018 146 528 697 294 1245 451 1132 948 1000 347 166 1003 990 351 1055 616 562 351 638 679 425 903 1287 1135 523 1055 697 49 190 1000 799 425 996 351 145 950 1259 196 536 962 808 903 587 962 360 892 467 1135 1379 1310 692 1293 1310 337 808 1397 1210 799 1170 771 329 612 1055 808 351 1135 911 1162 1165 91 1310 1259 269 187 234 1356 1384 819 938 819 189 960 1325 593 1055 347 1259 190 1136 893 1091 1067 825 349 1218 217 1135 886 1326 1055 1341 1399 23 561 283 1340 1294 1000 564 190 528 1055 708 723 960 998 1009 189 1051 1279 159 1287 1135 1096 189 911 1180 1274 561 1236 165 697 972 697 42 1132 1236 14 799 732 892 799 637 1341 255 107 1259 351 7 826 770 538 818 1236 1132 528 670 568 346 137 733 166 996 707 1189 710 1258 791 245 12 349 256 351 778 1000 1259 200 562 748 189 991 1145 962 2 1341 1255 1012 986 996 1135 559 799 1329 528 1259 528 733 814 425 137 1002 1341 351 234 1427 811 607 1070 510 475 343 869 349 280 791 306 637 1170 1135 277 649 1055 473 1009 404 888 1349 1263 996 528 1137 1204 799 249 1055 109 55 1262 733 991 270 94 990 476 467 886 197 339 19 766 351 1018 1370 1196 1055 658 1236 935 159 351 189 523 425 1284 1120 799 523 351 835 559 1055 467 68 177 394 71 791 1255 27 591 791 523 950 1055 1286 996 1269 481 996 697 528 923 912 814 955 960 991 453 523 467 892 996 952 309 467 1227 1159 697 656 528 1259 359 1413 524 166 799 189 962 1055 938 312 1219 412 938 1259 517 552 1055 189 234 351 844 351 487 283 561 892 1219 1055 1363 528 307 1310 1349 733 799 1135 723 347 679 166 1334 659 1155 1259 457 554 1009 983 1268 1217 521 517 519 1054 962 799 1359 1170 1342 1330 1134 98 1324 1132 962 799 293 678 720 645 797 640 65 1135 351 189 704 1055 528 435 1286 1272 1144 345 1349 1245 467 1341 733 196 1236 1259 679 799 903 1341 396 1268 692 423 926 824 962 158 109 394 704 742 805 1012 202 1228 770 1349 996 305 826 562 1055 620 189 196 100 517 189 1132 351 1210 1259 758 277 888 287 715 1355 1370 1091 273 996 1236 1137 1259 848 1210 393 772 14 996 94 1170 528 349 1055 1132 528 886 1259 704 704 1055 799 1055 697 1162 166 1119 1229 1158 245 523 1392 733 311 1154 1070 799 262 1000 1055 412 603 960 196 777 1135 1055 467 327 523 962 1085 409 29 697 799 976 1009 1137 210 911 1287 1000 892 28 697 115 1210 803 558 362 723 339 607 1132 1159 799 1055 14 939 1263 1137 149 1071 1183 1245 81 222 1351 467 291 576 1011 283 960 232 864 1135 716 1155 1346 339 799 658 339 322 733 523 361 1210 791 1009 679 603 523 733 303 280 1228 962 244 519 799 886 1091 1018 637 899 1259 808 1219 1236 351 28 325 234 1137 469 725 31 935 336 808 196 1200 1310 371 672 381 637 1162 347 1384 826 1236 607 991 158 1159 1259 1348 629 425 1259 327 837 825 503 1055 122 799 607 1067 1236 262 312 271 991 824 1245 938 1236 960 1137 1155 991 826 1028 790 991 89 425 1022 632 1355 1251 804 178 1310 996 960 891 819 826 1073 1055 351 340 597 991 146 61 1219 996 1091 1236 1019 1132 283 1043 809 1310 1336 240 679 723 1197 369 196 888 1161 1145 147 1341 28 1055 153 498 678 1152 1055 733 1113 448 166 1294 1055 351 398 1259 406 1055 1087 1157 531 1038 728 1132 1172 660 824 1061 1159 189 1010 528 1055 1210 555 17 372 1055 1236 351 262 733 1325 351 349 826 523 14 1009 1355 170 1135 562 649 733 999 757 607 1084 985 196 938 603 214 1075 733 184 805 679 425 826 333 1219 252 799 1363 1236 157 991 425 799 826 679 1135 1162 1132 497 179 818 1262 955 1341 799 960 960 1132 1358 744 1137 375 808 42 995 1052 1287 349 1259 733 1132 622 996 570 351 808 1287 799 1137 27 575 1219 733 1170 14 1055 247 189 480 962 166 189 1333 1135 770 717 886 569 799 799 523 1159 1135 1281 892 195 331 903 1055 1258 1341 991 280 467 1151 1055 1341 425 53 560 189 799 166 1055 1132 1079 189 347 721 911 279 1132 268 1055 625 1236 991 697 697 562 578 578 1349 1132 733 946 28 33 91 528 1259 1263 607 799 178 1055 1137 291 191 1163 1294 885 537 267 829 360 1317 276 1350 178 562 351 1210 1341 1123 288 189 1055 668 349 1228 189 1154 799 351 1259 956 699 607 697 95 723 33 351 1055 561 1125 27 636 1135 1283 467 589 1055 1159 613 286 1055 444 266 1210 1082 1360 976 1055 723 414 559 733 409 196 1294 624 826 772 490 697 574 1245 1075 791 1055 360 960 280 603 1135 903 932 1000 95 1310 973 262 1055 39 1137 1055 1402 960 830 709 1135 360 1081 1103 460 429 1011 704 528 205 510 144 1310 717 996 799 770 1000 1219 85 981 903 824 987 770 892 1245 582 35 986 808 886 1236 697 1310 571 1182 528 889 1091 1043 717 629 1379 1007 716 716 548 1245 1055 305 697 962 914 685 704 487 467 1055 528 721 629 840 1263 218 1055 1219 394 1272 381 589 523 799 911 1210 347 940 1259 528 1137 704 18 743 189 280 704 515 1165 516 1244 519 1135 1136 697 1259 1367 1219 704 733 1135 960 1075 154 1341 1310 996 1104 809 14 523 1171 1417 381 498 1262 962 252 888 523 716 112 528 1236 22 1278 371 273 121 1055 1310 1310 9 1035 1310 940 668 1057 791 262 1189 425 166 1178 996 679 716 1055 406 348 1091 562 1190 991 561 230 1135 351 841 731 1170 649 1310 1310 1316 1313 230 490 467 283 283 133 1408 1118 955 892 189 1055 888 1091 458 1284 844 305 185 1055 349 1243 679 637 152 154 808 1125 1378 371 317 1210 360 1137 1055 425 69 388 78 547 733 42 1091 1055 1081 697 232 351 1332 589 830 570 808 799 697 143 799 326 1055 528 178 572 486 349 425 1055 351 385 1072 305 1055 1210 283 28 335 991 346 425 425 360 189 1241 1355 1321 1310 1055 697 1355 1310 1132 871 1170 1135 606 570 1009 434 619 551 528 337 1115 799 351 425 960 1297 1198 809 467 1248 1236 1132 1310 337 720 733 1135 1148 1053 826 1110 79 351 44 962 1210 1029 1310 1259 1310 39
1337 115 1258 956 1173 1396 1301 557 461 568 846 755 1129 502 153 924 1211 378 715 1184 1042 230 218 1004 1111 1151 1076 185 1005 299 11 1301 1219 277 209 565 572 616 1211 1301 177 761 1386 1285 59 994 1219 803 568 1419 1378 445 1307 1430 799 755 155 42 1370 1394 1378 954 1211 1211 230 437 902 955 1024 846 1129 1211 760 1219 1165 350 1055 359 959 314 932 433 1386 987 12 233 1173 1333 761 313 591 697 1303 1107 805 179 522 289 805 616 1006 1233 805 1124 568 1246 758 138 1211 230 1150 1303 38 1345 1312 86 118 674 1042 751 393 1301 1181 230 1189 11 590 500 949 454 858 11 1205 760 1326 622 1094 288 930 916 1301 1316 1301 1030 50 691 912 1219 785 1122 1333 1287 441 393 1301 1129 305 126 653 512 230 287 138 669 581 1363 749 1301 697 1090 900 736 75 126 1425 860 1173 1419 277 1143 126 1127 1378 803 74 1029 396 1211 1326 1173 267 758 84 1430 1051 1333 697 1036 1386 777 568 568 1386 245 1042 1285 1301 1211 1006 648 454 512 735 812 109 155 261 1303 568 1219 1356 912 954 1129 1301 16 1030 272 797 1006 126 1211 1400 568 955 1128 1181 453 1181 255 974 568 1283 1002 602 1301 370 1254 803 11 697 994 1386 173 4 1211 1052 1316 126 765 117 799 185 517 1314 898 1326 331 1156 38 594 1069 11 1283 697 932 38 437 235 1386 761 1301 1130 760 16 1297 47 252 230 440 1029 747 252 253 1384 1271 489 1173 47 1042 1173 1048 194 118 393 1333 1378 177 261 761 1301 717 299 393 230 1400 1258 118 47 1273 1384 805 1400 1312 1384 623 902 155 240 1129 54 512 994 1326 66 118 1316 328 760 803 1277 1386 653 456 1129 694 440 505 1211 674 1173 227 230 1378 760 1301 467 399 47 1076 1189 616 175 482 876 522 1146 57 287 1181 146 65 598 139 1162 1246 1303 747 726 868 126 1211 932 719 1129 1162 671 978 230 747 175 1173 303 1211 594 941 476 1301 461 436 813 518 803 1285 1386 743 541 1211 816 512 855 1 965 126 1156 40 441 1386 512 347 408 994 632 743 1129 573 1129 1316 674 126 1285 931 1363 674 1354 736 1252 723 441 1363 1211 1133 522 783 803 1276 1386 1177 393 742 1219 560 1363 1211 1006 1211 235 126 1285 1042 1214 126 632 1285 993 1162 743 789 230 1301 5 703 1271 803 1173 760 1386 1211 72 987 36 747 357 1219 581 1211 522 38 175 1378 472 1129 1314 158 185 1042 737 1190 1363 230 1193 551 1162 470 1173 126 1283 1211 299 916 980 743 550 973 69 1282 932 1211 240 140 1347 440 568 1316 1386 1173 113 1303 1245 280 348 568 36 393 1217 1173 616 846 220 747 679 747 1224 1301 47 1306 1333 126 230 743 783 199 568 882 1162 559 1285 1021 571 912 230 1333 568 602 1181 459 1426 926 941 386 118 1341 1386 1196 816 674 1333 1048 638 1156 1173 1211 761 1162 883 135 126 102 126 638 760 267 858 122 1211 393 1129 5 1211 811 833 1181 72 711 1252 231 11 768 602 230 1378 126 706 1386 941 1043 274 813 437 1303 230 1106 126 393 1386 504 1211 1333 1126 126 1173 522 760 1030 1379 1219 83 1076 1011 1270 1168 520 1050 568 908 1129 799 1326 1211 5 1345 223 128 1048 1301 126 1285 914 230 1386 5 622 1324 743 1173 1224 932 1378 1181 16 632 978 1042 1333 1301 1014 252 57 436 912 1092 813 774 393 128 456 1211 180 1089 174 1215 1173 560 1093 177 4 118 153 1285 1355 135 845 386 1006 931 1064 1301 956 733 783 441 440 219 588 1368 950 931 1038 135 233 932 277 146 541 1301 17 512 723 1386 1165 74 120 699 11 568 1162 920 1378 230 211 1219 960 106 1301 898 1051 747 1004 905 1303 1185 1011 412 1416 456 325 472 1376 786 1030 697 643 1030 151 266 697 1078 505 1211 126 118 730 1211 914 173 1182 444 1201 188 1173 1190 987 230 799 144 1400 1386 560 177 843 1271 825 1211 1303 1042 96 743 1258 1386 150 1310 56 969 1252 1378 1190 1378 1006 1121 486 956 912 614 79 527 1129 1131 111 697 541 444 1161 813 233 230 330 393 1268 1141 1129 1006 747 568 277 1420 1429 316 412 905 995 1301 1322 1189 186 522 187 230 1161 1173 517 1334 203 1122 268 783 1230 1129 1211 568 406 126 1394 1400 1076 653 253 393 348 119 560 826 1363 760 1107 230 126 155 648 1303 799 126 230 1129 799 1033 1362 1173 969 1219 1211 794 932 1252 785 1301 1386 816 1301 576 1211 289 1301 846 1150 912 985 747 987 978 153 314 799 40 1247 1301 986 289 1129 942 230 318 1363 1246 1173 1088 1280 467 1030 393 126 146 984 1401 230 1246 1065 986 396 393 314 916 1301 276 777 1138 118 1378 584 342 1324 1301 230 743 1261 402 1129 954 289 1323 230 723 321 269 1301 1303 230 126 1211 11 1199 994 376 38 155 1301 441 1003 1011 1135 1173 1129 1363 1326 1211 9 1042 743 632 1301 1211 1039 1006 1161 1378 653 474 697 496 1402 568 1038 1287 761 126 5 393 1042 38 602 147 16 367 11 275 522 877 230 1250 902 1250 1415 760 241 1162 393 1301 669 423 1230 1004 230 1378 667 1206 1173 1301 230 21 1211 264 868 110 743 207 941 405 808 441 747 1382 300 168 1129 880 1189 760 1346 739 1301 622 247 999 38 146 515 960 568 1211 937 55 1396 1099 568 993 1129 522 933 659 723 1122 1211 575 1285 1241 1150 1326 637 1036 701 1392 1000 677 632 1386 1363 1301 1401 1211 674 978 1316 412 402 133 608 573 1211 1301 169 177 540 736 126 1284 1006 526 455 1378 1181 135 1326 512 1006 846 799 126 59 1211 126 452 878 550 994 1378 914 1136 362 387 622 1367 1333 230 486 697 654 456 1048 803 1173 568 1326 723 390 185 568 560 502 1247 1042 421 845 1156 570 1211 1417 230 902 1006 833 586 230 21 417 1400 515 477 1386 436 956 956 205 177 126 135 743 1386 902 1301 1333 511 1285 230 230 798 707 1247 388 412 522 146 1125 724 1012 398 155 143 16 1211 1378 1116 126 230 1173 1333 987 743 760 766 1333 568 1095 1089 743 568 1211 955 743 126 761 756 1333 1301 1211 555 624 621 124 1006 646 446 780 155 1211 526 1363 352 1194 761 1386 298 116 1212 956 108 230 230 1219 1211 325 1247 1211 697 1006 1300 751 1077 1006 1112 1385 1376 736 799 1271 1246 390 747 803 799 956 522 74 1004 11 896 146 158 185 1049 1301 249 757 1095 1303 886 456 456 1268 126 488 1211 1285 1268 1268 383 134 1428 1157 1042 38 1301 1181 11 118 685 457 803 230 126 546 1258 277 1162 1186 74 954 1378 1211 325 1018 912 1378 1211 126 1246 405 732 887 314 1301 1211 1386 522 1076 1301 1141 1129 766 489 1273 450 777 1173 743 928 820 858 126 327 1378 607 920 155 252 522 1178 1301 1199 803 154 1211 984 1301 648 1211 747 252 146 1221 760 805 155 1378 1006 522 736 1252 844 11 1108 1303 1211 126 1102 44 1400 501 1336 230 735 151 1258 1299 973 1386 1178 1129 126 1285 632 1184 154 1006 1211 1043 1301 1301 987 178 230 974 185 996 10 799 912 977 1006 568 1006 59

proba init 0.15 proba clean 0.4
1243 853 1188 1111 901 298 680 1360 208 30 1276 596 857 198 566 1268 310 19 879 139 488 1416 1366 1335 28 566 116 970 511 985 680 1163 769 1321 91 139 1177 646 72 769 208 474 660 1063 965 832 258 660 1012 1125 1179 733 532 620 595 885 879 92 167 1034 344 768 139 1188 139 724 927 335 646 885 857 310 1362 802 566 613 843 1169 204 1384 624 680 139 900 155 1102 275 1171 884 1243 1024 38 1340 416 341 985 344 985 1317 1300 12 235 341 201 1237 411 228 900 1179 799 372 691 483 259 397 1304 1038 820 577 206 927 1179 203 799 1295 37 1049 714 76 1100 957 680 566 483 99 1129 1142 613 1380 811 664 15 1163 1311 1125 175 488 1150 802 680 331 1188 229 927 901 384 998 344 451 646 799 1196 783 208 24 400 660 776 757 1139 900 206 857 943 73 344 1300 1125 1299 1237 879 985 1179 895 344 235 1371 235 999 275 473 660 646 854 239 331 613 980 475 488 918 1313 475 597 1188 1063 1163 208 353 810 970 646 1142 433 562 566 87 1233 680 802 33 488 768 1362 1163 675 1311 1024 895 475 769 1179 1162 895 1372 641 203 276 203 619 461 694 653 769 63 235 1234 592 1024 680 505 832 774 1327 14 566 970 60 769 1295 709 1121 885 1256 456 224 336 834 1407 483 820 985 680 258 681 624 483 892 139 235 985 139 267 483 675 1024 597 400 1416 129 1062 724 63 1121 400 734 497 1300 1342 1188 275 63 1295 616 363 331 1179 717 520 474 869 911 1416 927 799 595 1221 1257 1342 1275 129 879 1115 1205 361 1057 192 230 1243 857 139 646 659 613 292 888 778 1008 483 660 769 475 179 1295 857 1078 433 660 566 820 275 280 799 1179 799 1275 310 152 1342 1099 1295 646 761 1347 1137 344 508 139 613 1326 488 707 1169 720 63 63 363 235 285 703 769 566 624 178 155 63 1342 1275 799 566 1131 646 1168 545 1207 139 900 1275 1188 1418 931 894 400 1063 1070 532 755 566 93 646 231 985 332 769 584 1416 117 475 41 483 895 139 245 930 275 879 646 38 717 344 1063 1278 400 820 939 763 174 879 961 541 879 497 344 795 660 1220 397 660 1263 665 1292 446 400 344 927 397 397 820 1063 1188 660 285 245 1063 927 63 1146 413 799 344 128 933 2 660 275 799 475 488 488 885 624 769 488 344 741 710 769 483 761 1362 170 1362 1354 1256 1263 1188 624 1405 400 799 1277 859 63 566 646 680 680 566 946 1139 639 532 761 704 245 721 624 1041 139 613 770 944 139 38 475 275 547 552 991 1031 1243 168 309 927 530 1300 545 1281 1200 724 1005 1143 651 1163 646 317 331 769 799 1195 795 245 1375 428 63 208 1063 1295 1275 613 1416 331 181 545 918 1295 1274 571 63 139 616 670 1075 885 93 820 331 1179 1366 1407 678 950 229 63 660 541 397 778 769 885 799 613 258 1429 483 400 857 344 235 1168 1310 203 63 1190 174 985 680 24 660 344 344 769 1390 397 958 1355 943 660 384 33 799 670 769 853 799 481 769 331 331 769 275 545 799 1311 1139 1099 885 1355 258 879 609 1275 506 73 209 275 420 545 139 545 1366 258 613 1179 1163 769 1063 1164 885 1182 384 553 1149 1127 275 206 624 1179 312 675 985 660 1188 1144 1163 668 1188 836 853 488 680 969 566 400 175 985 768 597 367 1015 139 541 1129 122 208 805 382 832 1063 488 541 936 1256 624 670 95 139 488 1427 63 795 1001 203 830 997 1275 1174 1204 235 400 624 139 982 879 1163 597 646 968 613 384 1021 79 970 680 802 63 1000 1179 768 624 1343 1300 660 261 11 1099 724 1083 1122 129 223 488 613 857 12 1299 206 843 63 1311 63 647 1311 1416 725 206 285 548 235 63 114 678 1179 783 408 283 762 344 1174 1300 206 223 1416 139 843 428 1299 1167 208 488 1416 1088 310 481 1188 401 843 391 206 1288 485 1080 562 769 936 651 1179 373 660 1114 1228 733 401 155 918 646 235 933 206 905 140 624 63 927 1416 1322 400 1256 428 1362 1079 597 286 861 680 397 1015 613 235 566 236 1188 1295 660 344 818 1423 1044 1159 1209 1275 494 319 703 359 344 857 477 545 1100 769 984 595 419 3 139 400 660 1243 1371 900 400 483 607 799 344 488 341 641 214 769 1416 1362 1102 1275 1125 1300 826 885 139 841 624 174 1101 344 778 93 1275 899 310 900 502 1067 613 488 1366 974 223 1275 470 1251 139 1050 879 338 624 900 275 191 1416 651 206 62 275 11 946 1189 1311 400 344 982 641 566 139 488 1422 968 180 400 1251 881 310 206 985 88 616 1179 985 532 1404 1275 927 653 660 993 1362 768 985 885 344 219 1252 624 613 1288 885 769 397 799 1285 475 1139 483 63 139 1342 671 970 775 1300 275 344 1188 566 885 488 990 245 918 139 1070 1295 63 1179 167 1353 1423 682 485 988 936 483 275 397 235 400 488 483 769 802 675 761 680 91 769 804 235 599 927 1030 477 483 1125 63 400 1275 229 660 1151 900 799 1179 989 1428 275 1163 344 914 310 158 1045 359 1011 1268 63 944 1256 366 537 624 341 778 275 639 1295 1362 262 320 1163 310 242 950 483 982 363 1300 769 315 943 1361 557 646 680 853 857 769 147 1344 998 968 566 885 1063 155 769 463 885 520 139 24 245 488 245 565 400 769 963 672 717 1275 38 613 359 581 235 532 32 1163 24 208 14 263 769 885 353 1333 1366 344 43 541 1029 646 636 968 718 769 1299 1179 344 1354 968 258 659 1179 1275 597 870 1042 1416 5 331 799 228 671 310 12 995 660 275 170 56 624 885 477 918 1188 481 1188 1188 208 477 1407 203 1200 970 1416 927 999 1310 52 799 1299 522 428 514 206 82 901 1111 1111 895 208 344 884 1030 1223 927 1163 331 228 1063 344 1229 1106 1303 209 384 613 344 624 725 1211 843 726 879 282 1217 769 139 972 344 799 310 331 223 460 799 611 331 171 435 434 94 545 310 733 1244 769 997 624 331 1163 235 258 439 1243 1295 353 660 1400 856 879 139 797 400 843 1416 124 397 791 1077 879 1111 718 799 603 962 210 985 666 310 769 353 12 455 51 12 670 1097 885 674 139 1074 89 660 724 660 139 1111 344 597 1263 680 778 982 206 400 646 1163 1300 1211 435 129 1204 12 12 1256 669 595 310 1063 1256 1256 703 1123 1243 139 1188 483 344 203 680 616 968 413 1213 799 344 1011 725 1321 63 1362 1323 768 1179 927 985 1121 488 1179 802 769 874 1001 701 166 1251 1275 1258 400 769 1154 1163 129 1362 886 351 312 993 1407 275 1062 1409 275 731 344 210 1179 1193 1346 509 485 344 275 1163 726 1031 885 1188 1256 1184 676 400 885 173 479 985 483 341 174 1179 12 344 1030 174 734 680 1370 235 310 373 999 624 595 1089 1123 799 1142 461 778 646 485 258 474 857 769 1063 245 1416 660 12 566 505 1163 1163 408 885 799 566 477 646 520 139 488 63 12 545 1120 754
